set define off;
-- update sequences
DELETE FROM FF.SEQUENCE_BLOCK;
INSERT INTO FF.SEQUENCE_BLOCK (SEQ_NAM, NEXT_VALUE, BLOCK_SIZE, RESET_VALUE, MAX_VALUE, CREATED_ON, CREATED_BY, UPDATED_ON, UPDATED_BY, VERSION_NUMBER) values ( 'EXECUTION_SEQ', 10001, 100, 1, 9223372036854775807,sysdate,'anonymous',sysdate,'anonymous',1);
INSERT INTO FF.SEQUENCE_BLOCK (SEQ_NAM, NEXT_VALUE, BLOCK_SIZE, RESET_VALUE, MAX_VALUE, CREATED_ON, CREATED_BY, UPDATED_ON, UPDATED_BY, VERSION_NUMBER) values ( 'CONFIGURATION_SEQ', 10001, 100, 1, 9223372036854775807,sysdate,'anonymous',sysdate,'anonymous',1);
INSERT INTO FF.SEQUENCE_BLOCK (SEQ_NAM, NEXT_VALUE, BLOCK_SIZE, RESET_VALUE, MAX_VALUE, CREATED_ON, CREATED_BY, UPDATED_ON, UPDATED_BY, VERSION_NUMBER) values ( 'PLUGIN_SEQ', 10001, 1000, 1, 9223372036854775807,sysdate,'anonymous',sysdate,'anonymous',1);
INSERT INTO FF.SEQUENCE_BLOCK (SEQ_NAM, NEXT_VALUE, BLOCK_SIZE, RESET_VALUE, MAX_VALUE, CREATED_ON, CREATED_BY, UPDATED_ON, UPDATED_BY, VERSION_NUMBER) values ( 'AGENT_SEQ', 10001, 100, 1, 9223372036854775807,sysdate,'anonymous',sysdate,'anonymous',1);
INSERT INTO FF.SEQUENCE_BLOCK (SEQ_NAM, NEXT_VALUE, BLOCK_SIZE, RESET_VALUE, MAX_VALUE, CREATED_ON, CREATED_BY, UPDATED_ON, UPDATED_BY, VERSION_NUMBER) values ( 'WORKFLOW_VERSION_SEQ', 10001, 100, 1, 9223372036854775807,sysdate,'anonymous',sysdate,'anonymous',1);
INSERT INTO FF.SEQUENCE_BLOCK (SEQ_NAM, NEXT_VALUE, BLOCK_SIZE, RESET_VALUE, MAX_VALUE, CREATED_ON, CREATED_BY, UPDATED_ON, UPDATED_BY, VERSION_NUMBER) values ( 'WORKFLOW_EXEC_SEQ_NAME', 10001, 100, 1, 9223372036854775807,sysdate,'anonymous',sysdate,'anonymous',1);
INSERT INTO FF.SEQUENCE_BLOCK (SEQ_NAM, NEXT_VALUE, BLOCK_SIZE, RESET_VALUE, MAX_VALUE, CREATED_ON, CREATED_BY, UPDATED_ON, UPDATED_BY, VERSION_NUMBER) values ( 'PROJECT_CONFIGURATION_SEQ', 10001, 10000, 1, 9223372036854775807,sysdate,'anonymous',sysdate,'anonymous',1);
INSERT INTO FF.SEQUENCE_BLOCK (SEQ_NAM, NEXT_VALUE, BLOCK_SIZE, RESET_VALUE, MAX_VALUE, CREATED_ON, CREATED_BY, UPDATED_ON, UPDATED_BY, VERSION_NUMBER) values ( 'DB_PROPERTIES_SEQ', 10001, 100, 1, 9223372036854775807,sysdate,'anonymous',sysdate,'anonymous',1);
INSERT INTO FF.SEQUENCE_BLOCK (SEQ_NAM, NEXT_VALUE, BLOCK_SIZE, RESET_VALUE, MAX_VALUE, CREATED_ON, CREATED_BY, UPDATED_ON, UPDATED_BY, VERSION_NUMBER) values ( 'TEMPLATE_SEQ', 10001, 100, 1, 9223372036854775807,sysdate,'anonymous',sysdate,'anonymous',1);
INSERT INTO FF.SEQUENCE_BLOCK (SEQ_NAM, NEXT_VALUE, BLOCK_SIZE, RESET_VALUE, MAX_VALUE, CREATED_ON, CREATED_BY, UPDATED_ON, UPDATED_BY, VERSION_NUMBER) values ( 'PROJECTTESTTYPE_SEQ', 10001, 100, 1, 9223372036854775807,sysdate,'anonymous',sysdate,'anonymous',1);
INSERT INTO FF.SEQUENCE_BLOCK (SEQ_NAM, NEXT_VALUE, BLOCK_SIZE, RESET_VALUE, MAX_VALUE, CREATED_ON, CREATED_BY, UPDATED_ON, UPDATED_BY, VERSION_NUMBER) values ( 'PROJECT_STREAM_TEST_SEQ', 10001, 100, 1, 9223372036854775807,sysdate,'anonymous',sysdate,'anonymous',1);
INSERT INTO FF.SEQUENCE_BLOCK (SEQ_NAM, NEXT_VALUE, BLOCK_SIZE, RESET_VALUE, MAX_VALUE, CREATED_ON, CREATED_BY, UPDATED_ON, UPDATED_BY, VERSION_NUMBER) values ( 'TESTDEF_SEQ', 10001, 100, 1, 9223372036854775807,sysdate,'anonymous',sysdate,'anonymous',1);
INSERT INTO FF.SEQUENCE_BLOCK (SEQ_NAM, NEXT_VALUE, BLOCK_SIZE, RESET_VALUE, MAX_VALUE, CREATED_ON, CREATED_BY, UPDATED_ON, UPDATED_BY, VERSION_NUMBER) values ( 'TESTDEFINPUT_SEQ', 10001, 100, 1, 9223372036854775807,sysdate,'anonymous',sysdate,'anonymous',1);
INSERT INTO FF.SEQUENCE_BLOCK (SEQ_NAM, NEXT_VALUE, BLOCK_SIZE, RESET_VALUE, MAX_VALUE, CREATED_ON, CREATED_BY, UPDATED_ON, UPDATED_BY, VERSION_NUMBER) values ( 'TESTDEFQUALIF_SEQ', 10001, 100, 1, 9223372036854775807,sysdate,'anonymous',sysdate,'anonymous',1);
INSERT INTO FF.SEQUENCE_BLOCK (SEQ_NAM, NEXT_VALUE, BLOCK_SIZE, RESET_VALUE, MAX_VALUE, CREATED_ON, CREATED_BY, UPDATED_ON, UPDATED_BY, VERSION_NUMBER) values ( 'TESTRUN_SEQ', 10001, 100, 1, 9223372036854775807,sysdate,'anonymous',sysdate,'anonymous',1);
INSERT INTO FF.SEQUENCE_BLOCK (SEQ_NAM, NEXT_VALUE, BLOCK_SIZE, RESET_VALUE, MAX_VALUE, CREATED_ON, CREATED_BY, UPDATED_ON, UPDATED_BY, VERSION_NUMBER) values ( 'TESTDEFRUN_SEQ', 10001, 100, 1, 9223372036854775807,sysdate,'anonymous',sysdate,'anonymous',1);
INSERT INTO FF.SEQUENCE_BLOCK (SEQ_NAM, NEXT_VALUE, BLOCK_SIZE, RESET_VALUE, MAX_VALUE, CREATED_ON, CREATED_BY, UPDATED_ON, UPDATED_BY, VERSION_NUMBER) values ( 'TESTING_TOOL_SEQ', 10001, 100, 1, 9223372036854775807,sysdate,'anonymous',sysdate,'anonymous',1);
INSERT INTO FF.SEQUENCE_BLOCK (SEQ_NAM, NEXT_VALUE, BLOCK_SIZE, RESET_VALUE, MAX_VALUE, CREATED_ON, CREATED_BY, UPDATED_ON, UPDATED_BY, VERSION_NUMBER) values ( 'TESTQUALIF_SEQ', 10001, 100, 1, 9223372036854775807,sysdate,'anonymous',sysdate,'anonymous',1);
INSERT INTO FF.SEQUENCE_BLOCK (SEQ_NAM, NEXT_VALUE, BLOCK_SIZE, RESET_VALUE, MAX_VALUE, CREATED_ON, CREATED_BY, UPDATED_ON, UPDATED_BY, VERSION_NUMBER) values ( 'TESTSETRUN_SEQ', 10001, 100, 1, 9223372036854775807,sysdate,'anonymous',sysdate,'anonymous',1);
INSERT INTO FF.SEQUENCE_BLOCK (SEQ_NAM, NEXT_VALUE, BLOCK_SIZE, RESET_VALUE, MAX_VALUE, CREATED_ON, CREATED_BY, UPDATED_ON, UPDATED_BY, VERSION_NUMBER) values ( 'TEST_TYPE_SEQ', 10001, 100, 1, 9223372036854775807,sysdate,'anonymous',sysdate,'anonymous',1);
INSERT INTO FF.SEQUENCE_BLOCK (SEQ_NAM, NEXT_VALUE, BLOCK_SIZE, RESET_VALUE, MAX_VALUE, CREATED_ON, CREATED_BY, UPDATED_ON, UPDATED_BY, VERSION_NUMBER) values ( 'TESTRESULT_SEQ', 10001, 100, 1, 9223372036854775807,sysdate,'anonymous',sysdate,'anonymous',1);
INSERT INTO FF.SEQUENCE_BLOCK (SEQ_NAM, NEXT_VALUE, BLOCK_SIZE, RESET_VALUE, MAX_VALUE, CREATED_ON, CREATED_BY, UPDATED_ON, UPDATED_BY, VERSION_NUMBER) values ( 'TESTSET_SEQ', 10001, 100, 1, 9223372036854775807,sysdate,'anonymous',sysdate,'anonymous',1);
INSERT INTO FF.SEQUENCE_BLOCK (SEQ_NAM, NEXT_VALUE, BLOCK_SIZE, RESET_VALUE, MAX_VALUE, CREATED_ON, CREATED_BY, UPDATED_ON, UPDATED_BY, VERSION_NUMBER) values ( 'TESTSETQUALIF_SEQ', 10001, 100, 1, 9223372036854775807,sysdate,'anonymous',sysdate,'anonymous',1);
INSERT INTO FF.SEQUENCE_BLOCK (SEQ_NAM, NEXT_VALUE, BLOCK_SIZE, RESET_VALUE, MAX_VALUE, CREATED_ON, CREATED_BY, UPDATED_ON, UPDATED_BY, VERSION_NUMBER) values ( 'TESTSETQUALIFVALUE_SEQ', 10001, 100, 1, 9223372036854775807,sysdate,'anonymous',sysdate,'anonymous',1);
INSERT INTO FF.SEQUENCE_BLOCK (SEQ_NAM, NEXT_VALUE, BLOCK_SIZE, RESET_VALUE, MAX_VALUE, CREATED_ON, CREATED_BY, UPDATED_ON, UPDATED_BY, VERSION_NUMBER) values ( 'TESTDEFQUALIFVALUE_SEQ', 10001, 100, 1, 9223372036854775807,sysdate,'anonymous',sysdate,'anonymous',1);

-- root folder
INSERT INTO FD.FOLDER (FOLDER_ID, PARENT_FOLDER_ID, FOLDER_NAME, DESCRIPTION, IS_APPLICATION,IS_ACTIVE, CREATED_ON, CREATED_BY, UPDATED_ON, UPDATED_BY, VERSION_NUMBER) VALUES (99, null, 'FlexDeploy', 'Root Folder','N', 'Y', sysdate, 'anonymous', sysdate, 'anonymous', 1);

-- license community edition(Projects : 10, Endpoints : 10)
INSERT INTO FD.LICENSE_INFO(LICENSE_INFO_ID, LICENSE_KEY, CREATED_ON, CREATED_BY, UPDATED_ON, UPDATED_BY, VERSION_NUMBER) VALUES (1, '444YTdfPCG8ZDa6zEaYVYkEtH5QUrwsW+YQ+xD0FWqy7M=Ux/4eJ8KryjPMyKXs0SkbckLZOCrsGSMfWoBdQpYaq701L4/Okz1Zb+3DmlrNzsLVma5PWD1p4llW5UQ/LMPApRlOnI0sDAZJ2ZnmHLIU6x2M2cyYORSAVddRKU1TDLnlbzYIbZb/w1rpQ73nmm2HcVKNzaU7kL7XGZ+qW+1/1IEtVt1Izh/5aoENUum4DhP0OZDIWi8KAqwG4qx+5cwoIeucOx57FLcxOVhXCzfGAWWT2mTaIKN6BMUFr4aO6J7mkL2A7BBKVU/47pWHyK5ypEW1cuw9sZ6+yYjnmczNaMJuV9Dw8kPiSUl3POkOAGVn9HjtaWbrHvII+MO5y4QHrM4nXk+lWUl2fwSXqy6GnxDTKWjHs2n0FBFDqzesEGRF5J1fnsm31moT3ebujhr5jfOVyTDzvv3fV3Br2TopbgPnyxM50gMMsbNnw7PXsRx9UKMFpTLDsrCdB/bgXxlDtV7H/5lRuoHYvVNWHQD3cmE/sie7P2fu8wbtNWGwU4LgSp+UdFtCvmsxFqK5tSi8QoqxDSwikdcipdat0+GM06B0A3n/t65sX0fAc/u6zgeSQn/ftmeDcscDzPeIbSHiYXjkZKkW4n3mEWxkNszGz+NpTNVFFsE1wb/yXye1hlx', sysdate, 'anonymous', sysdate, 'anonymous', 1);

-- global permission for admin
INSERT INTO FD.FD_PERMISSION (PERMISSION_ID, OBJECT_TYPE, ACTION_TYPE, OBJECT_ID, CREATED_ON, CREATED_BY, UPDATED_ON, UPDATED_BY, VERSION_NUMBER) VALUES (0, '*', null, null, sysdate, 'anonymous', sysdate, 'anonymous', 1);

-- user attributes
-- INSERT INTO FD.FD_USER_ATTR_DEF (FD_USER_ATTR_DEF_ID, FD_USER_ATTR_GROUP, FD_USER_ATTR_NAME, UI_ATTR_NAME, UI_ATTR_HINT, FD_USER_ATTR_DATATYPE, FD_USER_ATTR_SUBTYPE, FD_USER_ATTR_VALIDATIONS, FD_USER_ATTR_VAL_ERR_MSG, DEFAULT_VALUE, IS_ENCRYPTED, IS_VISIBLE, IS_ACTIVE, CREATED_ON, CREATED_BY, UPDATED_ON, UPDATED_BY, VERSION_NUMBER) 
-- VALUES(1, 'EMAIL_COMMUNICATION', 'SUBMITTER_INITIATED',        'Notify on Request Creation', 'email subscription', 'Boolean', null, null, 'error message', 'true', 'N', 'Y', 'Y', sysdate, 'anonymous', sysdate, 'anonymous', 1);
INSERT INTO FD.FD_USER_ATTR_DEF (FD_USER_ATTR_DEF_ID, FD_USER_ATTR_GROUP, FD_USER_ATTR_NAME, UI_ATTR_NAME, UI_ATTR_HINT, FD_USER_ATTR_DATATYPE, FD_USER_ATTR_SUBTYPE, FD_USER_ATTR_VALIDATIONS, FD_USER_ATTR_VAL_ERR_MSG, DEFAULT_VALUE, IS_ENCRYPTED, IS_VISIBLE, IS_ACTIVE, CREATED_ON, CREATED_BY, UPDATED_ON, UPDATED_BY, VERSION_NUMBER) 
VALUES(2, 'EMAIL_COMMUNICATION', 'SUBMITTER_PENDING_APPROVAL', 'Notify on Approval Required', 'email subscription', 'Boolean', null, null, 'error message', 'true', 'N', 'Y', 'Y', sysdate, 'anonymous', sysdate, 'anonymous', 1);
INSERT INTO FD.FD_USER_ATTR_DEF (FD_USER_ATTR_DEF_ID, FD_USER_ATTR_GROUP, FD_USER_ATTR_NAME, UI_ATTR_NAME, UI_ATTR_HINT, FD_USER_ATTR_DATATYPE, FD_USER_ATTR_SUBTYPE, FD_USER_ATTR_VALIDATIONS, FD_USER_ATTR_VAL_ERR_MSG, DEFAULT_VALUE, IS_ENCRYPTED, IS_VISIBLE, IS_ACTIVE, CREATED_ON, CREATED_BY, UPDATED_ON, UPDATED_BY, VERSION_NUMBER) 
VALUES(3, 'EMAIL_COMMUNICATION', 'SUBMITTER_SCHEDULED',        'Notify on Request Scheduled', 'email subscription', 'Boolean', null, null, 'error message', 'true', 'N', 'Y', 'Y', sysdate, 'anonymous', sysdate, 'anonymous', 1);
INSERT INTO FD.FD_USER_ATTR_DEF (FD_USER_ATTR_DEF_ID, FD_USER_ATTR_GROUP, FD_USER_ATTR_NAME, UI_ATTR_NAME, UI_ATTR_HINT, FD_USER_ATTR_DATATYPE, FD_USER_ATTR_SUBTYPE, FD_USER_ATTR_VALIDATIONS, FD_USER_ATTR_VAL_ERR_MSG, DEFAULT_VALUE, IS_ENCRYPTED, IS_VISIBLE, IS_ACTIVE, CREATED_ON, CREATED_BY, UPDATED_ON, UPDATED_BY, VERSION_NUMBER) 
VALUES(4, 'EMAIL_COMMUNICATION', 'SUBMITTER_REJECTED',         'Notify on Request Rejected', 'email subscription', 'Boolean', null, null, 'error message', 'true', 'N', 'Y', 'Y', sysdate, 'anonymous', sysdate, 'anonymous', 1);
INSERT INTO FD.FD_USER_ATTR_DEF (FD_USER_ATTR_DEF_ID, FD_USER_ATTR_GROUP, FD_USER_ATTR_NAME, UI_ATTR_NAME, UI_ATTR_HINT, FD_USER_ATTR_DATATYPE, FD_USER_ATTR_SUBTYPE, FD_USER_ATTR_VALIDATIONS, FD_USER_ATTR_VAL_ERR_MSG, DEFAULT_VALUE, IS_ENCRYPTED, IS_VISIBLE, IS_ACTIVE, CREATED_ON, CREATED_BY, UPDATED_ON, UPDATED_BY, VERSION_NUMBER) 
VALUES(5, 'EMAIL_COMMUNICATION', 'SUBMITTER_READY',            'Notify on Request Deploying', 'email subscription', 'Boolean', null, null, 'error message', 'true', 'N', 'Y', 'Y', sysdate, 'anonymous', sysdate, 'anonymous', 1);
INSERT INTO FD.FD_USER_ATTR_DEF (FD_USER_ATTR_DEF_ID, FD_USER_ATTR_GROUP, FD_USER_ATTR_NAME, UI_ATTR_NAME, UI_ATTR_HINT, FD_USER_ATTR_DATATYPE, FD_USER_ATTR_SUBTYPE, FD_USER_ATTR_VALIDATIONS, FD_USER_ATTR_VAL_ERR_MSG, DEFAULT_VALUE, IS_ENCRYPTED, IS_VISIBLE, IS_ACTIVE, CREATED_ON, CREATED_BY, UPDATED_ON, UPDATED_BY, VERSION_NUMBER) 
VALUES(6, 'EMAIL_COMMUNICATION', 'SUBMITTER_COMPLETED',        'Notify on Request Completed', 'email subscription', 'Boolean', null, null, 'error message', 'true', 'N', 'Y', 'Y', sysdate, 'anonymous', sysdate, 'anonymous', 1);
INSERT INTO FD.FD_USER_ATTR_DEF (FD_USER_ATTR_DEF_ID, FD_USER_ATTR_GROUP, FD_USER_ATTR_NAME, UI_ATTR_NAME, UI_ATTR_HINT, FD_USER_ATTR_DATATYPE, FD_USER_ATTR_SUBTYPE, FD_USER_ATTR_VALIDATIONS, FD_USER_ATTR_VAL_ERR_MSG, DEFAULT_VALUE, IS_ENCRYPTED, IS_VISIBLE, IS_ACTIVE, CREATED_ON, CREATED_BY, UPDATED_ON, UPDATED_BY, VERSION_NUMBER) 
VALUES(7, 'EMAIL_COMMUNICATION', 'SUBMITTER_FAILED',           'Notify on Request Failed', 'email subscription', 'Boolean', null, null, 'error message', 'true', 'N', 'Y', 'Y', sysdate, 'anonymous', sysdate, 'anonymous', 1);

-- standard admin user
INSERT INTO FD.FD_USER (USER_ID, USER_NAME, PASSWORD, FIRST_NAME, LAST_NAME, EMAIL, IS_ACTIVE, CREATED_ON, CREATED_BY, UPDATED_ON, UPDATED_BY, VERSION_NUMBER, LOCAL_USER) VALUES (1, 'fdadmin', '$shiro1$SHA-256$500000$0Z3TaQR4zFcyIqM+jWNVZw==$6uJhu5zVTNv2im0eJJzSDUxs1FsOdhSB5w5SxWltO5o=', 'flexdeploy', 'admin', 'fdadmin@company.com', 'Y', sysdate, 'anonymous', sysdate, 'anonymous', 1, 'Y');
INSERT INTO FD.FD_GROUP (GROUP_ID, GROUP_NAME, DESCRIPTION, IS_ACTIVE, CREATED_ON, CREATED_BY, UPDATED_ON, UPDATED_BY, VERSION_NUMBER) VALUES (1, 'FD Administrators', 'Admin Users', 'Y', sysdate, 'anonymous', sysdate, 'anonymous', 1);
INSERT INTO FD.FD_USER_GROUP (USER_ID, GROUP_ID, CREATED_ON, CREATED_BY, UPDATED_ON, UPDATED_BY, VERSION_NUMBER) VALUES (1, 1, sysdate, 'anonymous', sysdate, 'anonymous', 1);
INSERT INTO FD.FD_GROUP_PERMISSION (GROUP_ID, PERMISSION_ID, CREATED_ON, CREATED_BY, UPDATED_ON, UPDATED_BY, VERSION_NUMBER) VALUES (1, 0, sysdate, 'anonymous', sysdate, 'anonymous', 1);

-- DB Properties
-- email settings
INSERT INTO FF.DB_PROPERTIES (DB_PROPERTIES_ID, DB_PROPERTIES_NAME, DB_PROPERTIES_KEY, DESCRIPTION, IS_ACTIVE, IS_ENCRYPTED, CREATED_ON, CREATED_BY, UPDATED_ON, UPDATED_BY, VERSION_NUMBER, SEQUENCE_NUMBER, IS_REQUIRED, DATA_TYPE) VALUES (1, 'EMAIL_COMMUNICATION', 'SMTP_HOST_NAME', 'Host name for the SMTP server', 'Y', 'N', sysdate, 'anonymous', sysdate, 'anonymous', 1, 1, 'Y', 'String');
INSERT INTO FF.DB_PROPERTIES (DB_PROPERTIES_ID, DB_PROPERTIES_NAME, DB_PROPERTIES_KEY, DESCRIPTION, IS_ACTIVE, IS_ENCRYPTED, CREATED_ON, CREATED_BY, UPDATED_ON, UPDATED_BY, VERSION_NUMBER, SEQUENCE_NUMBER, IS_REQUIRED, DATA_TYPE) VALUES (2, 'EMAIL_COMMUNICATION', 'SMTP_HOST_PORT', 'Port number for the SMTP server', 'Y', 'N', sysdate, 'anonymous', sysdate, 'anonymous', 1, 2, 'Y', 'Integer');
INSERT INTO FF.DB_PROPERTIES (DB_PROPERTIES_ID, DB_PROPERTIES_NAME, DB_PROPERTIES_KEY, DESCRIPTION, IS_ACTIVE, IS_ENCRYPTED, CREATED_ON, CREATED_BY, UPDATED_ON, UPDATED_BY, VERSION_NUMBER, SEQUENCE_NUMBER, IS_REQUIRED, DATA_TYPE) VALUES (3, 'EMAIL_COMMUNICATION', 'SMTP_USER', 'Authentication user', 'Y', 'N', sysdate, 'anonymous', sysdate, 'anonymous', 1, 3, 'N', 'String');
INSERT INTO FF.DB_PROPERTIES (DB_PROPERTIES_ID, DB_PROPERTIES_NAME, DB_PROPERTIES_KEY, DESCRIPTION, IS_ACTIVE, IS_ENCRYPTED, CREATED_ON, CREATED_BY, UPDATED_ON, UPDATED_BY, VERSION_NUMBER, SEQUENCE_NUMBER, IS_REQUIRED, DATA_TYPE) VALUES (4, 'EMAIL_COMMUNICATION', 'SMTP_PASSWORD', 'Authenication password', 'Y', 'Y', sysdate, 'anonymous', sysdate, 'anonymous', 1, 4, 'N', 'String');
INSERT INTO FF.DB_PROPERTIES (DB_PROPERTIES_ID, DB_PROPERTIES_NAME, DB_PROPERTIES_KEY, DESCRIPTION, IS_ACTIVE, IS_ENCRYPTED, CREATED_ON, CREATED_BY, UPDATED_ON, UPDATED_BY, VERSION_NUMBER, SEQUENCE_NUMBER, IS_REQUIRED, DATA_TYPE) VALUES (5, 'EMAIL_COMMUNICATION', 'SMTP_FROM_ADDRESS', 'Return address for the email', 'Y', 'N', sysdate, 'anonymous', sysdate, 'anonymous', 1, 5, 'Y', 'String');
INSERT INTO FF.DB_PROPERTIES (DB_PROPERTIES_ID, DB_PROPERTIES_NAME, DB_PROPERTIES_KEY, DESCRIPTION, IS_ACTIVE, IS_ENCRYPTED, CREATED_ON, CREATED_BY, UPDATED_ON, UPDATED_BY, VERSION_NUMBER, SEQUENCE_NUMBER, IS_REQUIRED, DATA_TYPE) VALUES (6, 'EMAIL_COMMUNICATION', 'SMTP_ENABLE_TLS', 'Enable transport layer (TLS)', 'Y', 'N', sysdate, 'anonymous', sysdate, 'anonymous', 1, 6, 'Y', 'Boolean');
-- email settings data
INSERT INTO FF.DB_PROPERTIES_DATA (DB_PROPERTIES_DATA_ID, DB_PROPERTIES_ID, SEQUENCE_NUMBER, DB_PROPERTIES_VALUE, IS_ACTIVE, CREATED_ON, CREATED_BY, UPDATED_ON, UPDATED_BY, VERSION_NUMBER) VALUES (101, 1, 0, 'mail.domain.com', 'Y', sysdate, 'anonymous', sysdate, 'anonymous', 1);
INSERT INTO FF.DB_PROPERTIES_DATA (DB_PROPERTIES_DATA_ID, DB_PROPERTIES_ID, SEQUENCE_NUMBER, DB_PROPERTIES_VALUE, IS_ACTIVE, CREATED_ON, CREATED_BY, UPDATED_ON, UPDATED_BY, VERSION_NUMBER) VALUES (102, 2, 0, '25', 'Y', sysdate, 'anonymous', sysdate, 'anonymous', 1);
--INSERT INTO FF.DB_PROPERTIES_DATA (DB_PROPERTIES_DATA_ID, DB_PROPERTIES_ID, SEQUENCE_NUMBER, DB_PROPERTIES_VALUE, IS_ACTIVE, CREATED_ON, CREATED_BY, UPDATED_ON, UPDATED_BY, VERSION_NUMBER) VALUES (103, 3, 0, 'someone@domain.com', 'Y', sysdate, 'anonymous', sysdate, 'anonymous', 1);
--INSERT INTO FF.DB_PROPERTIES_DATA (DB_PROPERTIES_DATA_ID, DB_PROPERTIES_ID, SEQUENCE_NUMBER, DB_PROPERTIES_VALUE, IS_ACTIVE, CREATED_ON, CREATED_BY, UPDATED_ON, UPDATED_BY, VERSION_NUMBER) VALUES (104, 4, 0, 'welcome1', 'Y', sysdate, 'anonymous', sysdate, 'anonymous', 1);
INSERT INTO FF.DB_PROPERTIES_DATA (DB_PROPERTIES_DATA_ID, DB_PROPERTIES_ID, SEQUENCE_NUMBER, DB_PROPERTIES_VALUE, IS_ACTIVE, CREATED_ON, CREATED_BY, UPDATED_ON, UPDATED_BY, VERSION_NUMBER) VALUES (105, 5, 0, 'noreply@domain.com', 'Y', sysdate, 'anonymous', sysdate, 'anonymous', 1);
INSERT INTO FF.DB_PROPERTIES_DATA (DB_PROPERTIES_DATA_ID, DB_PROPERTIES_ID, SEQUENCE_NUMBER, DB_PROPERTIES_VALUE, IS_ACTIVE, CREATED_ON, CREATED_BY, UPDATED_ON, UPDATED_BY, VERSION_NUMBER) VALUES (106, 6, 0, 'true', 'Y', sysdate, 'anonymous', sysdate, 'anonymous', 1);

-- general settings
INSERT INTO FF.DB_PROPERTIES (DB_PROPERTIES_ID, DB_PROPERTIES_NAME, DB_PROPERTIES_KEY, DESCRIPTION, IS_ACTIVE, IS_ENCRYPTED, CREATED_ON, CREATED_BY, UPDATED_ON, UPDATED_BY, VERSION_NUMBER, SEQUENCE_NUMBER, IS_REQUIRED, DATA_TYPE) VALUES (11, 'FD_GENERAL_SETTINGS', 'FD_SERVER_BASE_URL', 'FlexDeploy server base http url', 'Y', 'N', sysdate, 'anonymous', sysdate, 'anonymous', 1, 1, 'Y', 'String');
INSERT INTO FF.DB_PROPERTIES (DB_PROPERTIES_ID, DB_PROPERTIES_NAME, DB_PROPERTIES_KEY, DESCRIPTION, IS_ACTIVE, IS_ENCRYPTED, CREATED_ON, CREATED_BY, UPDATED_ON, UPDATED_BY, VERSION_NUMBER, SEQUENCE_NUMBER, IS_REQUIRED, DATA_TYPE) VALUES (12, 'FD_GENERAL_SETTINGS', 'FD_NEW_USER_ROLE', 'FlexDeploy new user default role', 'Y', 'N', sysdate, 'anonymous', sysdate, 'anonymous', 1, 1, 'N', 'String');
INSERT INTO FF.DB_PROPERTIES (DB_PROPERTIES_ID, DB_PROPERTIES_NAME, DB_PROPERTIES_KEY, DESCRIPTION, IS_ACTIVE, IS_ENCRYPTED, CREATED_ON, CREATED_BY, UPDATED_ON, UPDATED_BY, VERSION_NUMBER, SEQUENCE_NUMBER, IS_REQUIRED, DATA_TYPE) VALUES (13, 'FD_GENERAL_SETTINGS', 'SCM_QUIET_TIME', 'Continuous integration quiet time(secs) before build', 'Y', 'N', sysdate, 'anonymous', sysdate, 'anonymous', 1, 1, 'Y', 'Integer');
-- general settings data
INSERT INTO FF.DB_PROPERTIES_DATA (DB_PROPERTIES_DATA_ID, DB_PROPERTIES_ID, SEQUENCE_NUMBER, DB_PROPERTIES_VALUE, IS_ACTIVE, CREATED_ON, CREATED_BY, UPDATED_ON, UPDATED_BY, VERSION_NUMBER) VALUES (111, 11, 0, 'http://fdserver:9080', 'Y', sysdate, 'anonymous', sysdate, 'anonymous', 1);
INSERT INTO FF.DB_PROPERTIES_DATA (DB_PROPERTIES_DATA_ID, DB_PROPERTIES_ID, SEQUENCE_NUMBER, DB_PROPERTIES_VALUE, IS_ACTIVE, CREATED_ON, CREATED_BY, UPDATED_ON, UPDATED_BY, VERSION_NUMBER) VALUES (113, 13, 0, '30', 'Y', sysdate, 'anonymous', sysdate, 'anonymous', 1);
-- if no value, should not insert a row here
--INSERT INTO FF.DB_PROPERTIES_DATA (DB_PROPERTIES_DATA_ID, DB_PROPERTIES_ID, SEQUENCE_NUMBER, DB_PROPERTIES_VALUE, IS_ACTIVE, CREATED_ON, CREATED_BY, UPDATED_ON, UPDATED_BY, VERSION_NUMBER) VALUES (112, 12, 0, '', 'Y', sysdate, 'anonymous', sysdate, 'anonymous', 1);

-- executions settings
INSERT INTO FF.DB_PROPERTIES (DB_PROPERTIES_ID, DB_PROPERTIES_NAME, DB_PROPERTIES_KEY, DESCRIPTION, IS_ACTIVE, IS_ENCRYPTED, CREATED_ON, CREATED_BY, UPDATED_ON, UPDATED_BY, VERSION_NUMBER, SEQUENCE_NUMBER, IS_REQUIRED, DATA_TYPE, MIN_VALUE, MAX_VALUE) VALUES (21, 'FD_EXECUTION_SETTINGS', 'PLUGIN_EXECUTION_THREADS', 'Threadpool size for plugin executions', 'Y', 'N', sysdate, 'anonymous', sysdate, 'anonymous', 1, 2, 'Y', 'Integer', 5, 250);
INSERT INTO FF.DB_PROPERTIES (DB_PROPERTIES_ID, DB_PROPERTIES_NAME, DB_PROPERTIES_KEY, DESCRIPTION, IS_ACTIVE, IS_ENCRYPTED, CREATED_ON, CREATED_BY, UPDATED_ON, UPDATED_BY, VERSION_NUMBER, SEQUENCE_NUMBER, IS_REQUIRED, DATA_TYPE, MIN_VALUE, MAX_VALUE) VALUES (22, 'FD_EXECUTION_SETTINGS', 'WORKFLOW_EXECUTION_THREADS', 'Threadpool size for workflow executions', 'Y', 'N', sysdate, 'anonymous', sysdate, 'anonymous', 1, 1, 'Y', 'Integer', 5, 250);
INSERT INTO FF.DB_PROPERTIES (DB_PROPERTIES_ID, DB_PROPERTIES_NAME, DB_PROPERTIES_KEY, DESCRIPTION, IS_ACTIVE, IS_ENCRYPTED, CREATED_ON, CREATED_BY, UPDATED_ON, UPDATED_BY, VERSION_NUMBER, SEQUENCE_NUMBER, IS_REQUIRED, DATA_TYPE, MIN_VALUE, MAX_VALUE) VALUES (23, 'FD_EXECUTION_SETTINGS', 'CONTINUOUS_INTEGRATION_THREADS', 'Threadpool size for continuous integration', 'Y', 'N', sysdate, 'anonymous', sysdate, 'anonymous', 1, 3, 'Y', 'Integer', 3, 50);
-- execution settings data
INSERT INTO FF.DB_PROPERTIES_DATA (DB_PROPERTIES_DATA_ID, DB_PROPERTIES_ID, SEQUENCE_NUMBER, DB_PROPERTIES_VALUE, IS_ACTIVE, CREATED_ON, CREATED_BY, UPDATED_ON, UPDATED_BY, VERSION_NUMBER) VALUES (121, 21, 0, '20', 'Y', sysdate, 'anonymous', sysdate, 'anonymous', 1);
INSERT INTO FF.DB_PROPERTIES_DATA (DB_PROPERTIES_DATA_ID, DB_PROPERTIES_ID, SEQUENCE_NUMBER, DB_PROPERTIES_VALUE, IS_ACTIVE, CREATED_ON, CREATED_BY, UPDATED_ON, UPDATED_BY, VERSION_NUMBER) VALUES (122, 22, 0, '20', 'Y', sysdate, 'anonymous', sysdate, 'anonymous', 1);
INSERT INTO FF.DB_PROPERTIES_DATA (DB_PROPERTIES_DATA_ID, DB_PROPERTIES_ID, SEQUENCE_NUMBER, DB_PROPERTIES_VALUE, IS_ACTIVE, CREATED_ON, CREATED_BY, UPDATED_ON, UPDATED_BY, VERSION_NUMBER) VALUES (123, 23, 0, '5', 'Y', sysdate, 'anonymous', sysdate, 'anonymous', 1);
-- Endpoint Defaults
INSERT INTO FF.DB_PROPERTIES (DB_PROPERTIES_ID, DB_PROPERTIES_NAME, DB_PROPERTIES_KEY, DESCRIPTION, IS_ACTIVE, IS_ENCRYPTED, CREATED_ON, CREATED_BY, UPDATED_ON, UPDATED_BY, VERSION_NUMBER, SEQUENCE_NUMBER, IS_REQUIRED, DATA_TYPE) VALUES (201, 'EndPointDefaults', 'SCRIPT', 'Endpoint defaults', 'Y', 'N', sysdate, 'anonymous', sysdate, 'anonymous', 1, 1, 'Y', 'String');
INSERT INTO FF.DB_PROPERTIES_DATA (DB_PROPERTIES_DATA_ID, DB_PROPERTIES_ID, SEQUENCE_NUMBER, DB_PROPERTIES_VALUE, IS_ACTIVE, CREATED_ON, CREATED_BY, UPDATED_ON, UPDATED_BY, VERSION_NUMBER) VALUES (201, 201, 0, 'EndpointPort="22";' || chr(10) ||
'UserName="fduser";' || chr(10) ||
'ConnectionType="SSH";' || chr(10) ||
'OsType="UNIX";' || chr(10) ||
'BaseDirectory="/var/flexdeploy";', 'Y', sysdate, 'anonymous', sysdate, 'anonymous', 1);



-- Project SVN Configuration defaults
INSERT INTO FF.DB_PROPERTIES (DB_PROPERTIES_ID, DB_PROPERTIES_NAME, DB_PROPERTIES_KEY, DESCRIPTION, IS_ACTIVE, IS_ENCRYPTED, CREATED_ON, CREATED_BY, UPDATED_ON, UPDATED_BY, VERSION_NUMBER, SEQUENCE_NUMBER, IS_REQUIRED, DATA_TYPE) VALUES (301, 'ProjectSVNSetupDefaults', 'SCRIPT', 'Project SVN Setup defaults', 'Y', 'N', sysdate, 'anonymous', sysdate, 'anonymous', 1, 1, 'Y', 'String');
INSERT INTO FF.DB_PROPERTIES_DATA (DB_PROPERTIES_DATA_ID, DB_PROPERTIES_ID, SEQUENCE_NUMBER, DB_PROPERTIES_VALUE, IS_ACTIVE, CREATED_ON, CREATED_BY, UPDATED_ON, UPDATED_BY, VERSION_NUMBER) VALUES (301, 301, 0, 'TrunkScript="\"/\" + ProjectName + \"/trunk\"";' || chr(10) ||
'BranchScript="\"/\" + ProjectName + \"/branches/\" + StreamName";' || chr(10) ||
'TagScript="\"/\" + ProjectName + \"/tags/\" + ProjectVersion";' || chr(10) ||
'CheckoutFolderScript="ProjectName";', 'Y', sysdate, 'anonymous', sysdate, 'anonymous', 1);

--Project TFVC Configuration defaults
INSERT INTO FF.DB_PROPERTIES (DB_PROPERTIES_ID, DB_PROPERTIES_NAME, DB_PROPERTIES_KEY, DESCRIPTION, IS_ACTIVE, IS_ENCRYPTED, CREATED_ON, CREATED_BY, UPDATED_ON, UPDATED_BY, VERSION_NUMBER, SEQUENCE_NUMBER, IS_REQUIRED, DATA_TYPE) VALUES (901, 'ProjectTFVCSetupDefaults', 'SCRIPT', 'Project TFVC Setup defaults', 'Y', 'N', sysdate, 'anonymous', sysdate, 'anonymous', 1, 1, 'Y', 'String');
INSERT INTO FF.DB_PROPERTIES_DATA (DB_PROPERTIES_DATA_ID, DB_PROPERTIES_ID, SEQUENCE_NUMBER, DB_PROPERTIES_VALUE, IS_ACTIVE, CREATED_ON, CREATED_BY, UPDATED_ON, UPDATED_BY, VERSION_NUMBER) VALUES (901, 901, 0, 'MainScript="\"\\\$/\" + ProjectName + \"/main\"";' || chr(10) ||
'BranchScript="\"\\\$/\" + ProjectName + \"/\" + StreamAttribute1";' || chr(10) ||
'LabelNameScript="ProjectName + ProjectVersion";' || chr(10) ||
'GetFolderScript="ProjectName";', 'Y', sysdate, 'anonymous', sysdate, 'anonymous', 1);

--Project CVS Configuration defaults
INSERT INTO FF.DB_PROPERTIES (DB_PROPERTIES_ID, DB_PROPERTIES_NAME, DB_PROPERTIES_KEY, DESCRIPTION, IS_ACTIVE, IS_ENCRYPTED, CREATED_ON, CREATED_BY, UPDATED_ON, UPDATED_BY, VERSION_NUMBER, SEQUENCE_NUMBER, IS_REQUIRED, DATA_TYPE) VALUES (1001, 'ProjectCVSSetupDefaults', 'SCRIPT', 'Project CVS Setup defaults', 'Y', 'N', sysdate, 'anonymous', sysdate, 'anonymous', 1, 1, 'Y', 'String');
INSERT INTO FF.DB_PROPERTIES_DATA (DB_PROPERTIES_DATA_ID, DB_PROPERTIES_ID, SEQUENCE_NUMBER, DB_PROPERTIES_VALUE, IS_ACTIVE, CREATED_ON, CREATED_BY, UPDATED_ON, UPDATED_BY, VERSION_NUMBER) VALUES (1001, 1001, 0, 'ModuleNamesScript="ProjectName";' || chr(10) ||
'BranchNameScript="StreamName";' || chr(10) ||
'TagScript="\"R\" + ProjectVersion.replace(\".\",\"_\")";' || chr(10) ||
'CheckoutFolderScript="";', 'Y', sysdate, 'anonymous', sysdate, 'anonymous', 1);

-- Project Defaults
INSERT INTO FF.DB_PROPERTIES (DB_PROPERTIES_ID, DB_PROPERTIES_NAME, DB_PROPERTIES_KEY, DESCRIPTION, IS_ACTIVE, IS_ENCRYPTED, CREATED_ON, CREATED_BY, UPDATED_ON, UPDATED_BY, VERSION_NUMBER, SEQUENCE_NUMBER, IS_REQUIRED, DATA_TYPE) VALUES (401, 'ProjectDefaults', 'SCRIPT', 'Project defaults', 'Y', 'N', sysdate, 'anonymous', sysdate, 'anonymous', 1, 1, 'Y', 'String');
INSERT INTO FF.DB_PROPERTIES_DATA (DB_PROPERTIES_DATA_ID, DB_PROPERTIES_ID, SEQUENCE_NUMBER, DB_PROPERTIES_VALUE, IS_ACTIVE, CREATED_ON, CREATED_BY, UPDATED_ON, UPDATED_BY, VERSION_NUMBER) VALUES (401, 401, 0, 'SCMType="SVN";' || chr(10) ||
'MainStreamName="trunk";' || chr(10) ||
'VersionSyntax="\"1.0.\" + SequenceNumber";', 'Y', sysdate, 'anonymous', sysdate, 'anonymous', 1);

-- internals (Install process should create this, if not present)
--INSERT INTO FF.DB_PROPERTIES (DB_PROPERTIES_ID, DB_PROPERTIES_NAME, DB_PROPERTIES_KEY, DESCRIPTION, IS_ACTIVE, IS_ENCRYPTED, CREATED_ON, CREATED_BY, UPDATED_ON, UPDATED_BY, VERSION_NUMBER, SEQUENCE_NUMBER, IS_REQUIRED, DATA_TYPE) VALUES (501, 'FD_INTERNALS', 'FD_KEY', 'FlexDeploy server internal key', 'Y', 'N', sysdate, 'anonymous', sysdate, 'anonymous', 1, 1, 'Y', 'String');
--INSERT INTO FF.DB_PROPERTIES (DB_PROPERTIES_ID, DB_PROPERTIES_NAME, DB_PROPERTIES_KEY, DESCRIPTION, IS_ACTIVE, IS_ENCRYPTED, CREATED_ON, CREATED_BY, UPDATED_ON, UPDATED_BY, VERSION_NUMBER, SEQUENCE_NUMBER, IS_REQUIRED, DATA_TYPE) VALUES (502, 'FD_INTERNALS', 'FD_CUSTOMER_KEY', 'FlexDeploy server internal key', 'Y', 'N', sysdate, 'anonymous', sysdate, 'anonymous', 1, 1, 'Y', 'String');
-- internals data (Install process should create this, if not present)
--INSERT INTO FF.DB_PROPERTIES_DATA (DB_PROPERTIES_DATA_ID, DB_PROPERTIES_ID, SEQUENCE_NUMBER, DB_PROPERTIES_VALUE, IS_ACTIVE, CREATED_ON, CREATED_BY, UPDATED_ON, UPDATED_BY, VERSION_NUMBER) VALUES (501, 501, 0, 'flexdeploy', 'Y', sysdate, 'anonymous', sysdate, 'anonymous', 1);
--INSERT INTO FF.DB_PROPERTIES_DATA (DB_PROPERTIES_DATA_ID, DB_PROPERTIES_ID, SEQUENCE_NUMBER, DB_PROPERTIES_VALUE, IS_ACTIVE, CREATED_ON, CREATED_BY, UPDATED_ON, UPDATED_BY, VERSION_NUMBER) VALUES (502, 502, 0, 'aaaa-bbbb-02-25-2015', 'Y', sysdate, 'anonymous', sysdate, 'anonymous', 1);

-- Purge Defaults
INSERT INTO FF.DB_PROPERTIES (DB_PROPERTIES_ID, DB_PROPERTIES_NAME, DB_PROPERTIES_KEY, DESCRIPTION, IS_ACTIVE, IS_ENCRYPTED, CREATED_ON, CREATED_BY, UPDATED_ON, UPDATED_BY, VERSION_NUMBER, SEQUENCE_NUMBER, IS_REQUIRED, DATA_TYPE) VALUES (601, 'PURGE', 'RETENTION_DAYS', 'Number of days to keep execution data in operational tables', 'Y', 'N', sysdate, 'anonymous', sysdate, 'anonymous', 1, 2, 'Y', 'Integer');
INSERT INTO FF.DB_PROPERTIES (DB_PROPERTIES_ID, DB_PROPERTIES_NAME, DB_PROPERTIES_KEY, DESCRIPTION, IS_ACTIVE, IS_ENCRYPTED, CREATED_ON, CREATED_BY, UPDATED_ON, UPDATED_BY, VERSION_NUMBER, SEQUENCE_NUMBER, IS_REQUIRED, DATA_TYPE) VALUES (602, 'PURGE', 'RETENTION_DAYS_OPERATIONAL', 'Number of days to keep artifacts in the file system', 'Y', 'N', sysdate, 'anonymous', sysdate, 'anonymous', 1, 3, 'Y', 'Integer');
INSERT INTO FF.DB_PROPERTIES (DB_PROPERTIES_ID, DB_PROPERTIES_NAME, DB_PROPERTIES_KEY, DESCRIPTION, IS_ACTIVE, IS_ENCRYPTED, CREATED_ON, CREATED_BY, UPDATED_ON, UPDATED_BY, VERSION_NUMBER, SEQUENCE_NUMBER, IS_REQUIRED, DATA_TYPE) VALUES (603, 'PURGE', 'KEEP_COUNT', 'Number of project versions to keep for each environment/instance combination regardless of RETENTION_DAYS', 'Y', 'N', sysdate, 'anonymous', sysdate, 'anonymous', 1, 4, 'Y', 'Integer');
INSERT INTO FF.DB_PROPERTIES (DB_PROPERTIES_ID, DB_PROPERTIES_NAME, DB_PROPERTIES_KEY, DESCRIPTION, IS_ACTIVE, IS_ENCRYPTED, CREATED_ON, CREATED_BY, UPDATED_ON, UPDATED_BY, VERSION_NUMBER, SEQUENCE_NUMBER, IS_REQUIRED, DATA_TYPE) VALUES (604, 'PURGE', 'KEEP_SUCCESS', 'Number of successful project version builds to keep globally regardless of RETENTION_DAYS', 'Y', 'N', sysdate, 'anonymous', sysdate, 'anonymous', 1, 5, 'Y', 'Integer');
INSERT INTO FF.DB_PROPERTIES (DB_PROPERTIES_ID, DB_PROPERTIES_NAME, DB_PROPERTIES_KEY, DESCRIPTION, IS_ACTIVE, IS_ENCRYPTED, CREATED_ON, CREATED_BY, UPDATED_ON, UPDATED_BY, VERSION_NUMBER, SEQUENCE_NUMBER, IS_REQUIRED, DATA_TYPE) VALUES (605, 'PURGE', 'KEEP_FAILED', 'Number of failed project version builds to keep globally regardless of RETENTION_DAYS', 'Y', 'N', sysdate, 'anonymous', sysdate, 'anonymous', 1, 6, 'Y', 'Integer');
INSERT INTO FF.DB_PROPERTIES (DB_PROPERTIES_ID, DB_PROPERTIES_NAME, DB_PROPERTIES_KEY, DESCRIPTION, IS_ACTIVE, IS_ENCRYPTED, CREATED_ON, CREATED_BY, UPDATED_ON, UPDATED_BY, VERSION_NUMBER, SEQUENCE_NUMBER, IS_REQUIRED, DATA_TYPE) VALUES (606, 'PURGE', 'ARCHIVE_RETENTION_DAYS', 'Number of days to keep execution data in the archive tables', 'Y', 'N', sysdate, 'anonymous', sysdate, 'anonymous', 1, 7, 'Y', 'Integer');
INSERT INTO FF.DB_PROPERTIES (DB_PROPERTIES_ID, DB_PROPERTIES_NAME, DB_PROPERTIES_KEY, DESCRIPTION, IS_ACTIVE, IS_ENCRYPTED, CREATED_ON, CREATED_BY, UPDATED_ON, UPDATED_BY, VERSION_NUMBER, SEQUENCE_NUMBER, IS_REQUIRED, DATA_TYPE) VALUES (607, 'PURGE', 'PURGE_ENABLED', 'Indicates whether purge process is enabled', 'Y', 'N', sysdate, 'anonymous', sysdate, 'anonymous', 1, 1, 'Y', 'Boolean');
INSERT INTO FF.DB_PROPERTIES_DATA (DB_PROPERTIES_DATA_ID, DB_PROPERTIES_ID, SEQUENCE_NUMBER, DB_PROPERTIES_VALUE, IS_ACTIVE, CREATED_ON, CREATED_BY, UPDATED_ON, UPDATED_BY, VERSION_NUMBER) VALUES (601, 601, 0, '365', 'Y', sysdate, 'anonymous', sysdate, 'anonymous', 1);
INSERT INTO FF.DB_PROPERTIES_DATA (DB_PROPERTIES_DATA_ID, DB_PROPERTIES_ID, SEQUENCE_NUMBER, DB_PROPERTIES_VALUE, IS_ACTIVE, CREATED_ON, CREATED_BY, UPDATED_ON, UPDATED_BY, VERSION_NUMBER) VALUES (602, 602, 0, '365', 'Y', sysdate, 'anonymous', sysdate, 'anonymous', 1);
INSERT INTO FF.DB_PROPERTIES_DATA (DB_PROPERTIES_DATA_ID, DB_PROPERTIES_ID, SEQUENCE_NUMBER, DB_PROPERTIES_VALUE, IS_ACTIVE, CREATED_ON, CREATED_BY, UPDATED_ON, UPDATED_BY, VERSION_NUMBER) VALUES (603, 603, 0, '2', 'Y', sysdate, 'anonymous', sysdate, 'anonymous', 1);
INSERT INTO FF.DB_PROPERTIES_DATA (DB_PROPERTIES_DATA_ID, DB_PROPERTIES_ID, SEQUENCE_NUMBER, DB_PROPERTIES_VALUE, IS_ACTIVE, CREATED_ON, CREATED_BY, UPDATED_ON, UPDATED_BY, VERSION_NUMBER) VALUES (604, 604, 0, '2', 'Y', sysdate, 'anonymous', sysdate, 'anonymous', 1);
INSERT INTO FF.DB_PROPERTIES_DATA (DB_PROPERTIES_DATA_ID, DB_PROPERTIES_ID, SEQUENCE_NUMBER, DB_PROPERTIES_VALUE, IS_ACTIVE, CREATED_ON, CREATED_BY, UPDATED_ON, UPDATED_BY, VERSION_NUMBER) VALUES (605, 605, 0, '1', 'Y', sysdate, 'anonymous', sysdate, 'anonymous', 1);
INSERT INTO FF.DB_PROPERTIES_DATA (DB_PROPERTIES_DATA_ID, DB_PROPERTIES_ID, SEQUENCE_NUMBER, DB_PROPERTIES_VALUE, IS_ACTIVE, CREATED_ON, CREATED_BY, UPDATED_ON, UPDATED_BY, VERSION_NUMBER) VALUES (606, 606, 0, '730', 'Y', sysdate, 'anonymous', sysdate, 'anonymous', 1);
INSERT INTO FF.DB_PROPERTIES_DATA (DB_PROPERTIES_DATA_ID, DB_PROPERTIES_ID, SEQUENCE_NUMBER, DB_PROPERTIES_VALUE, IS_ACTIVE, CREATED_ON, CREATED_BY, UPDATED_ON, UPDATED_BY, VERSION_NUMBER) VALUES (607, 607, 0, 'false', 'Y', sysdate, 'anonymous', sysdate, 'anonymous', 1);


-- Project GIT Configuration defaults
INSERT INTO FF.DB_PROPERTIES (DB_PROPERTIES_ID, DB_PROPERTIES_NAME, DB_PROPERTIES_KEY, DESCRIPTION, IS_ACTIVE, IS_ENCRYPTED, CREATED_ON, CREATED_BY, UPDATED_ON, UPDATED_BY, VERSION_NUMBER, SEQUENCE_NUMBER, IS_REQUIRED, DATA_TYPE) VALUES (701, 'ProjectGITSetupDefaults', 'SCRIPT', 'Project GIT Setup defaults', 'Y', 'N', sysdate, 'anonymous', sysdate, 'anonymous', 1, 1, 'Y', 'String');
INSERT INTO FF.DB_PROPERTIES_DATA (DB_PROPERTIES_DATA_ID, DB_PROPERTIES_ID, SEQUENCE_NUMBER, DB_PROPERTIES_VALUE, IS_ACTIVE, CREATED_ON, CREATED_BY, UPDATED_ON, UPDATED_BY, VERSION_NUMBER) VALUES (701, 701, 0, 'BranchScript="StreamName";' || chr(10) ||
'TagScript="ProjectVersion";' || chr(10) ||
'CheckoutFolderScript="ProjectName";', 'Y', sysdate, 'anonymous', sysdate, 'anonymous', 1);

-- EBS Match Script
INSERT INTO FF.DB_PROPERTIES (DB_PROPERTIES_ID, DB_PROPERTIES_NAME, DB_PROPERTIES_KEY, DESCRIPTION, IS_ACTIVE, IS_ENCRYPTED, CREATED_ON, CREATED_BY, UPDATED_ON, UPDATED_BY, VERSION_NUMBER, SEQUENCE_NUMBER, IS_REQUIRED, DATA_TYPE) VALUES (801, 'EBS_ObjectMatchScript', 'SCRIPT', 'Object Type match script for EBS Projects.', 'Y', 'N', sysdate, 'anonymous', sysdate, 'anonymous', 1, 1, 'Y', 'String');

BEGIN
Insert into FF.DB_PROPERTIES_DATA (DB_PROPERTIES_DATA_ID,DB_PROPERTIES_ID,SEQUENCE_NUMBER,DB_PROPERTIES_VALUE,DESCRIPTION,IS_ACTIVE,CREATED_ON,CREATED_BY,UPDATED_ON,UPDATED_BY,VERSION_NUMBER) values (801,801,0,'if (!binding.variables.containsKey("FDEBS_APPLICATION_SHORT_NAME")){
    throw new Exception(''Applicaiton Short Name not found. Please Configure FDEBS_APPLICATION_SHORT_NAME property'');
}
if ((FDEBS_APPLICATION_SHORT_NAME == null || FDEBS_APPLICATION_SHORT_NAME == '''') ' || '&&' || ' (FILE_PATH_PREFIX == null || FILE_PATH_PREFIX == '''' || FILE_PATH_PREFIX == ''/'')) {
    throw new Exception(''Applicaiton Short Name not found. Please Configure FDEBS_APPLICATION_SHORT_NAME property'')
}
EXT=FILE_EXTENSION.toUpperCase(); 
SQL_EXT=Arrays.asList(FDC.SQL_EXTS.split()); 
PUB_EXT=Arrays.asList(FDC.PUB_EXTS.split()); 
JAVA_EXT=Arrays.asList(FDC.JAVA_EXTS.split()); 
MEDIA_EXT=Arrays.asList(FDC.MEDIA_EXTS.split()); 
HTML_EXT=Arrays.asList(FDC.HTML_EXTS.split()); 
CP_SQL_DIR=FDEBS_CP_SQL_ROOT_SOURCE_DIR != null ? FDEBS_CP_SQL_ROOT_SOURCE_DIR : EBSC.FDEBS_CP_SQL_ROOT_SOURCE_DIR_DEFAULT; 
PUB_DIR=FDEBS_PUBLISHER_ROOT_SOURCE_DIR != null ? FDEBS_PUBLISHER_ROOT_SOURCE_DIR : EBSC.FDEBS_PUBLISHER_ROOT_SOURCE_DIR_DEFAULT; 
JAVA_SP_DIR=FDEBS_LOAD_JAVA_ROOT_SOURCE_DIR != null ? FDEBS_LOAD_JAVA_ROOT_SOURCE_DIR : EBSC.FDEBS_LOAD_JAVA_ROOT_SOURCE_DIR_DEFAULT; 
SCRIPT_DIR=FDEBS_SCRIPTS_ROOT_SOURCE_DIR != null ? FDEBS_SCRIPTS_ROOT_SOURCE_DIR : EBSC.FDEBS_SCRIPTS_ROOT_SOURCE_DIR_DEFAULT; 
FILE_CONTENT_NEEDED=Boolean.FALSE;
if  (((''webui''.equals(FILE_NAME) || ''server''.equals(FILE_NAME)) ' || '&&' || '   EXT.equals(''XML'')) ||  EXT.equals(''XCFG'')) 
{ 
	return FDC.OBJ_TYPE_IGNORE; 
} 
else if  (EXT.equals(''LDT'')) 
{ 
	FILE_CONTENT_NEEDED = Boolean.TRUE; 
	return FDC.OBJ_TYPE_AOL; 
} 
else if ((EXT.equals(''FMB'') || EXT.equals(''FMX''))) 
{ 
	return FDC.OBJ_TYPE_FORM; 
} 
else if ((EXT.equals(''PLL'') || EXT.equals(''PLX''))) 
{ 
	return FDC.OBJ_TYPE_LIBRARY; 
} 
else if (EXT.equals(''RDF'')) 
{ 
	return FDC.OBJ_TYPE_REPORT; 
} 
else if  (EXT.equals(''XDF'')) 
{ 
	FILE_CONTENT_NEEDED = Boolean.TRUE; 
	return FDC.OBJ_TYPE_XDF; 
} 
else if (FILE_PATH_PREFIX.contains(CP_SQL_DIR) 		 
			 ' || '&&' || '  	EXT.equals(''SQL'')) 
{ 
	return FDC.OBJ_TYPE_CP_SQL; 
} 
else if (SQL_EXT.contains(EXT)) 
{ 
	return FDC.OBJ_TYPE_SQL; 
} 
else if (EXT.equals(''PDF'') || EXT.equals(''RTF'') || EXT.equals(''XSD'') || ((FILE_PATH_PREFIX.contains(PUB_DIR) || (PARENT_FOLDER != null && PARENT_FOLDER.contains(PUB_DIR)))		 
		' || '&&' || ' PUB_EXT.contains(EXT))) 
{ 
	return FDC.OBJ_TYPE_PUBLISHER; 
} 
else if (EXT.equals(''XML'')  ' || '&&' || '  FILE_PATH_PREFIX.contains(''/webui'')) 
{ 
	return FDC.OBJ_TYPE_OAF_MDS; 
} 
else if (EXT.equals(''JPX'')) 
{ 
	return FDC.OBJ_TYPE_OAF_MDS; 
} 
else if (FILE_PATH_PREFIX.contains(JAVA_SP_DIR) 		 
			 ' || '&&' || '  	JAVA_EXT.contains(EXT)) 
{ 
	return FDC.OBJ_TYPE_JAVA_SP; 
} 
else if (JAVA_EXT.contains(EXT) || EXT.equals(''XML'')) 
{ 
	return FDC.OBJ_TYPE_JAVA; 
} 
else if (EXT.equals(''WFD'') || EXT.equals(''WFT'')) 
{ 
	return FDC.OBJ_TYPE_WORKFLOW_DEF; 
} 
else if (EXT.equals(''WFX'')) 
{ 
	return FDC.OBJ_TYPE_WORKFLOW_XML; 
} 
else if (HTML_EXT.contains(EXT)) 
{ 
	return FDC.OBJ_TYPE_HTML; 
} 
else if (EXT.equals(''TTF'')) 
{ 
	return FDC.OBJ_TYPE_FONT; 
} 
else if (EXT.equals(''SH'') || EXT.equals(''PL'')  || 	 
		(EXT.equals('''')  ' || '&&' || '  FILE_PATH_PREFIX.contains(SCRIPT_DIR))) 
{ 
	return FDC.OBJ_TYPE_SCRIPT; 
} 
else if (EXT.equals(''PM'')) 
{ 
	return FDC.OBJ_TYPE_PM; 
} 
else if (EXT.equals(''JLT'')) 
{ 
	return FDC.OBJ_TYPE_JLT; 
} 
else if (EXT.equals(''PROG'')) 
{ 
	return FDC.OBJ_TYPE_PROG; 
} 
else if (EXT.equals(''DAT'') || EXT.equals(''CTL'')) 
{ 
	return FDC.OBJ_TYPE_SQL_LDR; 
} 
else if (MEDIA_EXT.contains(EXT)) 
{ 
	return FDC.OBJ_TYPE_MEDIA; 
} 
else 
{ 
	return FDC.OBJ_TYPE_OTHER; 
}',null,'Y',sysdate,'SYSTEM',sysdate,'SYSTEM',1);
END;
/

-- SCM instances reserve= PROPERTY_SET_ID's 101 -> 1000 in blocks of 100 (could change to 50 later if needed)
-- SubVersion Property Set for SVN INSTANCES (this would be associated with SVN SCM Instance)
Insert into FD.PROPERTY_SET (PROPERTY_SET_ID,PROPERTY_SET_NAME,OWNER_TYPE,OWNER_ID,IS_ACTIVE,CREATED_ON,CREATED_BY,UPDATED_ON,UPDATED_BY,VERSION_NUMBER) values (101,'SVN_DEFAULT_PS','INTERNAL',1,'Y',sysdate, 'anonymous', sysdate, 'anonymous',1);

Insert into FD.PROPERTY_KEY_DEFINITION (PROPERTY_DEFINITION_ID,PROPERTY_KEY_NAME,PROPERTY_SCOPE,DESCRIPTION,PROPERTY_KEY_DATATYPE,PROPERTY_KEY_SUB_DATATYPE,IS_REQUIRED,IS_ENCRYPTED,IS_ACTIVE,CREATED_ON,CREATED_BY,UPDATED_ON,UPDATED_BY,VERSION_NUMBER,MIN_VALUE,MAX_VALUE,LIST_DATA,DISPLAY_ROWS,DISPLAY_COLUMNS,VALIDATOR1,VALIDATOR2,VALIDATOR3,VALIDATOR4,VALIDATOR5, IS_CUSTOM) values (101,'FDSVN_URL','INST','URL to the SVN repository.','String','URL','Y','N','Y',sysdate, 'anonymous', sysdate, 'anonymous',1,null,null,null,null,null,null,null,null,null,null,'N');
Insert into FD.PROPERTY_KEY_DEFINITION (PROPERTY_DEFINITION_ID,PROPERTY_KEY_NAME,PROPERTY_SCOPE,DESCRIPTION,PROPERTY_KEY_DATATYPE,PROPERTY_KEY_SUB_DATATYPE,IS_REQUIRED,IS_ENCRYPTED,IS_ACTIVE,CREATED_ON,CREATED_BY,UPDATED_ON,UPDATED_BY,VERSION_NUMBER,MIN_VALUE,MAX_VALUE,LIST_DATA,DISPLAY_ROWS,DISPLAY_COLUMNS,VALIDATOR1,VALIDATOR2,VALIDATOR3,VALIDATOR4,VALIDATOR5, IS_CUSTOM) values (102,'FDSVN_USER','INST','SVN User to connect with.','String',null,'Y','N','Y',sysdate, 'anonymous', sysdate, 'anonymous',1,null,null,null,null,null,null,null,null,null,null,'N');
Insert into FD.PROPERTY_KEY_DEFINITION (PROPERTY_DEFINITION_ID,PROPERTY_KEY_NAME,PROPERTY_SCOPE,DESCRIPTION,PROPERTY_KEY_DATATYPE,PROPERTY_KEY_SUB_DATATYPE,IS_REQUIRED,IS_ENCRYPTED,IS_ACTIVE,CREATED_ON,CREATED_BY,UPDATED_ON,UPDATED_BY,VERSION_NUMBER,MIN_VALUE,MAX_VALUE,LIST_DATA,DISPLAY_ROWS,DISPLAY_COLUMNS,VALIDATOR1,VALIDATOR2,VALIDATOR3,VALIDATOR4,VALIDATOR5, IS_CUSTOM) values (103,'FDSVN_PASSWORD','INST','SVN Password associated with FDSVN_USER.','String',null,'Y','Y','Y',sysdate, 'anonymous', sysdate, 'anonymous',1,null,null,null,null,null,null,null,null,null,null,'N');
--Insert into FD.PROPERTY_KEY_DEFINITION (PROPERTY_DEFINITION_ID,PROPERTY_KEY_NAME,PROPERTY_SCOPE,DESCRIPTION,PROPERTY_KEY_DATATYPE,PROPERTY_KEY_SUB_DATATYPE,IS_REQUIRED,IS_ENCRYPTED,IS_ACTIVE,CREATED_ON,CREATED_BY,UPDATED_ON,UPDATED_BY,VERSION_NUMBER,MIN_VALUE,MAX_VALUE,LIST_DATA,DISPLAY_ROWS,DISPLAY_COLUMNS,VALIDATOR1,VALIDATOR2,VALIDATOR3,VALIDATOR4,VALIDATOR5, IS_CUSTOM) values (104,'FDSVN_CMD_PATH','INST','Path to SVN executable.','String',null,'Y','N','Y',sysdate, 'anonymous', sysdate, 'anonymous',1,null,null,null,null,null,null,null,null,null,null,'N');
Insert into FD.PROPERTY_KEY_DEFINITION (PROPERTY_DEFINITION_ID,PROPERTY_KEY_NAME,PROPERTY_SCOPE,DESCRIPTION,PROPERTY_KEY_DATATYPE,PROPERTY_KEY_SUB_DATATYPE,IS_REQUIRED,IS_ENCRYPTED,IS_ACTIVE,CREATED_ON,CREATED_BY,UPDATED_ON,UPDATED_BY,VERSION_NUMBER,MIN_VALUE,MAX_VALUE,LIST_DATA,DISPLAY_ROWS,DISPLAY_COLUMNS,VALIDATOR1,VALIDATOR2,VALIDATOR3,VALIDATOR4,VALIDATOR5, IS_CUSTOM) values (105,'FDSVN_AUTH_METHODS','INST','One or more SVN authentication methods. For example, Basic,Digest,Negotiate,NTLM(Optional).','String',null,'N','N','Y',sysdate, 'anonymous', sysdate, 'anonymous',1,null,null,null,null,null,null,null,null,null,null,'N');

Insert into FD.PROPERTY_SET_KEY_DEF (PROPERTY_SET_ID,PROPERTY_DEFINITION_ID,CREATED_ON,CREATED_BY,UPDATED_ON,UPDATED_BY,VERSION_NUMBER) values (101,101,sysdate, 'anonymous', sysdate, 'anonymous', 1);
Insert into FD.PROPERTY_SET_KEY_DEF (PROPERTY_SET_ID,PROPERTY_DEFINITION_ID,CREATED_ON,CREATED_BY,UPDATED_ON,UPDATED_BY,VERSION_NUMBER) values (101,102,sysdate, 'anonymous', sysdate, 'anonymous', 1);
Insert into FD.PROPERTY_SET_KEY_DEF (PROPERTY_SET_ID,PROPERTY_DEFINITION_ID,CREATED_ON,CREATED_BY,UPDATED_ON,UPDATED_BY,VERSION_NUMBER) values (101,103,sysdate, 'anonymous', sysdate, 'anonymous', 1);
--Insert into FD.PROPERTY_SET_KEY_DEF (PROPERTY_SET_ID,PROPERTY_DEFINITION_ID,CREATED_ON,CREATED_BY,UPDATED_ON,UPDATED_BY,VERSION_NUMBER) values (101,104,sysdate, 'anonymous', sysdate, 'anonymous', 1);
Insert into FD.PROPERTY_SET_KEY_DEF (PROPERTY_SET_ID,PROPERTY_DEFINITION_ID,CREATED_ON,CREATED_BY,UPDATED_ON,UPDATED_BY,VERSION_NUMBER) values (101,105,sysdate, 'anonymous', sysdate, 'anonymous', 1);

--TFVC property set
Insert into FD.PROPERTY_SET (PROPERTY_SET_ID,PROPERTY_SET_NAME,OWNER_TYPE,OWNER_ID,IS_ACTIVE,CREATED_ON,CREATED_BY,UPDATED_ON,UPDATED_BY,VERSION_NUMBER) values (301,'TFVC_DEFAULT_PS','INTERNAL',1,'Y',sysdate, 'anonymous', sysdate, 'anonymous',1);

Insert into FD.PROPERTY_KEY_DEFINITION (PROPERTY_DEFINITION_ID,PROPERTY_KEY_NAME,PROPERTY_SCOPE,DESCRIPTION,PROPERTY_KEY_DATATYPE,PROPERTY_KEY_SUB_DATATYPE,IS_REQUIRED,IS_ENCRYPTED,IS_ACTIVE,CREATED_ON,CREATED_BY,UPDATED_ON,UPDATED_BY,VERSION_NUMBER,MIN_VALUE,MAX_VALUE,LIST_DATA,DISPLAY_ROWS,DISPLAY_COLUMNS,VALIDATOR1,VALIDATOR2,VALIDATOR3,VALIDATOR4,VALIDATOR5, IS_CUSTOM) values (301,'FDTFVC_URL','INST','URL to the TFVC repository.','String','URL','Y','N','Y',sysdate, 'anonymous', sysdate, 'anonymous',1,null,null,null,null,null,null,null,null,null,null,'N');
Insert into FD.PROPERTY_KEY_DEFINITION (PROPERTY_DEFINITION_ID,PROPERTY_KEY_NAME,PROPERTY_SCOPE,DESCRIPTION,PROPERTY_KEY_DATATYPE,PROPERTY_KEY_SUB_DATATYPE,IS_REQUIRED,IS_ENCRYPTED,IS_ACTIVE,CREATED_ON,CREATED_BY,UPDATED_ON,UPDATED_BY,VERSION_NUMBER,MIN_VALUE,MAX_VALUE,LIST_DATA,DISPLAY_ROWS,DISPLAY_COLUMNS,VALIDATOR1,VALIDATOR2,VALIDATOR3,VALIDATOR4,VALIDATOR5, IS_CUSTOM) values (302,'FDTFVC_USER','INST','TFVC User to connect with.','String',null,'Y','N','Y',sysdate, 'anonymous', sysdate, 'anonymous',1,null,null,null,null,null,null,null,null,null,null,'N');
Insert into FD.PROPERTY_KEY_DEFINITION (PROPERTY_DEFINITION_ID,PROPERTY_KEY_NAME,PROPERTY_SCOPE,DESCRIPTION,PROPERTY_KEY_DATATYPE,PROPERTY_KEY_SUB_DATATYPE,IS_REQUIRED,IS_ENCRYPTED,IS_ACTIVE,CREATED_ON,CREATED_BY,UPDATED_ON,UPDATED_BY,VERSION_NUMBER,MIN_VALUE,MAX_VALUE,LIST_DATA,DISPLAY_ROWS,DISPLAY_COLUMNS,VALIDATOR1,VALIDATOR2,VALIDATOR3,VALIDATOR4,VALIDATOR5, IS_CUSTOM) values (303,'FDTFVC_PASSWORD','INST','TFVC Password associated with FDTFVC_USER.','String',null,'Y','Y','Y',sysdate, 'anonymous', sysdate, 'anonymous',1,null,null,null,null,null,null,null,null,null,null,'N');

Insert into FD.PROPERTY_SET_KEY_DEF (PROPERTY_SET_ID,PROPERTY_DEFINITION_ID,CREATED_ON,CREATED_BY,UPDATED_ON,UPDATED_BY,VERSION_NUMBER) values (301,301,sysdate, 'anonymous', sysdate, 'anonymous', 1);
Insert into FD.PROPERTY_SET_KEY_DEF (PROPERTY_SET_ID,PROPERTY_DEFINITION_ID,CREATED_ON,CREATED_BY,UPDATED_ON,UPDATED_BY,VERSION_NUMBER) values (301,302,sysdate, 'anonymous', sysdate, 'anonymous', 1);
Insert into FD.PROPERTY_SET_KEY_DEF (PROPERTY_SET_ID,PROPERTY_DEFINITION_ID,CREATED_ON,CREATED_BY,UPDATED_ON,UPDATED_BY,VERSION_NUMBER) values (301,303,sysdate, 'anonymous', sysdate, 'anonymous', 1);


--CVS property set
Insert into FD.PROPERTY_SET (PROPERTY_SET_ID,PROPERTY_SET_NAME,OWNER_TYPE,OWNER_ID,IS_ACTIVE,CREATED_ON,CREATED_BY,UPDATED_ON,UPDATED_BY,VERSION_NUMBER) values (401,'CVS_DEFAULT_PS','INTERNAL',1,'Y',sysdate, 'anonymous', sysdate, 'anonymous',1);

Insert into FD.PROPERTY_KEY_DEFINITION (PROPERTY_DEFINITION_ID,PROPERTY_KEY_NAME,PROPERTY_SCOPE,DESCRIPTION,PROPERTY_KEY_DATATYPE,PROPERTY_KEY_SUB_DATATYPE,IS_REQUIRED,IS_ENCRYPTED,IS_ACTIVE,CREATED_ON,CREATED_BY,UPDATED_ON,UPDATED_BY,VERSION_NUMBER,MIN_VALUE,MAX_VALUE,LIST_DATA,DISPLAY_ROWS,DISPLAY_COLUMNS,VALIDATOR1,VALIDATOR2,VALIDATOR3,VALIDATOR4,VALIDATOR5, IS_CUSTOM) values (401,'FDCVS_URL','INST','URL to the CVS repository.','String','URL','Y','N','Y',sysdate, 'anonymous', sysdate, 'anonymous',1,null,null,null,null,null,null,null,null,null,null,'N');
Insert into FD.PROPERTY_KEY_DEFINITION (PROPERTY_DEFINITION_ID,PROPERTY_KEY_NAME,PROPERTY_SCOPE,DESCRIPTION,PROPERTY_KEY_DATATYPE,PROPERTY_KEY_SUB_DATATYPE,IS_REQUIRED,IS_ENCRYPTED,IS_ACTIVE,CREATED_ON,CREATED_BY,UPDATED_ON,UPDATED_BY,VERSION_NUMBER,MIN_VALUE,MAX_VALUE,LIST_DATA,DISPLAY_ROWS,DISPLAY_COLUMNS,VALIDATOR1,VALIDATOR2,VALIDATOR3,VALIDATOR4,VALIDATOR5, IS_CUSTOM) values (402,'FDCVS_USER','INST','CVS User to connect with.','String',null,'Y','N','Y',sysdate, 'anonymous', sysdate, 'anonymous',1,null,null,null,null,null,null,null,null,null,null,'N');
Insert into FD.PROPERTY_KEY_DEFINITION (PROPERTY_DEFINITION_ID,PROPERTY_KEY_NAME,PROPERTY_SCOPE,DESCRIPTION,PROPERTY_KEY_DATATYPE,PROPERTY_KEY_SUB_DATATYPE,IS_REQUIRED,IS_ENCRYPTED,IS_ACTIVE,CREATED_ON,CREATED_BY,UPDATED_ON,UPDATED_BY,VERSION_NUMBER,MIN_VALUE,MAX_VALUE,LIST_DATA,DISPLAY_ROWS,DISPLAY_COLUMNS,VALIDATOR1,VALIDATOR2,VALIDATOR3,VALIDATOR4,VALIDATOR5, IS_CUSTOM) values (403,'FDCVS_PASSWORD','INST','CVS Password associated with FDCVS_USER.','String',null,'Y','Y','Y',sysdate, 'anonymous', sysdate, 'anonymous',1,null,null,null,null,null,null,null,null,null,null,'N');

Insert into FD.PROPERTY_SET_KEY_DEF (PROPERTY_SET_ID,PROPERTY_DEFINITION_ID,CREATED_ON,CREATED_BY,UPDATED_ON,UPDATED_BY,VERSION_NUMBER) values (401,401,sysdate, 'anonymous', sysdate, 'anonymous', 1);
Insert into FD.PROPERTY_SET_KEY_DEF (PROPERTY_SET_ID,PROPERTY_DEFINITION_ID,CREATED_ON,CREATED_BY,UPDATED_ON,UPDATED_BY,VERSION_NUMBER) values (401,402,sysdate, 'anonymous', sysdate, 'anonymous', 1);
Insert into FD.PROPERTY_SET_KEY_DEF (PROPERTY_SET_ID,PROPERTY_DEFINITION_ID,CREATED_ON,CREATED_BY,UPDATED_ON,UPDATED_BY,VERSION_NUMBER) values (401,403,sysdate, 'anonymous', sysdate, 'anonymous', 1);

-- Git property set
Insert into FD.PROPERTY_SET (PROPERTY_SET_ID,PROPERTY_SET_NAME,OWNER_TYPE,OWNER_ID,IS_ACTIVE,CREATED_ON,CREATED_BY,UPDATED_ON,UPDATED_BY,VERSION_NUMBER) values (201,'GIT_DEFAULT_PS','INTERNAL',1,'Y',sysdate, 'anonymous', sysdate, 'anonymous',1);

Insert into FD.PROPERTY_KEY_DEFINITION (PROPERTY_DEFINITION_ID,PROPERTY_KEY_NAME,PROPERTY_SCOPE,DESCRIPTION,PROPERTY_KEY_DATATYPE,PROPERTY_KEY_SUB_DATATYPE,IS_REQUIRED,IS_ENCRYPTED,IS_ACTIVE,CREATED_ON,CREATED_BY,UPDATED_ON,UPDATED_BY,VERSION_NUMBER,MIN_VALUE,MAX_VALUE,LIST_DATA,DISPLAY_ROWS,DISPLAY_COLUMNS,VALIDATOR1,VALIDATOR2,VALIDATOR3,VALIDATOR4,VALIDATOR5, IS_CUSTOM) values (201,'FDGIT_URL','INST','URL to the GIT repository.','String','URL','Y','N','Y',sysdate, 'anonymous', sysdate, 'anonymous',1,null,null,null,null,null,null,null,null,null,null,'N');
Insert into FD.PROPERTY_KEY_DEFINITION (PROPERTY_DEFINITION_ID,PROPERTY_KEY_NAME,PROPERTY_SCOPE,DESCRIPTION,PROPERTY_KEY_DATATYPE,PROPERTY_KEY_SUB_DATATYPE,IS_REQUIRED,IS_ENCRYPTED,IS_ACTIVE,CREATED_ON,CREATED_BY,UPDATED_ON,UPDATED_BY,VERSION_NUMBER,MIN_VALUE,MAX_VALUE,LIST_DATA,DISPLAY_ROWS,DISPLAY_COLUMNS,VALIDATOR1,VALIDATOR2,VALIDATOR3,VALIDATOR4,VALIDATOR5, IS_CUSTOM) values (202,'FDGIT_USER','INST','GIT User to connect with.','String',null,'Y','N','Y',sysdate, 'anonymous', sysdate, 'anonymous',1,null,null,null,null,null,null,null,null,null,null,'N');
Insert into FD.PROPERTY_KEY_DEFINITION (PROPERTY_DEFINITION_ID,PROPERTY_KEY_NAME,PROPERTY_SCOPE,DESCRIPTION,PROPERTY_KEY_DATATYPE,PROPERTY_KEY_SUB_DATATYPE,IS_REQUIRED,IS_ENCRYPTED,IS_ACTIVE,CREATED_ON,CREATED_BY,UPDATED_ON,UPDATED_BY,VERSION_NUMBER,MIN_VALUE,MAX_VALUE,LIST_DATA,DISPLAY_ROWS,DISPLAY_COLUMNS,VALIDATOR1,VALIDATOR2,VALIDATOR3,VALIDATOR4,VALIDATOR5, IS_CUSTOM) values (203,'FDGIT_PASSWORD','INST','GIT Password associated with FDGIT_USER.','String',null,'Y','Y','Y',sysdate, 'anonymous', sysdate, 'anonymous',1,null,null,null,null,null,null,null,null,null,null,'N');
--Insert into FD.PROPERTY_KEY_DEFINITION (PROPERTY_DEFINITION_ID,PROPERTY_KEY_NAME,PROPERTY_SCOPE,DESCRIPTION,PROPERTY_KEY_DATATYPE,PROPERTY_KEY_SUB_DATATYPE,IS_REQUIRED,IS_ENCRYPTED,IS_ACTIVE,CREATED_ON,CREATED_BY,UPDATED_ON,UPDATED_BY,VERSION_NUMBER,MIN_VALUE,MAX_VALUE,LIST_DATA,DISPLAY_ROWS,DISPLAY_COLUMNS,VALIDATOR1,VALIDATOR2,VALIDATOR3,VALIDATOR4,VALIDATOR5, IS_CUSTOM) values (204,'FDGIT_CMD_PATH','INST','Path to GIT executable.','String',null,'Y','N','Y',sysdate, 'anonymous', sysdate, 'anonymous',1,null,null,null,null,null,null,null,null,null,null,'N');
Insert into FD.PROPERTY_KEY_DEFINITION (PROPERTY_DEFINITION_ID,PROPERTY_KEY_NAME,PROPERTY_SCOPE,DESCRIPTION,PROPERTY_KEY_DATATYPE,PROPERTY_KEY_SUB_DATATYPE,IS_REQUIRED,IS_ENCRYPTED,IS_ACTIVE,CREATED_ON,CREATED_BY,UPDATED_ON,UPDATED_BY,VERSION_NUMBER,MIN_VALUE,MAX_VALUE,LIST_DATA,DISPLAY_ROWS,DISPLAY_COLUMNS,VALIDATOR1,VALIDATOR2,VALIDATOR3,VALIDATOR4,VALIDATOR5, IS_CUSTOM) values (205,'FDGIT_TIMEOUT','INST','Timeout (milliseconds) for GIT command execution.','Integer',null,'N','N','Y',sysdate, 'anonymous', sysdate, 'anonymous',1,5000,null,null,null,null,null,null,null,null,null,'N');

Insert into FD.PROPERTY_SET_KEY_DEF (PROPERTY_SET_ID,PROPERTY_DEFINITION_ID,CREATED_ON,CREATED_BY,UPDATED_ON,UPDATED_BY,VERSION_NUMBER) values (201,201,sysdate, 'anonymous', sysdate, 'anonymous', 1);
Insert into FD.PROPERTY_SET_KEY_DEF (PROPERTY_SET_ID,PROPERTY_DEFINITION_ID,CREATED_ON,CREATED_BY,UPDATED_ON,UPDATED_BY,VERSION_NUMBER) values (201,202,sysdate, 'anonymous', sysdate, 'anonymous', 1);
Insert into FD.PROPERTY_SET_KEY_DEF (PROPERTY_SET_ID,PROPERTY_DEFINITION_ID,CREATED_ON,CREATED_BY,UPDATED_ON,UPDATED_BY,VERSION_NUMBER) values (201,203,sysdate, 'anonymous', sysdate, 'anonymous', 1);
--Insert into FD.PROPERTY_SET_KEY_DEF (PROPERTY_SET_ID,PROPERTY_DEFINITION_ID,CREATED_ON,CREATED_BY,UPDATED_ON,UPDATED_BY,VERSION_NUMBER) values (201,204,sysdate, 'anonymous', sysdate, 'anonymous', 1);
Insert into FD.PROPERTY_SET_KEY_DEF (PROPERTY_SET_ID,PROPERTY_DEFINITION_ID,CREATED_ON,CREATED_BY,UPDATED_ON,UPDATED_BY,VERSION_NUMBER) values (201,205,sysdate, 'anonymous', sysdate, 'anonymous', 1);

--TEST_TOOLs reserve properties 1001-2001 in blocks of 20
--SoapIU
INSERT
INTO FD.PROPERTY_SET
  (
    PROPERTY_SET_ID,
    PROPERTY_SET_NAME,
    OWNER_TYPE,
    OWNER_ID,
    IS_ACTIVE,
    CREATED_ON,
    CREATED_BY,
    UPDATED_ON,
    UPDATED_BY,
    VERSION_NUMBER
  )
  VALUES
  (
    1001,
    'SOAPUI_TESTING_PS',
    'TESTING_TOOL',
    3,
    'Y',
    sysdate,
    USER,
    sysdate,
    USER,
    1
  );
INSERT
INTO FD.PROPERTY_KEY_DEFINITION
  (
    PROPERTY_DEFINITION_ID,
    PROPERTY_KEY_NAME,
    PROPERTY_SCOPE,
    DESCRIPTION,
    PROPERTY_KEY_DATATYPE,
    PROPERTY_KEY_SUB_DATATYPE,
    IS_REQUIRED,
    IS_ENCRYPTED,
    IS_ACTIVE,
    CREATED_ON,
    CREATED_BY,
    UPDATED_ON,
    UPDATED_BY,
    VERSION_NUMBER,
    IS_CUSTOM
  )
  VALUES
  (
    1001,
    'FDSUI_SOAPUI_PATH_TO_TESTRUNNER_FILE',
    'INST',
    'Absolute path to the Testrunner script (.sh or .bat) for SoapUI testing.',
    'String',
    NULL,
    'Y',
    'N',
    'Y',
    sysdate,
    USER,
    sysdate,
    USER,
    1,
    'N'
  );
INSERT
INTO FD.PROPERTY_SET_KEY_DEF
  (
    PROPERTY_SET_ID,
    PROPERTY_DEFINITION_ID,
    CREATED_ON,
    CREATED_BY,
    UPDATED_ON,
    UPDATED_BY,
    VERSION_NUMBER
  )
  VALUES
  (
    1001,
    1001,
    sysdate,
    USER,
    sysdate,
    USER,
    1
  );
--OATS
INSERT
INTO FD.PROPERTY_SET
  (
    PROPERTY_SET_ID,
    PROPERTY_SET_NAME,
    OWNER_TYPE,
    OWNER_ID,
    IS_ACTIVE,
    CREATED_ON,
    CREATED_BY,
    UPDATED_ON,
    UPDATED_BY,
    VERSION_NUMBER
  )
  VALUES
  (
    1021,
    'OATS_TESTING_PS',
    'TESTING_TOOL',
    4,
    'Y',
    sysdate,
    USER,
    sysdate,
    USER,
    1
  );
INSERT
INTO FD.PROPERTY_KEY_DEFINITION
  (
    PROPERTY_DEFINITION_ID,
    PROPERTY_KEY_NAME,
    PROPERTY_SCOPE,
    DESCRIPTION,
    PROPERTY_KEY_DATATYPE,
    PROPERTY_KEY_SUB_DATATYPE,
    IS_REQUIRED,
    IS_ENCRYPTED,
    IS_ACTIVE,
    CREATED_ON,
    CREATED_BY,
    UPDATED_ON,
    UPDATED_BY,
    VERSION_NUMBER,
    IS_CUSTOM
  )
  VALUES
  (
    1021,
    'FDOAT_RUN_SCRIPT',
    'INST',
    'Oracle Application Test Suite run script file name (.sh or .bat) with full Path.',
    'String',
    NULL,
    'Y',
    'N',
    'Y',
    sysdate,
    USER,
    sysdate,
    USER,
    1,
    'N'
  );
INSERT
INTO FD.PROPERTY_SET_KEY_DEF
  (
    PROPERTY_SET_ID,
    PROPERTY_DEFINITION_ID,
    CREATED_ON,
    CREATED_BY,
    UPDATED_ON,
    UPDATED_BY,
    VERSION_NUMBER
  )
  VALUES
  (
    1021,
    1021,
    sysdate,
    USER,
    sysdate,
    USER,
    1
  );

-- JIRA Issue Tracking details
insert into FD.property_set
 (property_set_id, property_set_name, owner_type, owner_id, is_Active, created_on, created_by, updated_on, updated_by, version_number)
values
 (501, 'JIRA_ITS_PS', 'ITS', 1, 'Y', sysdate, 'fdadmin', sysdate, 'fdadmin', 1);



insert into FD.PROPERTY_KEY_DEFINITION
  (property_definition_id, property_key_name, property_scope, Description, property_key_datatype, property_key_sub_datatype, is_required, is_encrypted, is_active, created_on, created_by, updated_on, updated_by, version_number, is_custom)
values
 (1501, 'JIRA_URL', 'INST', 'Jira URL (http://myjira.atlassian.net)', 'String', 'URL', 'Y', 'N', 'Y', sysdate, 'fdadmin', sysdate, 'fdadmin', 1, 'N');


insert into FD.property_set_key_def
  (property_set_id, property_definition_id, created_on, created_by, updated_on, updated_by, version_number)
values
 (501, 1501, sysdate, 'fdadmin', sysdate, 'fdadmin', 1);


insert into FD.PROPERTY_KEY_DEFINITION
  (property_definition_id, property_key_name, property_scope, Description, property_key_datatype, property_key_sub_datatype, is_required, is_encrypted, is_active, created_on, created_by, updated_on, updated_by, version_number, is_custom)
values
 (1502, 'JIRA_PORT', 'INST', 'Jira Port', 'String', Null, 'Y', 'N', 'Y', sysdate, 'fdadmin', sysdate, 'fdadmin', 1, 'N');


insert into FD.property_set_key_def
  (property_set_id, property_definition_id, created_on, created_by, updated_on, updated_by, version_number)
values
 (501, 1502, sysdate, 'fdadmin', sysdate, 'fdadmin', 1);

insert into FD.PROPERTY_KEY_DEFINITION
  (property_definition_id, property_key_name, property_scope, Description, property_key_datatype, property_key_sub_datatype, is_required, is_encrypted, is_active, created_on, created_by, updated_on, updated_by, version_number, is_custom)
values
 (1503, 'JIRA_TICKET_URL_PATTERN', 'INST', 'Jira Ticket URL Pattern (/browse/{JIRA_ISSUE})', 'String', 'URL', 'Y', 'N', 'Y', sysdate, 'fdadmin', sysdate, 'fdadmin', 1, 'N');


insert into FD.property_set_key_def
  (property_set_id, property_definition_id, created_on, created_by, updated_on, updated_by, version_number)
values
 (501, 1503, sysdate, 'fdadmin', sysdate, 'fdadmin', 1);

insert into FD.PROPERTY_KEY_DEFINITION
  (property_definition_id, property_key_name, property_scope, Description, property_key_datatype, property_key_sub_datatype, is_required, is_encrypted, is_active, created_on, created_by, updated_on, updated_by, version_number, is_custom)
values
 (1504, 'JIRA_TICKET_REST_PATTERN', 'INST', 'Jira Rest API Pattern (/rest/api/2/issue/{JIRA_ISSUE})', 'String', 'URL', 'Y', 'N', 'Y', sysdate, 'fdadmin', sysdate, 'fdadmin', 1, 'N');


insert into FD.property_set_key_def
  (property_set_id, property_definition_id, created_on, created_by, updated_on, updated_by, version_number)
values
 (501, 1504, sysdate, 'fdadmin', sysdate, 'fdadmin', 1);
 
 

insert into FD.PROPERTY_KEY_DEFINITION
  (property_definition_id, property_key_name, property_scope, Description, property_key_datatype, property_key_sub_datatype, is_required, is_encrypted, is_active, created_on, created_by, updated_on, updated_by, version_number, is_custom)
values
 (1505, 'JIRA_USER_NAME', 'INST', 'Jira User Name', 'String', null, 'Y', 'N', 'Y', sysdate, 'fdadmin', sysdate, 'fdadmin', 1, 'N');

insert into FD.property_set_key_def
  (property_set_id, property_definition_id, created_on, created_by, updated_on, updated_by, version_number)
values
 (501, 1505, sysdate, 'fdadmin', sysdate, 'fdadmin', 1);


insert into FD.PROPERTY_KEY_DEFINITION
  (property_definition_id, property_key_name, property_scope, Description, property_key_datatype, property_key_sub_datatype, is_required, is_encrypted, is_active, created_on, created_by, updated_on, updated_by, version_number, is_custom)
values
 (1506, 'JIRA_PASSWORD', 'INST', 'Jira Password', 'String', null, 'Y', 'Y', 'Y', sysdate, 'fdadmin', sysdate, 'fdadmin', 1, 'N');

insert into FD.property_set_key_def
  (property_set_id, property_definition_id, created_on, created_by, updated_on, updated_by, version_number)
values
 (501, 1506, sysdate, 'fdadmin', sysdate, 'fdadmin', 1);
 
INSERT
INTO FD.ISSUETRACKINGSYSTEM
  (
    ISSUETRACKINGSYSTEMID,
    NAME,
    DESCRIPTION,
    TICKETNUMBERPATTERN,
    NOTIFYTICKETSONBUILD,
    BUILDNOTIFCOMMENTPATTERN,
    DOCHANGETICKETSTATUSONBUILD,
    CHANGETICKETSTATUSONBUILDTO,
    NOTIFYTICKETSONDEPLOY,
    DEPLOYNOTIFCOMMENTPATTERN,
    DOCHANGETICKETSTATUSONDEPLOY,
    CHANGETICKETSTATUSONDEPLOYTO,
    IS_ACTIVE,
    CREATED_ON,
    CREATED_BY,
    UPDATED_ON,
    UPDATED_BY,
    VERSION_NUMBER
  )
  VALUES
  (
    1,
    'Jira',
    'Jira',
    NULL,
    'N',
    NULL,
    NULL,
    NULL,
    'N',
    NULL,
    NULL,
    NULL,
    'Y',
    sysdate,
    'fdadmin',
    sysdate,
    'fdadmin',
    1
  );
  
-- FlexDeploy(read only) workflows
INSERT INTO FD.WORKFLOW
  (
    WORKFLOW_ID,
    WORKFLOW_NAME,
    WORKFLOW_TYPE,
    WORKFLOW_GROUP,
    WORKFLOW_SUBGROUP,
    DESCRIPTION,
    IS_ACTIVE,
    READ_ONLY,
    INTERNAL,
    ACTIVE_WORKFLOW_VERSION_ID,
    CREATED_ON,
    CREATED_BY,
    UPDATED_ON,
    UPDATED_BY,
    VERSION_NUMBER
  )
  VALUES
  (
    1,
    'TestWorkflow',
    'TEST',
    'FlexDeploy(read only)',
    'Testing',
    'Parent workflow used for test automation',
    'Y',
    'Y',
    'Y',
    null,
    sysdate,
    user,
    sysdate,
    user,
    1
  );
  
INSERT INTO FD.WORKFLOW_VERSION
  (
    WORKFLOW_VERSION_ID,
    WORKFLOW_ID,
    WORKFLOW_VERSION,
    ACTIVE_COPY,
    CREATED_ON,
    CREATED_BY,
    UPDATED_ON,
    UPDATED_BY,
    VERSION_NUMBER
  )
  VALUES
  (
    1,
    1,
    '1.0',
    'Y',
    sysdate,
    user,
    sysdate,
    user,
    1
  );  
  
INSERT INTO FD.WORKFLOW_VERSION_DATA
  (
    WORKFLOW_VERSION_DATA_ID,
    WORKFLOW_VERSION_ID,
    SEQUENCE_NUMBER,
    WORKFLOW_VERSION_DATA,
    CREATED_ON,
    CREATED_BY,
    UPDATED_ON,
    UPDATED_BY,
    VERSION_NUMBER
  )
  VALUES
  (
    1,
    1,
    0,
    '<?xml version="1.0" encoding="UTF-8"?> 
<WorkFlow xmlns="http://flexagon.com/flexdeploy/workflow" xmlns:ns0="http://flexagon.com/flexdeploy/workflow/common"> 
   <ns0:Name>TestWorkflow</ns0:Name> 
   <ns0:Description></ns0:Description> 
   <Inputs> 
      <Variable> 
         <ns0:Name>TestTypeName</ns0:Name> 
         <ns0:Type>String</ns0:Type> 
         <returnAsOutput>false</returnAsOutput> 
         <ns0:isConstant>false</ns0:isConstant> 
      </Variable> 
      <Variable> 
         <ns0:Name>TestSetName</ns0:Name> 
         <ns0:Type>String</ns0:Type> 
         <returnAsOutput>false</returnAsOutput> 
         <ns0:isConstant>false</ns0:isConstant> 
      </Variable> 
      <Variable> 
         <ns0:Name>TestDefinitionName</ns0:Name> 
         <ns0:Type>String</ns0:Type> 
         <returnAsOutput>false</returnAsOutput> 
         <ns0:isConstant>false</ns0:isConstant> 
      </Variable> 
   </Inputs> 
   <Steps> 
      <Step> 
         <ns0:Name>InvokeTests</ns0:Name> 
         <ns0:StepId>1</ns0:StepId> 
         <InvokeTest> 
           <TestType>
              <Expression>TestTypeName</Expression>
           </TestType>
            <TestSet>
              <Expression>TestSetName</Expression>
           </TestSet>
            <TestDefinition>
              <Expression>TestDefinitionName</Expression>
           </TestDefinition>
         </InvokeTest> 
      </Step> 
   </Steps> 
</WorkFlow> 
',
    sysdate,
    user,
    sysdate,
    user,
    1
  );  
  
INSERT INTO FD.WORKFLOW
  (
    WORKFLOW_ID,
    WORKFLOW_NAME,
    WORKFLOW_TYPE,
    WORKFLOW_GROUP,
    WORKFLOW_SUBGROUP,
    DESCRIPTION,
    IS_ACTIVE,
    READ_ONLY,
    INTERNAL,
    ACTIVE_WORKFLOW_VERSION_ID,
    CREATED_ON,
    CREATED_BY,
    UPDATED_ON,
    UPDATED_BY,
    VERSION_NUMBER
  )
  VALUES
  (
    2,
    'JUnit-runAntBatchTests',
    'TEST_DEFINITION',
    'FlexDeploy(read only)',
    'Testing',
    'JUnit testing workflow',
    'Y',
    'Y',
    'N',
    null,
    sysdate,
    user,
    sysdate,
    user,
    1
  );
  
INSERT INTO FD.WORKFLOW_VERSION
  (
    WORKFLOW_VERSION_ID,
    WORKFLOW_ID,
    WORKFLOW_VERSION,
    ACTIVE_COPY,
    CREATED_ON,
    CREATED_BY,
    UPDATED_ON,
    UPDATED_BY,
    VERSION_NUMBER
  )
  VALUES
  (
    2,
    2,
    '1.0',
    'Y',
    sysdate,
    user,
    sysdate,
    user,
    1
  );  
  
INSERT INTO FD.WORKFLOW_VERSION_DATA
  (
    WORKFLOW_VERSION_DATA_ID,
    WORKFLOW_VERSION_ID,
    SEQUENCE_NUMBER,
    WORKFLOW_VERSION_DATA,
    CREATED_ON,
    CREATED_BY,
    UPDATED_ON,
    UPDATED_BY,
    VERSION_NUMBER
  )
  VALUES
  (
    2,
    2,
    0,
    '<?xml version="1.0" encoding="UTF-8"?>
<WorkFlow xmlns="http://flexagon.com/flexdeploy/workflow" xmlns:ns0="http://flexagon.com/flexdeploy/workflow/common">
   <ns0:Name>JUnit-runAntBatchTests</ns0:Name>
   <ns0:Description></ns0:Description>
   <Inputs>
      <Variable>
         <ns0:Name>CLASSES_FOLDER</ns0:Name>
         <ns0:Description>Path to the root folder of classes to test (java or class files). If a relative path is given, a path inside the FD_ARTIFACTS_DIR is assumed.</ns0:Description>
         <ns0:Type>String</ns0:Type>
         <returnAsOutput>false</returnAsOutput>
         <ns0:isConstant>false</ns0:isConstant>
         <ns0:InitialValue></ns0:InitialValue>
      </Variable>
      <Variable>
         <ns0:Name>INCLUDE_FILTER</ns0:Name>
         <ns0:Description>Include Filter (e.g. **/*Test*)</ns0:Description>
         <ns0:Type>String</ns0:Type>
         <returnAsOutput>false</returnAsOutput>
         <ns0:isConstant>false</ns0:isConstant>
         <ns0:InitialValue>**/*</ns0:InitialValue>
      </Variable>
      <Variable>
         <ns0:Name>EXCLUDE_FILTER</ns0:Name>
         <ns0:Description>Exclude Filter (e.g. **/*LongTest*)</ns0:Description>
         <ns0:Type>String</ns0:Type>
         <returnAsOutput>false</returnAsOutput>
         <ns0:isConstant>false</ns0:isConstant>
      </Variable>
   </Inputs>
   <Steps>
      <Step>
         <ns0:Name>Invoke JUnit</ns0:Name>
         <ns0:StepId>1</ns0:StepId>
         <InvokePlugin>
            <PluginName>FlexagonJUnitPlugin</PluginName>
            <PluginOperation>runJUnitBatchTests</PluginOperation>
            <consumesArtifacts>false</consumesArtifacts>
            <producesArtifacts>false</producesArtifacts>
            <EndpointSelection>
               <EndpointSelectionChoice>All</EndpointSelectionChoice>
            </EndpointSelection>
            <EndpointExecutionChoice>Any</EndpointExecutionChoice>
            <PluginInputs>
               <PluginInput>
                  <Name>FDJU_CLASSSES_FOLDER</Name>
                  <ValueType>Expression</ValueType>
                  <ns0:Type>String</ns0:Type>
                  <Value>
                     <Expression>CLASSES_FOLDER</Expression>
                  </Value>
               </PluginInput>
               <PluginInput>
                  <Name>FDJU_INCLUDE_FILTER_STRING</Name>
                  <ValueType>Expression</ValueType>
                  <ns0:Type>String</ns0:Type>
                  <Value>
                     <Expression>INCLUDE_FILTER</Expression>
                  </Value>
               </PluginInput>
               <PluginInput>
                  <Name>FDJU_EXCLUDE_FILTER_STRING</Name>
                  <ValueType>Expression</ValueType>
                  <ns0:Type>String</ns0:Type>
                  <Value>
                     <Expression>EXCLUDE_FILTER</Expression>
                  </Value>
               </PluginInput>
            </PluginInputs>
            <UserInputs/>
            <PluginOutputs/>
            <UserOutputs/>
         </InvokePlugin>
      </Step>
   </Steps>
</WorkFlow>
',
    sysdate,
    user,
    sysdate,
    user,
    1
  );  
  
INSERT INTO FD.WORKFLOW
  (
    WORKFLOW_ID,
    WORKFLOW_NAME,
    WORKFLOW_TYPE,
    WORKFLOW_GROUP,
    WORKFLOW_SUBGROUP,
    DESCRIPTION,
    IS_ACTIVE,
    READ_ONLY,
    INTERNAL,
    ACTIVE_WORKFLOW_VERSION_ID,
    CREATED_ON,
    CREATED_BY,
    UPDATED_ON,
    UPDATED_BY,
    VERSION_NUMBER
  )
  VALUES
  (
    3,
    'JUnit-runAntJunitFile',
    'TEST_DEFINITION',
    'FlexDeploy(read only)',
    'Testing',
    'JUnit testing workflow',
    'Y',
    'Y',
    'N',
    null,
    sysdate,
    user,
    sysdate,
    user,
    1
  );
  
INSERT INTO FD.WORKFLOW_VERSION
  (
    WORKFLOW_VERSION_ID,
    WORKFLOW_ID,
    WORKFLOW_VERSION,
    ACTIVE_COPY,
    CREATED_ON,
    CREATED_BY,
    UPDATED_ON,
    UPDATED_BY,
    VERSION_NUMBER
  )
  VALUES
  (
    3,
    3,
    '1.0',
    'Y',
    sysdate,
    user,
    sysdate,
    user,
    1
  );  
  
INSERT INTO FD.WORKFLOW_VERSION_DATA
  (
    WORKFLOW_VERSION_DATA_ID,
    WORKFLOW_VERSION_ID,
    SEQUENCE_NUMBER,
    WORKFLOW_VERSION_DATA,
    CREATED_ON,
    CREATED_BY,
    UPDATED_ON,
    UPDATED_BY,
    VERSION_NUMBER
  )
  VALUES
  (
    3,
    3,
    0,
    '<?xml version="1.0" encoding="UTF-8"?>
<WorkFlow xmlns="http://flexagon.com/flexdeploy/workflow" xmlns:ns0="http://flexagon.com/flexdeploy/workflow/common">
   <ns0:Name>JUnit-runAntJunitFile</ns0:Name>
   <ns0:Description>JUnit testing workflow</ns0:Description>
   <Inputs>
      <Variable>
         <ns0:Name>BUILD_FILE</ns0:Name>
         <ns0:Description>Path to the Ant script to execute (e.g. /path/to/file.xml). If a relative path is given, a path inside the FD_ARTIFACTS_DIR is assumed.</ns0:Description>
         <ns0:Type>String</ns0:Type>
         <returnAsOutput>false</returnAsOutput>
         <ns0:isConstant>false</ns0:isConstant>
      </Variable>
      <Variable>
         <ns0:Name>RUN_TARGET</ns0:Name>
         <ns0:Description>Target operation in the Ant script to execute.</ns0:Description>
         <ns0:Type>String</ns0:Type>
         <returnAsOutput>false</returnAsOutput>
         <ns0:isConstant>false</ns0:isConstant>
      </Variable>
      <Variable>
         <ns0:Name>CLASSPATH</ns0:Name>
         <ns0:Description>The Java classpath to locate the test suite, test cases, and dependent classes.</ns0:Description>
         <ns0:Type>String</ns0:Type>
         <returnAsOutput>false</returnAsOutput>
         <ns0:isConstant>false</ns0:isConstant>
      </Variable>
      <Variable>
         <ns0:Name>ARGUMENTS</ns0:Name>
         <ns0:Description>Semicolon-delimited argument list (e.g. x=1;y=2).</ns0:Description>
         <ns0:Type>String</ns0:Type>
         <returnAsOutput>false</returnAsOutput>
         <ns0:isConstant>false</ns0:isConstant>
      </Variable>
   </Inputs>
   <Steps>
      <Step>
         <ns0:Name>Invoke JUnit</ns0:Name>
         <ns0:StepId>1</ns0:StepId>
         <InvokePlugin>
            <PluginName>FlexagonJUnitPlugin</PluginName>
            <PluginOperation>runAntJUnitFile</PluginOperation>
            <consumesArtifacts>false</consumesArtifacts>
            <producesArtifacts>false</producesArtifacts>
            <EndpointSelection>
               <EndpointSelectionChoice>All</EndpointSelectionChoice>
            </EndpointSelection>
            <EndpointExecutionChoice>Any</EndpointExecutionChoice>
            <PluginInputs>
               <PluginInput>
                  <Name>FDJU_BUILD_FILE</Name>
                  <ValueType>Expression</ValueType>
                  <ns0:Type>String</ns0:Type>
                  <Value>
                     <Expression>BUILD_FILE</Expression>
                  </Value>
               </PluginInput>
               <PluginInput>
                  <Name>FDJU_RUN_TARGET</Name>
                  <ValueType>Expression</ValueType>
                  <ns0:Type>String</ns0:Type>
                  <Value>
                     <Expression>RUN_TARGET</Expression>
                  </Value>
               </PluginInput>
               <PluginInput>
                  <Name>FDJU_PATH_ELEMENT_CLASS_PATH</Name>
                  <ValueType>Expression</ValueType>
                  <ns0:Type>String</ns0:Type>
                  <Value>
                     <Expression>CLASSPATH</Expression>
                  </Value>
               </PluginInput>
               <PluginInput>
                  <Name>FDJU_ARGS</Name>
                  <ValueType>Expression</ValueType>
                  <ns0:Type>String</ns0:Type>
                  <Value>
                     <Expression>ARGUMENTS</Expression>
                  </Value>
               </PluginInput>
            </PluginInputs>
            <UserInputs/>
            <PluginOutputs/>
            <UserOutputs/>
         </InvokePlugin>
      </Step>
   </Steps>
</WorkFlow>
',
    sysdate,
    user,
    sysdate,
    user,
    1
  ); 
  
INSERT INTO FD.WORKFLOW
  (
    WORKFLOW_ID,
    WORKFLOW_NAME,
    WORKFLOW_TYPE,
    WORKFLOW_GROUP,
    WORKFLOW_SUBGROUP,
    DESCRIPTION,
    IS_ACTIVE,
    READ_ONLY,
    INTERNAL,
    ACTIVE_WORKFLOW_VERSION_ID,
    CREATED_ON,
    CREATED_BY,
    UPDATED_ON,
    UPDATED_BY,
    VERSION_NUMBER
  )
  VALUES
  (
    4,
    'JUnit-runJUnitTestOrSuite',
    'TEST_DEFINITION',
    'FlexDeploy(read only)',
    'Testing',
    'JUnit testing workflow',
    'Y',
    'Y',
    'N',
    null,
    sysdate,
    user,
    sysdate,
    user,
    1
  );
  
INSERT INTO FD.WORKFLOW_VERSION
  (
    WORKFLOW_VERSION_ID,
    WORKFLOW_ID,
    WORKFLOW_VERSION,
    ACTIVE_COPY,
    CREATED_ON,
    CREATED_BY,
    UPDATED_ON,
    UPDATED_BY,
    VERSION_NUMBER
  )
  VALUES
  (
    4,
    4,
    '1.0',
    'Y',
    sysdate,
    user,
    sysdate,
    user,
    1
  );  
  
INSERT INTO FD.WORKFLOW_VERSION_DATA
  (
    WORKFLOW_VERSION_DATA_ID,
    WORKFLOW_VERSION_ID,
    SEQUENCE_NUMBER,
    WORKFLOW_VERSION_DATA,
    CREATED_ON,
    CREATED_BY,
    UPDATED_ON,
    UPDATED_BY,
    VERSION_NUMBER
  )
  VALUES
  (
    4,
    4,
    0,
    '<?xml version="1.0" encoding="UTF-8"?>
<WorkFlow xmlns="http://flexagon.com/flexdeploy/workflow" xmlns:ns0="http://flexagon.com/flexdeploy/workflow/common">
   <ns0:Name>JUnit-runJUnitTestOrSuite</ns0:Name>
   <ns0:Description></ns0:Description>
   <Inputs>
      <Variable>
         <ns0:Name>TEST_SUITE_CLASS_NAME</ns0:Name>
         <ns0:Description>Package-qualified class name of the test or test Suite.</ns0:Description>
         <ns0:Type>String</ns0:Type>
         <returnAsOutput>false</returnAsOutput>
         <ns0:isConstant>false</ns0:isConstant>
      </Variable>
      <Variable>
         <ns0:Name>PATH_ELEMENT_CLASSPATH</ns0:Name>
         <ns0:Description>The Java classpath to locate the test suite, test cases, and dependent classes.</ns0:Description>
         <ns0:Type>String</ns0:Type>
         <returnAsOutput>false</returnAsOutput>
         <ns0:isConstant>false</ns0:isConstant>
      </Variable>
   </Inputs>
   <Steps>
      <Step>
         <ns0:Name>Invoke JUnit</ns0:Name>
         <ns0:StepId>1</ns0:StepId>
         <InvokePlugin>
            <PluginName>FlexagonJUnitPlugin</PluginName>
            <PluginOperation>runJUnitTestOrSuite</PluginOperation>
            <consumesArtifacts>false</consumesArtifacts>
            <producesArtifacts>false</producesArtifacts>
            <EndpointSelection>
               <EndpointSelectionChoice>All</EndpointSelectionChoice>
            </EndpointSelection>
            <EndpointExecutionChoice>Any</EndpointExecutionChoice>
            <PluginInputs>
               <PluginInput>
                  <Name>FDJU_TEST_SUITE_CLASS_NAME</Name>
                  <ValueType>Expression</ValueType>
                  <ns0:Type>String</ns0:Type>
                  <Value>
                     <Expression>TEST_SUITE_CLASS_NAME</Expression>
                  </Value>
               </PluginInput>
               <PluginInput>
                  <Name>FDJU_PATH_ELEMENT_CLASS_PATH</Name>
                  <ValueType>Expression</ValueType>
                  <ns0:Type>String</ns0:Type>
                  <Value>
                     <Expression>PATH_ELEMENT_CLASSPATH</Expression>
                  </Value>
               </PluginInput>
            </PluginInputs>
            <UserInputs/>
            <PluginOutputs/>
            <UserOutputs/>
         </InvokePlugin>
      </Step>
   </Steps>
</WorkFlow>
',
    sysdate,
    user,
    sysdate,
    user,
    1
  );
  
INSERT INTO FD.WORKFLOW
  (
    WORKFLOW_ID,
    WORKFLOW_NAME,
    WORKFLOW_TYPE,
    WORKFLOW_GROUP,
    WORKFLOW_SUBGROUP,
    DESCRIPTION,
    IS_ACTIVE,
    READ_ONLY,
    INTERNAL,
    ACTIVE_WORKFLOW_VERSION_ID,
    CREATED_ON,
    CREATED_BY,
    UPDATED_ON,
    UPDATED_BY,
    VERSION_NUMBER
  )
  VALUES
  (
    5,
    'TestNG-runTestNGSuite',
    'TEST_DEFINITION',
    'FlexDeploy(read only)',
    'Testing',
    'TestNG testing workflow',
    'Y',
    'Y',
    'N',
    null,
    sysdate,
    user,
    sysdate,
    user,
    1
  );
  
INSERT INTO FD.WORKFLOW_VERSION
  (
    WORKFLOW_VERSION_ID,
    WORKFLOW_ID,
    WORKFLOW_VERSION,
    ACTIVE_COPY,
    CREATED_ON,
    CREATED_BY,
    UPDATED_ON,
    UPDATED_BY,
    VERSION_NUMBER
  )
  VALUES
  (
    5,
    5,
    '1.0',
    'Y',
    sysdate,
    user,
    sysdate,
    user,
    1
  );  
  
INSERT INTO FD.WORKFLOW_VERSION_DATA
  (
    WORKFLOW_VERSION_DATA_ID,
    WORKFLOW_VERSION_ID,
    SEQUENCE_NUMBER,
    WORKFLOW_VERSION_DATA,
    CREATED_ON,
    CREATED_BY,
    UPDATED_ON,
    UPDATED_BY,
    VERSION_NUMBER
  )
  VALUES
  (
    5,
    5,
    0,
    '<?xml version="1.0" encoding="UTF-8"?>
<WorkFlow xmlns="http://flexagon.com/flexdeploy/workflow" xmlns:ns0="http://flexagon.com/flexdeploy/workflow/common">
   <ns0:Name>TestNG-runTestNGSuite</ns0:Name>
   <ns0:Description></ns0:Description>
   <Inputs>
      <Variable>
         <ns0:Name>PATH_TO_TEST_SUITE</ns0:Name>
         <ns0:Description>Path to the TestNG test suite XML file (e.g. /path/to/file.xml). If a relative path is given, a path inside the FD_ARTIFACTS_DIR will be assumed. </ns0:Description>
         <ns0:Type>String</ns0:Type>
         <returnAsOutput>false</returnAsOutput>
         <ns0:isConstant>false</ns0:isConstant>
      </Variable>
      <Variable>
         <ns0:Name>PATH_ELEMENT_CLASSPATH</ns0:Name>
         <ns0:Description>The Java classpath to locate the test suite, test cases, and dependent classes.</ns0:Description>
         <ns0:Type>String</ns0:Type>
         <returnAsOutput>false</returnAsOutput>
         <ns0:isConstant>false</ns0:isConstant>
      </Variable>
   </Inputs>
   <Steps>
      <Step>
         <ns0:Name>Invoke TestNG</ns0:Name>
         <ns0:StepId>1</ns0:StepId>
         <InvokePlugin>
            <PluginName>FlexagonTestNGPlugin</PluginName>
            <PluginOperation>runTestNGSuite</PluginOperation>
            <consumesArtifacts>false</consumesArtifacts>
            <producesArtifacts>false</producesArtifacts>
            <EndpointSelection>
               <EndpointSelectionChoice>All</EndpointSelectionChoice>
            </EndpointSelection>
            <EndpointExecutionChoice>Any</EndpointExecutionChoice>
            <PluginInputs>
               <PluginInput>
                  <Name>FDTNG_PATH_TO_TEST_SUITE</Name>
                  <ValueType>Expression</ValueType>
                  <ns0:Type>String</ns0:Type>
                  <Value>
                     <Expression>PATH_TO_TEST_SUITE</Expression>
                  </Value>
               </PluginInput>
               <PluginInput>
                  <Name>FDTNG_PATH_ELEMENT_CLASS_PATH</Name>
                  <ValueType>Expression</ValueType>
                  <ns0:Type>String</ns0:Type>
                  <Value>
                     <Expression>PATH_ELEMENT_CLASSPATH</Expression>
                  </Value>
               </PluginInput>
            </PluginInputs>
            <UserInputs/>
            <PluginOutputs/>
            <UserOutputs/>
         </InvokePlugin>
      </Step>
   </Steps>
</WorkFlow>
',
    sysdate,
    user,
    sysdate,
    user,
    1
  );
  
INSERT INTO FD.WORKFLOW
  (
    WORKFLOW_ID,
    WORKFLOW_NAME,
    WORKFLOW_TYPE,
    WORKFLOW_GROUP,
    WORKFLOW_SUBGROUP,
    DESCRIPTION,
    IS_ACTIVE,
    READ_ONLY,
    INTERNAL,
    ACTIVE_WORKFLOW_VERSION_ID,
    CREATED_ON,
    CREATED_BY,
    UPDATED_ON,
    UPDATED_BY,
    VERSION_NUMBER
  )
  VALUES
  (
    6,
    'TestNG-runTestNGTests',
    'TEST_DEFINITION',
    'FlexDeploy(read only)',
    'Testing',
    'TestNG testing workflow',
    'Y',
    'Y',
    'N',
    null,
    sysdate,
    user,
    sysdate,
    user,
    1
  );
  
INSERT INTO FD.WORKFLOW_VERSION
  (
    WORKFLOW_VERSION_ID,
    WORKFLOW_ID,
    WORKFLOW_VERSION,
    ACTIVE_COPY,
    CREATED_ON,
    CREATED_BY,
    UPDATED_ON,
    UPDATED_BY,
    VERSION_NUMBER
  )
  VALUES
  (
    6,
    6,
    '1.0',
    'Y',
    sysdate,
    user,
    sysdate,
    user,
    1
  );  
  
INSERT INTO FD.WORKFLOW_VERSION_DATA
  (
    WORKFLOW_VERSION_DATA_ID,
    WORKFLOW_VERSION_ID,
    SEQUENCE_NUMBER,
    WORKFLOW_VERSION_DATA,
    CREATED_ON,
    CREATED_BY,
    UPDATED_ON,
    UPDATED_BY,
    VERSION_NUMBER
  )
  VALUES
  (
    6,
    6,
    0,
    '<?xml version="1.0" encoding="UTF-8"?>
<WorkFlow xmlns="http://flexagon.com/flexdeploy/workflow" xmlns:ns0="http://flexagon.com/flexdeploy/workflow/common">
   <ns0:Name>TestNG-runTestNGTests</ns0:Name>
   <ns0:Description></ns0:Description>
   <Inputs>
      <Variable>
         <ns0:Name>PATHS_TO_TESTS</ns0:Name>
         <ns0:Description>Semicolon-delimited, package-qualified classes with TestNG tests (e.g. com.flexagon.testng.SampleTest1;com.flexagon.testng.SampleTest2).</ns0:Description>
         <ns0:Type>String</ns0:Type>
         <returnAsOutput>false</returnAsOutput>
         <ns0:isConstant>false</ns0:isConstant>
      </Variable>
      <Variable>
         <ns0:Name>PATH_ELEMENT_CLASSPATH</ns0:Name>
         <ns0:Description>The Java classpath to locate the test suite, test cases, and dependent classes.</ns0:Description>
         <ns0:Type>String</ns0:Type>
         <returnAsOutput>false</returnAsOutput>
         <ns0:isConstant>false</ns0:isConstant>
      </Variable>
   </Inputs>
   <Steps>
      <Step>
         <ns0:Name>Invoke TestNG</ns0:Name>
         <ns0:StepId>1</ns0:StepId>
         <InvokePlugin>
            <PluginName>FlexagonTestNGPlugin</PluginName>
            <PluginOperation>runTestNGTests</PluginOperation>
            <consumesArtifacts>false</consumesArtifacts>
            <producesArtifacts>false</producesArtifacts>
            <EndpointSelection>
               <EndpointSelectionChoice>All</EndpointSelectionChoice>
            </EndpointSelection>
            <EndpointExecutionChoice>Any</EndpointExecutionChoice>
            <PluginInputs>
               <PluginInput>
                  <Name>FDTNG_PATHS_TO_TESTS</Name>
                  <ValueType>Expression</ValueType>
                  <ns0:Type>String</ns0:Type>
                  <Value>
                     <Expression>PATHS_TO_TESTS</Expression>
                  </Value>
               </PluginInput>
               <PluginInput>
                  <Name>FDTNG_PATH_ELEMENT_CLASS_PATH</Name>
                  <ValueType>Expression</ValueType>
                  <ns0:Type>String</ns0:Type>
                  <Value>
                     <Expression>PATH_ELEMENT_CLASSPATH</Expression>
                  </Value>
               </PluginInput>
            </PluginInputs>
            <UserInputs/>
            <PluginOutputs/>
            <UserOutputs/>
         </InvokePlugin>
      </Step>
   </Steps>
</WorkFlow>
',
    sysdate,
    user,
    sysdate,
    user,
    1
  );
INSERT INTO FD.WORKFLOW
  (
    WORKFLOW_ID,
    WORKFLOW_NAME,
    WORKFLOW_TYPE,
    WORKFLOW_GROUP,
    WORKFLOW_SUBGROUP,
    DESCRIPTION,
    IS_ACTIVE,
    READ_ONLY,
    INTERNAL,
    ACTIVE_WORKFLOW_VERSION_ID,
    CREATED_ON,
    CREATED_BY,
    UPDATED_ON,
    UPDATED_BY,
    VERSION_NUMBER
  )
  VALUES
  (
    7,
    'SoapUI-runSoapUITestSuite',
    'TEST_DEFINITION',
    'FlexDeploy(read only)',
    'Testing',
    'SoapUI testing workflow',
    'Y',
    'Y',
    'N',
    null,
    sysdate,
    user,
    sysdate,
    user,
    1
  );
  
INSERT INTO FD.WORKFLOW_VERSION
  (
    WORKFLOW_VERSION_ID,
    WORKFLOW_ID,
    WORKFLOW_VERSION,
    ACTIVE_COPY,
    CREATED_ON,
    CREATED_BY,
    UPDATED_ON,
    UPDATED_BY,
    VERSION_NUMBER
  )
  VALUES
  (
    7,
    7,
    '1.0',
    'Y',
    sysdate,
    user,
    sysdate,
    user,
    1
  );  
  
INSERT INTO FD.WORKFLOW_VERSION_DATA
  (
    WORKFLOW_VERSION_DATA_ID,
    WORKFLOW_VERSION_ID,
    SEQUENCE_NUMBER,
    WORKFLOW_VERSION_DATA,
    CREATED_ON,
    CREATED_BY,
    UPDATED_ON,
    UPDATED_BY,
    VERSION_NUMBER
  )
  VALUES
  (
    7,
    7,
    0,
    '<?xml version="1.0" encoding="UTF-8"?>
<WorkFlow xmlns="http://flexagon.com/flexdeploy/workflow" xmlns:ns0="http://flexagon.com/flexdeploy/workflow/common">
   <ns0:Name>SoapUI-runSoapUITestSuite</ns0:Name>
   <ns0:Description></ns0:Description>
   <Inputs>
      <Variable>
         <ns0:Name>SOAPUI_PROJECT_FILE</ns0:Name>
         <ns0:Description>Path to the SoapUI project file. Relative paths will be assumed to be in the FD_ARTIFACTS_DIR.</ns0:Description>
         <ns0:Type>String</ns0:Type>
         <returnAsOutput>false</returnAsOutput>
         <ns0:isConstant>false</ns0:isConstant>
      </Variable>
      <Variable>
         <ns0:Name>ARGS</ns0:Name>
         <ns0:Description>Arguments to pass Testrunner in addition to -r -j. (e.g. -a -c "TestCase 2")</ns0:Description>
         <ns0:Type>String</ns0:Type>
         <returnAsOutput>false</returnAsOutput>
         <ns0:isConstant>false</ns0:isConstant>
      </Variable>
   </Inputs>
   <Steps>
      <Step>
         <ns0:Name>Invoke SoapUI</ns0:Name>
         <ns0:StepId>1</ns0:StepId>
         <InvokePlugin>
             <PluginName>FlexagonSoapUIPlugin</PluginName>
            <PluginOperation>runSoapUITestSuite</PluginOperation>
            <consumesArtifacts>false</consumesArtifacts>
            <producesArtifacts>false</producesArtifacts>
            <EndpointSelection>
               <EndpointSelectionChoice>All</EndpointSelectionChoice>
            </EndpointSelection>
            <EndpointExecutionChoice>Any</EndpointExecutionChoice>
            <PluginInputs>
               <PluginInput>
                  <Name>FDSUI_SOAPUI_PROJECT_FILE</Name>
                  <ValueType>Expression</ValueType>
                  <ns0:Type>String</ns0:Type>
                  <Value>
                     <Expression>SOAPUI_PROJECT_FILE</Expression>
                  </Value>
               </PluginInput>
               <PluginInput>
                  <Name>FDSUI_ARGS</Name>
                  <ValueType>Expression</ValueType>
                  <ns0:Type>String</ns0:Type>
				  <Value>
                     <Expression>ARGS</Expression>
                  </Value>
               </PluginInput>
            </PluginInputs>
            <UserInputs/>
            <PluginOutputs/>
            <UserOutputs/>
         </InvokePlugin>
      </Step>
   </Steps>
</WorkFlow>
',
    sysdate,
    user,
    sysdate,
    user,
    1
  );
  INSERT INTO FD.WORKFLOW
  (
    WORKFLOW_ID,
    WORKFLOW_NAME,
    WORKFLOW_TYPE,
    WORKFLOW_GROUP,
    WORKFLOW_SUBGROUP,
    DESCRIPTION,
    IS_ACTIVE,
    READ_ONLY,
    INTERNAL,
    ACTIVE_WORKFLOW_VERSION_ID,
    CREATED_ON,
    CREATED_BY,
    UPDATED_ON,
    UPDATED_BY,
   VERSION_NUMBER
  )
  VALUES
  (
    10,
    'SoapUI-runSoapUILoadTest',
    'TEST_DEFINITION',
    'FlexDeploy(read only)',
    'Testing',
    'SoapUI load-testing workflow',
    'Y',
    'Y',
    'N',
    null,
    sysdate,
    user,
    sysdate,
    user,
    1
  );
  
INSERT INTO FD.WORKFLOW_VERSION
  (
    WORKFLOW_VERSION_ID,
    WORKFLOW_ID,
    WORKFLOW_VERSION,
    ACTIVE_COPY,
    CREATED_ON,
    CREATED_BY,
    UPDATED_ON,
    UPDATED_BY,
    VERSION_NUMBER
  )
  VALUES
  (
    10,
    10,
    '1.0',
    'Y',
    sysdate,
    user,
    sysdate,
    user,
    1
  );  
  
INSERT INTO FD.WORKFLOW_VERSION_DATA
  (
    WORKFLOW_VERSION_DATA_ID,
    WORKFLOW_VERSION_ID,
    SEQUENCE_NUMBER,
    WORKFLOW_VERSION_DATA,
    CREATED_ON,
    CREATED_BY,
    UPDATED_ON,
    UPDATED_BY,
    VERSION_NUMBER
  )
  VALUES
  (
    10,
    10,
    0,
    '<?xml version="1.0" encoding="UTF-8"?>
<WorkFlow xmlns="http://flexagon.com/flexdeploy/workflow" xmlns:ns0="http://flexagon.com/flexdeploy/workflow/common">
   <ns0:Name>SoapUI-runSoapUILoadTest</ns0:Name>
   <ns0:Description></ns0:Description>
   <Inputs>
      <Variable>
         <ns0:Name>SOAPUI_PROJECT_FILE</ns0:Name>
         <ns0:Description>Path to the SoapUI project file. Relative paths will be assumed to be in the FD_ARTIFACTS_DIR.</ns0:Description>
         <ns0:Type>String</ns0:Type>
         <returnAsOutput>false</returnAsOutput>
         <ns0:isConstant>false</ns0:isConstant>
      </Variable>
      <Variable>
         <ns0:Name>ARGS</ns0:Name>
         <ns0:Description>Arguments to pass Testrunner in addition to -r -f. (e.g. -m 60 -n 150 )</ns0:Description>
         <ns0:Type>String</ns0:Type>
         <returnAsOutput>false</returnAsOutput>
         <ns0:isConstant>false</ns0:isConstant>
      </Variable>
   </Inputs>
   <Steps>
      <Step>
         <ns0:Name>Invoke SoapUI</ns0:Name>
         <ns0:StepId>1</ns0:StepId>
         <InvokePlugin>
             <PluginName>FlexagonSoapUIPlugin</PluginName>
            <PluginOperation>runSoapUILoadTest</PluginOperation>
            <consumesArtifacts>false</consumesArtifacts>
            <producesArtifacts>false</producesArtifacts>
            <EndpointSelection>
               <EndpointSelectionChoice>All</EndpointSelectionChoice>
           </EndpointSelection>
            <EndpointExecutionChoice>Any</EndpointExecutionChoice>
            <PluginInputs>
               <PluginInput>
                  <Name>FDSUI_SOAPUI_PROJECT_FILE</Name>
                  <ValueType>Expression</ValueType>
                  <ns0:Type>String</ns0:Type>
                  <Value>
                     <Expression>SOAPUI_PROJECT_FILE</Expression>
                  </Value>
               </PluginInput>
               <PluginInput>
                  <Name>FDSUI_ARGS</Name>
                  <ValueType>Expression</ValueType>
                  <ns0:Type>String</ns0:Type>
                                                                  <Value>
                     <Expression>ARGS</Expression>
                  </Value>
               </PluginInput>
            </PluginInputs>
            <UserInputs/>
            <PluginOutputs/>
            <UserOutputs/>
         </InvokePlugin>
      </Step>
   </Steps>
</WorkFlow>
',
    sysdate,
    user,
    sysdate,
    user,
    1
  );
  
  -- BEGIN OATS Plugin
INSERT INTO FD.WORKFLOW
  (
    WORKFLOW_ID,
    WORKFLOW_NAME,
    WORKFLOW_TYPE,
    WORKFLOW_GROUP,
    WORKFLOW_SUBGROUP,
    DESCRIPTION,
    IS_ACTIVE,
    READ_ONLY,
    INTERNAL,
    ACTIVE_WORKFLOW_VERSION_ID,
    CREATED_ON,
    CREATED_BY,
    UPDATED_ON,
    UPDATED_BY,
    VERSION_NUMBER
  )
  VALUES
  (
    8,
    'OATS-runScript',
    'TEST_DEFINITION',
    'FlexDeploy(read only)',
    'Testing',
    'OATS Script testing workflow',
    'Y',
    'Y',
    'N',
    null,
    sysdate,
    user,
    sysdate,
    user,
    1
  );
  
INSERT INTO FD.WORKFLOW_VERSION
  (
    WORKFLOW_VERSION_ID,
    WORKFLOW_ID,
    WORKFLOW_VERSION,
    ACTIVE_COPY,
    CREATED_ON,
    CREATED_BY,
    UPDATED_ON,
    UPDATED_BY,
    VERSION_NUMBER
  )
  VALUES
  (
    8,
    8,
    '1.0',
    'Y',
    sysdate,
    user,
    sysdate,
    user,
    1
  );  
  
INSERT INTO FD.WORKFLOW_VERSION_DATA
  (
    WORKFLOW_VERSION_DATA_ID,
    WORKFLOW_VERSION_ID,
    SEQUENCE_NUMBER,
    WORKFLOW_VERSION_DATA,
    CREATED_ON,
    CREATED_BY,
    UPDATED_ON,
    UPDATED_BY,
    VERSION_NUMBER
  )
  VALUES
  (
    8,
    8,
    0,
    '<?xml version="1.0" encoding="UTF-8"?>
<WorkFlow xmlns="http://flexagon.com/flexdeploy/workflow" xmlns:ns0="http://flexagon.com/flexdeploy/workflow/common">
   <ns0:Name>OATS-runScript</ns0:Name>
   <ns0:Description></ns0:Description>
   <Inputs>
      <Variable>
         <ns0:Name>OATS_SCRIPT_PROJECT_FILE</ns0:Name>
         <ns0:Description>Path to the OATS Script project file. Relative paths will be assumed to be in the FD_ARTIFACTS_DIR.</ns0:Description>
         <ns0:Type>String</ns0:Type>
         <returnAsOutput>false</returnAsOutput>
         <ns0:isConstant>false</ns0:isConstant>
      </Variable>
      <Variable>
         <ns0:Name>ARGS</ns0:Name>
         <ns0:Description>Arguments to pass in</ns0:Description>
         <ns0:Type>String</ns0:Type>
         <returnAsOutput>false</returnAsOutput>
         <ns0:isConstant>false</ns0:isConstant>
      </Variable>
   </Inputs>
   <Steps>
      <Step>
         <ns0:Name>Invoke OATS Script</ns0:Name>
         <ns0:StepId>1</ns0:StepId>
         <InvokePlugin>
             <PluginName>FlexagonOATSPlugin</PluginName>
            <PluginOperation>runScript</PluginOperation>
            <consumesArtifacts>false</consumesArtifacts>
            <producesArtifacts>false</producesArtifacts>
            <EndpointSelection>
               <EndpointSelectionChoice>All</EndpointSelectionChoice>
            </EndpointSelection>
            <EndpointExecutionChoice>Any</EndpointExecutionChoice>
            <PluginInputs>
               <PluginInput>
                  <Name>FDOAT_SCRIPT_PROJECT_FILE</Name>
                  <ValueType>Expression</ValueType>
                  <ns0:Type>String</ns0:Type>
                  <Value>
                     <Expression>OATS_SCRIPT_PROJECT_FILE</Expression>
                  </Value>
               </PluginInput>
               <PluginInput>
                  <Name>FDOAT_ARGS</Name>
                  <ValueType>Expression</ValueType>
                  <ns0:Type>String</ns0:Type>
				  <Value>
                     <Expression>ARGS</Expression>
                  </Value>
               </PluginInput>
            </PluginInputs>
            <UserInputs/>
            <PluginOutputs/>
            <UserOutputs/>
         </InvokePlugin>
      </Step>
   </Steps>
</WorkFlow>
',
    sysdate,
    user,
    sysdate,
    user,
    1
  );

  -- BEGIN HP Test Plugin
INSERT INTO FD.WORKFLOW
  (
    WORKFLOW_ID,
    WORKFLOW_NAME,
    WORKFLOW_TYPE,
    WORKFLOW_GROUP,
    WORKFLOW_SUBGROUP,
    DESCRIPTION,
    IS_ACTIVE,
    READ_ONLY,
    INTERNAL,
    ACTIVE_WORKFLOW_VERSION_ID,
    CREATED_ON,
    CREATED_BY,
    UPDATED_ON,
    UPDATED_BY,
    VERSION_NUMBER
  )
  VALUES
  (
    9,
    'HPT-executeUFTTest',
    'TEST_DEFINITION',
    'FlexDeploy(read only)',
    'Testing',
    'HP UFT Test workflow',
    'Y',
    'Y',
    'N',
    null,
    sysdate,
    user,
    sysdate,
    user,
    1
  );
  
INSERT INTO FD.WORKFLOW_VERSION
  (
    WORKFLOW_VERSION_ID,
    WORKFLOW_ID,
    WORKFLOW_VERSION,
    ACTIVE_COPY,
    CREATED_ON,
    CREATED_BY,
    UPDATED_ON,
    UPDATED_BY,
    VERSION_NUMBER
  )
  VALUES
  (
    9,
    9,
    '1.0',
    'Y',
    sysdate,
    user,
    sysdate,
    user,
    1
  );  
  
INSERT INTO FD.WORKFLOW_VERSION_DATA
  (
    WORKFLOW_VERSION_DATA_ID,
    WORKFLOW_VERSION_ID,
    SEQUENCE_NUMBER,
    WORKFLOW_VERSION_DATA,
    CREATED_ON,
    CREATED_BY,
    UPDATED_ON,
    UPDATED_BY,
    VERSION_NUMBER
  )
  VALUES
  (
    9,
    9,
    0,
    '<?xml version="1.0" encoding="UTF-8"?>
<WorkFlow xmlns="http://flexagon.com/flexdeploy/workflow" xmlns:ns0="http://flexagon.com/flexdeploy/workflow/common">
   <ns0:Name>executeUFTTest</ns0:Name>
   <ns0:Description></ns0:Description>
   <Inputs>
      <Variable>
         <ns0:Name>HPTest_APPLICATION</ns0:Name>
         <ns0:Description>Path to the HP UFT Application file. Value will be ignored if you use VB script by providing HPTest_VBSCRIPT.</ns0:Description>
         <ns0:Type>String</ns0:Type>
         <returnAsOutput>false</returnAsOutput>
         <ns0:isConstant>false</ns0:isConstant>
      </Variable>
      <Variable>
         <ns0:Name>HPTest_VBSCRIPT</ns0:Name>
         <ns0:Description>Script location with complete path. (e.g. c:\uft\project\scripts\executeHRTest.vbs)</ns0:Description>
         <ns0:Type>String</ns0:Type>
         <returnAsOutput>false</returnAsOutput>
         <ns0:isConstant>false</ns0:isConstant>
      </Variable>
      <Variable>
         <ns0:Name>HPTest_RESULTS_LOCATION</ns0:Name>
         <ns0:Description>Location of the Test Results. This is required if you provide value for HPTest_VBSCRIPT</ns0:Description>
         <ns0:Type>String</ns0:Type>
         <returnAsOutput>false</returnAsOutput>
         <ns0:isConstant>false</ns0:isConstant>
      </Variable>	  
   </Inputs>
   <Steps>
      <Step>
         <ns0:Name>Invoke HPT UFT</ns0:Name>
         <ns0:StepId>1</ns0:StepId>
         <InvokePlugin>
             <PluginName>FlexagonHPTestPlugin</PluginName>
            <PluginOperation>executeUFT</PluginOperation>
            <consumesArtifacts>false</consumesArtifacts>
            <producesArtifacts>false</producesArtifacts>
            <EndpointSelection>
               <EndpointSelectionChoice>All</EndpointSelectionChoice>
            </EndpointSelection>
            <EndpointExecutionChoice>Any</EndpointExecutionChoice>
            <PluginInputs>
               <PluginInput>
                  <Name>FDHPT_APPLICATION</Name>
                  <ValueType>Expression</ValueType>
                  <ns0:Type>String</ns0:Type>
                  <Value>
                     <Expression>HPTest_APPLICATION</Expression>
                  </Value>
               </PluginInput>
               <PluginInput>
                  <Name>FDHPT_VBSCRIPT</Name>
                  <ValueType>Expression</ValueType>
                  <ns0:Type>String</ns0:Type>
				  <Value>
                     <Expression>HPTest_VBSCRIPT</Expression>
                  </Value>
               </PluginInput>			   
               <PluginInput>
                  <Name>FDHPT_RESULTS_LOCATION</Name>
                  <ValueType>Expression</ValueType>
                  <ns0:Type>String</ns0:Type>
				  <Value>
                     <Expression>HPTest_RESULTS_LOCATION</Expression>
                  </Value>
               </PluginInput>
            </PluginInputs>
            <UserInputs/>
            <PluginOutputs/>
            <UserOutputs/>
         </InvokePlugin>
      </Step>
   </Steps>
</WorkFlow>
',
    sysdate,
    user,
    sysdate,
    user,
    1
  );

  
update fd.workflow set ACTIVE_WORKFLOW_VERSION_ID=1 where WORKFLOW_ID=1; 
update fd.workflow set ACTIVE_WORKFLOW_VERSION_ID=2 where WORKFLOW_ID=2; 
update fd.workflow set ACTIVE_WORKFLOW_VERSION_ID=3 where WORKFLOW_ID=3; 
update fd.workflow set ACTIVE_WORKFLOW_VERSION_ID=4 where WORKFLOW_ID=4; 
update fd.workflow set ACTIVE_WORKFLOW_VERSION_ID=5 where WORKFLOW_ID=5; 
update fd.workflow set ACTIVE_WORKFLOW_VERSION_ID=6 where WORKFLOW_ID=6; 
update fd.workflow set ACTIVE_WORKFLOW_VERSION_ID=7 where WORKFLOW_ID=7;
update fd.workflow set ACTIVE_WORKFLOW_VERSION_ID=8 where WORKFLOW_ID=8;
update fd.workflow set ACTIVE_WORKFLOW_VERSION_ID=9 where WORKFLOW_ID=9;
update fd.workflow set ACTIVE_WORKFLOW_VERSION_ID=10 where WORKFLOW_ID=10;
  
-- Testing Tools
INSERT INTO FD.TESTING_TOOL (TESTING_TOOL_ID, TESTING_TOOL_NAME) VALUES (1, 'JUnit');
INSERT INTO FD.TESTING_TOOL (TESTING_TOOL_ID, TESTING_TOOL_NAME) VALUES (2, 'TestNG');
INSERT INTO FD.TESTING_TOOL (TESTING_TOOL_ID, TESTING_TOOL_NAME) VALUES (3, 'SoapUI');
INSERT INTO FD.TESTING_TOOL (TESTING_TOOL_ID, TESTING_TOOL_NAME) VALUES (4, 'Oracle Application Test Suite (OATS)');
INSERT INTO FD.TESTING_TOOL (TESTING_TOOL_ID, TESTING_TOOL_NAME) VALUES (5, 'HP Unified Functional Testing (UFT)');

-- Test Definition Qualifiers
INSERT INTO FD.TEST_QUALIFIER (TEST_QUALIFIER_ID, LABEL, ARGUMENT_LABEL, TEST_DEF_GROOVY_EXPRESSION, TEST_SET_GROOVY_EXPRESSION) VALUES
  (1, 'Number of Test Cases PASSED greater than', '', 'TestDefinitionResult.getPassedCount()>QualifierValue', null);
INSERT INTO FD.TEST_QUALIFIER (TEST_QUALIFIER_ID, LABEL, ARGUMENT_LABEL, TEST_DEF_GROOVY_EXPRESSION, TEST_SET_GROOVY_EXPRESSION) VALUES
  (2, 'Number of Test Cases FAILED less than', '', 'TestDefinitionResult.getFailedCount()<QualifierValue', null);
INSERT INTO FD.TEST_QUALIFIER (TEST_QUALIFIER_ID, LABEL, ARGUMENT_LABEL, TEST_DEF_GROOVY_EXPRESSION, TEST_SET_GROOVY_EXPRESSION) VALUES
  (3, 'Percentage of Test Cases PASSED greater than', '%', 'TestDefinitionResult.getPercentPassed()>QualifierValue', null);
INSERT INTO FD.TEST_QUALIFIER (TEST_QUALIFIER_ID, LABEL, ARGUMENT_LABEL, TEST_DEF_GROOVY_EXPRESSION, TEST_SET_GROOVY_EXPRESSION) VALUES
  (4, 'Percentage of Test Cases FAILED less than', '%', 'TestDefinitionResult.getPercentFailed()<QualifierValue', null);
INSERT INTO FD.TEST_QUALIFIER (TEST_QUALIFIER_ID, LABEL, ARGUMENT_LABEL, TEST_DEF_GROOVY_EXPRESSION, TEST_SET_GROOVY_EXPRESSION) VALUES
  (5, 'Percentage of Test Cases PASSED greater than or equal to', '%', 'TestDefinitionResult.getPercentPassed()>=QualifierValue', null);
INSERT INTO FD.TEST_QUALIFIER (TEST_QUALIFIER_ID, LABEL, ARGUMENT_LABEL, TEST_DEF_GROOVY_EXPRESSION, TEST_SET_GROOVY_EXPRESSION) VALUES
  (6, 'Percentage of Test Cases FAILED less than or equal to', '%', 'TestDefinitionResult.getPercentFailed()<=QualifierValue', null);
  
-- Test Set Qualifiers
INSERT INTO FD.TEST_QUALIFIER (TEST_QUALIFIER_ID, LABEL, ARGUMENT_LABEL, TEST_DEF_GROOVY_EXPRESSION, TEST_SET_GROOVY_EXPRESSION) VALUES
  (20, 'Number of Test Definitions PASSED greater than', '', null, 'TestSetResult.getPassedCount()>QualifierValue');
INSERT INTO FD.TEST_QUALIFIER (TEST_QUALIFIER_ID, LABEL, ARGUMENT_LABEL, TEST_DEF_GROOVY_EXPRESSION, TEST_SET_GROOVY_EXPRESSION) VALUES
  (21, 'Number of Test Definitions FAILED less than', '', null, 'TestSetResult.getFailedCount()<QualifierValue');
INSERT INTO FD.TEST_QUALIFIER (TEST_QUALIFIER_ID, LABEL, ARGUMENT_LABEL, TEST_DEF_GROOVY_EXPRESSION, TEST_SET_GROOVY_EXPRESSION) VALUES
  (22, 'Percentage of Test Definitions PASSED greater than', '%', null, 'TestSetResult.getPercentPassed()>QualifierValue');
INSERT INTO FD.TEST_QUALIFIER (TEST_QUALIFIER_ID, LABEL, ARGUMENT_LABEL, TEST_DEF_GROOVY_EXPRESSION, TEST_SET_GROOVY_EXPRESSION) VALUES
  (23, 'Percentage of Test Definitions FAILED less than', '%', null, 'TestSetResult.getPercentFailed()<QualifierValue');
INSERT INTO FD.TEST_QUALIFIER (TEST_QUALIFIER_ID, LABEL, ARGUMENT_LABEL, TEST_DEF_GROOVY_EXPRESSION, TEST_SET_GROOVY_EXPRESSION) VALUES
  (24, 'Percentage of Test Definitions PASSED greater than or equal to', '%', null, 'TestSetResult.getPercentPassed()>=QualifierValue');
INSERT INTO FD.TEST_QUALIFIER (TEST_QUALIFIER_ID, LABEL, ARGUMENT_LABEL, TEST_DEF_GROOVY_EXPRESSION, TEST_SET_GROOVY_EXPRESSION) VALUES
  (25, 'Percentage of Test Definitions FAILED less than or equal to', '%', null, 'TestSetResult.getPercentFailed()<=QualifierValue');
  

INSERT INTO FD.FLEX_FIELD_METADATA  (FLEX_FIELD_METADATA_ID, OBJECT_NAME, COLUMN_NAME, CODE, DISPLAY_NAME, DESCRIPTION, DATATYPE, IS_REQUIRED, IS_ACTIVE,  DISPLAY_ROWS, DISPLAY_COLUMNS, MIN_VALUE, MAX_VALUE, DEFAULT_VALUE, LIST_DATA, VALIDATOR1, LENGTH, CREATED_ON, CREATED_BY, UPDATED_ON, UPDATED_BY, VERSION_NUMBER)
VALUES
(1, 'DeployRequest', 'FLEX_FIELD_1', NULL, 'Default', NULL, NULL, 'N', 'N', 1, 20, NULL, NULL, NULL, NULL, NULL, 0, SYSDATE, 'FD_ADMIN', SYSDATE, 'FD_ADMIN', 1 );

INSERT INTO FD.FLEX_FIELD_METADATA  (FLEX_FIELD_METADATA_ID, OBJECT_NAME, COLUMN_NAME, CODE, DISPLAY_NAME, DESCRIPTION, DATATYPE, IS_REQUIRED, IS_ACTIVE,  DISPLAY_ROWS, DISPLAY_COLUMNS, MIN_VALUE, MAX_VALUE, DEFAULT_VALUE, LIST_DATA, VALIDATOR1, LENGTH, CREATED_ON, CREATED_BY, UPDATED_ON, UPDATED_BY, VERSION_NUMBER)
VALUES
(2, 'DeployRequest', 'FLEX_FIELD_2', NULL, 'Default', NULL, NULL, 'N', 'N', 1, 20, NULL, NULL, NULL, NULL, NULL, 0, SYSDATE, 'FD_ADMIN', SYSDATE, 'FD_ADMIN', 1 );

INSERT INTO FD.FLEX_FIELD_METADATA  (FLEX_FIELD_METADATA_ID, OBJECT_NAME, COLUMN_NAME, CODE, DISPLAY_NAME, DESCRIPTION, DATATYPE, IS_REQUIRED, IS_ACTIVE,  DISPLAY_ROWS, DISPLAY_COLUMNS, MIN_VALUE, MAX_VALUE, DEFAULT_VALUE, LIST_DATA, VALIDATOR1, LENGTH, CREATED_ON, CREATED_BY, UPDATED_ON, UPDATED_BY, VERSION_NUMBER)
VALUES
(3, 'DeployRequest', 'FLEX_FIELD_3', NULL, 'Default', NULL, NULL, 'N', 'N', 1, 20, NULL, NULL, NULL, NULL, NULL, 0, SYSDATE, 'FD_ADMIN', SYSDATE, 'FD_ADMIN', 1 );

INSERT INTO FD.FLEX_FIELD_METADATA  (FLEX_FIELD_METADATA_ID, OBJECT_NAME, COLUMN_NAME, CODE, DISPLAY_NAME, DESCRIPTION, DATATYPE, IS_REQUIRED, IS_ACTIVE,  DISPLAY_ROWS, DISPLAY_COLUMNS, MIN_VALUE, MAX_VALUE, DEFAULT_VALUE, LIST_DATA, VALIDATOR1, LENGTH, CREATED_ON, CREATED_BY, UPDATED_ON, UPDATED_BY, VERSION_NUMBER)
VALUES
(4, 'DeployRequest', 'FLEX_FIELD_4', NULL, 'Default', NULL, NULL, 'N', 'N', 1, 20, NULL, NULL, NULL, NULL, NULL, 0, SYSDATE, 'FD_ADMIN', SYSDATE, 'FD_ADMIN', 1 );

INSERT INTO FD.FLEX_FIELD_METADATA  (FLEX_FIELD_METADATA_ID, OBJECT_NAME, COLUMN_NAME, CODE, DISPLAY_NAME, DESCRIPTION, DATATYPE, IS_REQUIRED, IS_ACTIVE,  DISPLAY_ROWS, DISPLAY_COLUMNS, MIN_VALUE, MAX_VALUE, DEFAULT_VALUE, LIST_DATA, VALIDATOR1, LENGTH, CREATED_ON, CREATED_BY, UPDATED_ON, UPDATED_BY, VERSION_NUMBER)
VALUES
(5, 'DeployRequest', 'FLEX_FIELD_5', NULL, 'Default', NULL, NULL, 'N', 'N', 1, 20, NULL, NULL, NULL, NULL, NULL, 0, SYSDATE, 'FD_ADMIN', SYSDATE, 'FD_ADMIN', 1 );

INSERT INTO FD.FLEX_FIELD_METADATA  (FLEX_FIELD_METADATA_ID, OBJECT_NAME, COLUMN_NAME, CODE, DISPLAY_NAME, DESCRIPTION, DATATYPE, IS_REQUIRED, IS_ACTIVE,  DISPLAY_ROWS, DISPLAY_COLUMNS, MIN_VALUE, MAX_VALUE, DEFAULT_VALUE, LIST_DATA, VALIDATOR1, LENGTH, CREATED_ON, CREATED_BY, UPDATED_ON, UPDATED_BY, VERSION_NUMBER)
VALUES
(6, 'DeployRequest', 'FLEX_FIELD_6', NULL, 'Default', NULL, NULL, 'N', 'N', 1, 20, NULL, NULL, NULL, NULL, NULL, 0, SYSDATE, 'FD_ADMIN', SYSDATE, 'FD_ADMIN', 1 );

INSERT INTO FD.FLEX_FIELD_METADATA  (FLEX_FIELD_METADATA_ID, OBJECT_NAME, COLUMN_NAME, CODE, DISPLAY_NAME, DESCRIPTION, DATATYPE, IS_REQUIRED, IS_ACTIVE,  DISPLAY_ROWS, DISPLAY_COLUMNS, MIN_VALUE, MAX_VALUE, DEFAULT_VALUE, LIST_DATA, VALIDATOR1, LENGTH, CREATED_ON, CREATED_BY, UPDATED_ON, UPDATED_BY, VERSION_NUMBER)
VALUES
(7, 'DeployRequest', 'FLEX_FIELD_7', NULL, 'Default', NULL, NULL, 'N', 'N', 1, 20, NULL, NULL, NULL, NULL, NULL, 0, SYSDATE, 'FD_ADMIN', SYSDATE, 'FD_ADMIN', 1 );

INSERT INTO FD.FLEX_FIELD_METADATA  (FLEX_FIELD_METADATA_ID, OBJECT_NAME, COLUMN_NAME, CODE, DISPLAY_NAME, DESCRIPTION, DATATYPE, IS_REQUIRED, IS_ACTIVE,  DISPLAY_ROWS, DISPLAY_COLUMNS, MIN_VALUE, MAX_VALUE, DEFAULT_VALUE, LIST_DATA, VALIDATOR1, LENGTH, CREATED_ON, CREATED_BY, UPDATED_ON, UPDATED_BY, VERSION_NUMBER)
VALUES
(8, 'DeployRequest', 'FLEX_FIELD_8', NULL, 'Default', NULL, NULL, 'N', 'N', 1, 20, NULL, NULL, NULL, NULL, NULL, 0, SYSDATE, 'FD_ADMIN', SYSDATE, 'FD_ADMIN', 1 );

INSERT INTO FD.FLEX_FIELD_METADATA  (FLEX_FIELD_METADATA_ID, OBJECT_NAME, COLUMN_NAME, CODE, DISPLAY_NAME, DESCRIPTION, DATATYPE, IS_REQUIRED, IS_ACTIVE,  DISPLAY_ROWS, DISPLAY_COLUMNS, MIN_VALUE, MAX_VALUE, DEFAULT_VALUE, LIST_DATA, VALIDATOR1, LENGTH, CREATED_ON, CREATED_BY, UPDATED_ON, UPDATED_BY, VERSION_NUMBER)
VALUES
(9, 'DeployRequest', 'FLEX_FIELD_9', NULL, 'Default', NULL, NULL, 'N', 'N', 1, 20, NULL, NULL, NULL, NULL, NULL, 0, SYSDATE, 'FD_ADMIN', SYSDATE, 'FD_ADMIN', 1 );

INSERT INTO FD.FLEX_FIELD_METADATA  (FLEX_FIELD_METADATA_ID, OBJECT_NAME, COLUMN_NAME, CODE, DISPLAY_NAME, DESCRIPTION, DATATYPE, IS_REQUIRED, IS_ACTIVE,  DISPLAY_ROWS, DISPLAY_COLUMNS, MIN_VALUE, MAX_VALUE, DEFAULT_VALUE, LIST_DATA, VALIDATOR1, LENGTH, CREATED_ON, CREATED_BY, UPDATED_ON, UPDATED_BY, VERSION_NUMBER)
VALUES
(10, 'DeployRequest', 'FLEX_FIELD_10', NULL, 'Default', NULL, NULL, 'N', 'N', 1, 20, NULL, NULL, NULL, NULL, NULL, 0, SYSDATE, 'FD_ADMIN', SYSDATE, 'FD_ADMIN', 1 );

-- templates  
Insert into FD.TEMPLATE (TEMPLATE_ID,TEMPLATE_NAME,DESCRIPTION,CREATED_ON,CREATED_BY,UPDATED_ON,UPDATED_BY,VERSION_NUMBER,READ_ONLY) values (1,'BaseADFApplicationProject','Base template to create ADF application project',SYSDATE,'fdadmin',SYSDATE,'fdadmin',1,'Y');
Insert into FD.TEMPLATE (TEMPLATE_ID,TEMPLATE_NAME,DESCRIPTION,CREATED_ON,CREATED_BY,UPDATED_ON,UPDATED_BY,VERSION_NUMBER,READ_ONLY) values (2,'BaseMixedTechWithDefaultsProject','Base template to create mixed technology projects',SYSDATE,'fdadmin',SYSDATE,'fdadmin',1,'Y');
Insert into FD.TEMPLATE (TEMPLATE_ID,TEMPLATE_NAME,DESCRIPTION,CREATED_ON,CREATED_BY,UPDATED_ON,UPDATED_BY,VERSION_NUMBER,READ_ONLY) values (3,'BaseSOAProject','Base template to create SOA projects',SYSDATE,'fdadmin',SYSDATE,'fdadmin',1,'Y');
Insert into FD.TEMPLATE (TEMPLATE_ID,TEMPLATE_NAME,DESCRIPTION,CREATED_ON,CREATED_BY,UPDATED_ON,UPDATED_BY,VERSION_NUMBER,READ_ONLY) values (4,'BaseEBSFormsProject','Base template to create EBS Forms Project',SYSDATE,'fdadmin',SYSDATE,'fdadmin',1,'Y');
Insert into FD.TEMPLATE (TEMPLATE_ID,TEMPLATE_NAME,DESCRIPTION,CREATED_ON,CREATED_BY,UPDATED_ON,UPDATED_BY,VERSION_NUMBER,READ_ONLY) values (5,'BaseADFLibraryProject','Base template to create ADF library project',SYSDATE,'fdadmin',SYSDATE,'fdadmin',1,'Y');
Insert into FD.TEMPLATE (TEMPLATE_ID,TEMPLATE_NAME,DESCRIPTION,CREATED_ON,CREATED_BY,UPDATED_ON,UPDATED_BY,VERSION_NUMBER,READ_ONLY) values (6,'SimpleADFApplicationProject','Simple template to create ADF application project with fewer inputs.',SYSDATE,'fdadmin',SYSDATE,'fdadmin',1,'Y');
Insert into FD.TEMPLATE (TEMPLATE_ID,TEMPLATE_NAME,DESCRIPTION,CREATED_ON,CREATED_BY,UPDATED_ON,UPDATED_BY,VERSION_NUMBER,READ_ONLY) values (7,'SimpleOSBProject','Simple template to create OSB projects',SYSDATE,'fdadmin',SYSDATE,'fdadmin',1,'Y');
Insert into FD.TEMPLATE (TEMPLATE_ID,TEMPLATE_NAME,DESCRIPTION,CREATED_ON,CREATED_BY,UPDATED_ON,UPDATED_BY,VERSION_NUMBER,READ_ONLY) values (8,'BaseSOAProjectWithCITrigger','Base template to create SOA projects with CI triggers',SYSDATE,'fdadmin',SYSDATE,'fdadmin',1,'Y');

-- template data
Insert into FD.TEMPLATE_DATA (TEMPLATE_DATA_ID,TEMPLATE_ID,SEQUENCE_NUMBER,TEMPLATE_DATA,CREATED_ON,CREATED_BY,UPDATED_ON,UPDATED_BY,VERSION_NUMBER) values (1,1,0,'// defaulting application name to be same as project name' || chr(10) ||
'ApplicationName=ProjectName;' || chr(10) || 
'// defaulting MDS Partition name to be same as project name' || chr(10) || 
'PartitionName=ProjectName;' || chr(10) || 
'Project.setProjectName(ProjectName);' || chr(10) || 
'Project.setActive(true);'  || chr(10) || 
'Project.setSCMType(SCMType);' || chr(10) || 
'Project.setBuildWorkflowName(BuildWorkflowName);' || chr(10) || 
'Project.setDeployWorkflowName(DeployWorkflowName);'  || chr(10) || 
'Project.setProjectPath(ProjectPath);' || chr(10) ||
'Project.setBuildInstanceName(BuildInstanceName);' || chr(10) ||
'Project.addDeployInstances(DeployInstanceNames);' || chr(10) || 
'Project.addSVNConfig(1,SCMConfigInstanceName);' || chr(10) ||
'Project.setDeployPriority(1);' || chr(10) ||
'Project.setDescription(Description);' || chr(10) ||
'// not needed if Project defaults is used' || chr(10) || 
'Project.createStream("trunk","\"1.0.\" + SequenceNumber");' || chr(10) || 
'Project.addProperty("FDWLS_USE_VERSIONS", false);' || chr(10) || 
'Project.addProperty("FDWLS_SERVER_OR_CLUSTER_NAMES", ServerOrClusterNames);' || chr(10) || 
'Project.addProperty("FDWLS_APPLICATION_NAME", ApplicationName);' || chr(10) || 
'Project.addProperty("FDADF_PARTITION_NAME", PartitionName);',SYSDATE,'fdadmin',SYSDATE,'fdadmin',1);
Insert into FD.TEMPLATE_DATA (TEMPLATE_DATA_ID,TEMPLATE_ID,SEQUENCE_NUMBER,TEMPLATE_DATA,CREATED_ON,CREATED_BY,UPDATED_ON,UPDATED_BY,VERSION_NUMBER) values (2,2,0,'Project.setProjectName(ProjectName)' || chr(10) ||
'Project.setActive(true);' || chr(10) || 
'Project.setSCMType(SCMType);' || chr(10) || 
'Project.setProjectPath(ProjectPath);' || chr(10) || 
'Project.setBuildInstanceName(BuildInstanceName);' || chr(10) || 
'Project.addDeployInstances(DeployInstanceNames);' || chr(10) || 
'Project.setDeployPriority(1);' || chr(10) || 
'Project.setDescription(Description);' || chr(10) || 
'// not needed if Project defaults is used' || chr(10) || 
'Project.createStream("trunk","\"1.0.\" + SequenceNumber");' || chr(10) || 
'// create the SCM configuration for an SVN repository' || chr(10) || 
'Project.addSVNConfig(1,SCMConfigInstanceName, "\"/\" + ProjectName + \"/trunk/\"", "\"/\" + ProjectName + \"/branches/\" + StreamName","\"/\" + ProjectName + \"/tags/\" + ProjectVersion","ProjectName");' || chr(10) || 
'if ("SOA".equals(ProjectType))' || chr(10) || 
'{' || chr(10) || 
'  // best practice is to have the projectName be the same as the composite name' || chr(10) || 
'  CompositeName=ProjectName;' || chr(10) || 
'  Project.setBuildWorkflowName("buildComposite");' || chr(10) || 
'  Project.setDeployWorkflowName("deployComposite");' || chr(10) || 
'  Project.addProperty("FDSOA_COMPOSITE_NAME", CompositeName);' || chr(10) || 
'  Project.addProperty("FDSOA_PARTITION", Partition);' || chr(10) || 
'  Project.addProperty("FDSOA_OVERWRITE_REVISION", OverwriteRevision);' || chr(10) || 
'  Project.addProperty("FDSOA_MAKE_DEFAULT_REVISION", MakeDefaultRevision);' || chr(10) || 
'}',SYSDATE,'fdadmin',SYSDATE,'fdadmin',1);
Insert into FD.TEMPLATE_DATA (TEMPLATE_DATA_ID,TEMPLATE_ID,SEQUENCE_NUMBER,TEMPLATE_DATA,CREATED_ON,CREATED_BY,UPDATED_ON,UPDATED_BY,VERSION_NUMBER) values (3,3,0,'// best practice is to have the projectName be the same as the composite name' || chr(10) ||
'CompositeName=ProjectName;' || chr(10) ||
'Project.setProjectName(ProjectName);' || chr(10) ||
'Project.setActive(true);' || chr(10) ||
'Project.setSCMType(SCMType);' || chr(10) ||
'Project.setBuildWorkflowName(BuildWorkflowName);' || chr(10) ||
'Project.setDeployWorkflowName(DeployWorkflowName);' || chr(10) ||
'Project.setProjectPath(ProjectPath);' || chr(10) ||
'Project.setBuildInstanceName(BuildInstanceName);' || chr(10) ||
'Project.addDeployInstances(DeployInstanceNames);' || chr(10) ||
'Project.addSVNConfig(1,SCMConfigInstanceName);' || chr(10) ||
'// not needed if Project defaults is used' || chr(10) ||
'Project.createStream("trunk","\"1.0.\" + SequenceNumber");' || chr(10) ||
'Project.setDeployPriority(DeployPriority);' || chr(10) ||
'Project.setDescription(Description);' || chr(10) ||
'Project.addProperty("FDSOA_COMPOSITE_NAME", CompositeName);' || chr(10) ||
'Project.addProperty("FDSOA_PARTITION", Partition);' || chr(10) ||
'Project.addProperty("FDSOA_OVERWRITE_REVISION", OverwriteRevision);' || chr(10) ||
'Project.addProperty("FDSOA_MAKE_DEFAULT_REVISION", MakeDefaultRevision);',SYSDATE,'fdadmin',SYSDATE,'fdadmin',1);
Insert into FD.TEMPLATE_DATA (TEMPLATE_DATA_ID,TEMPLATE_ID,SEQUENCE_NUMBER,TEMPLATE_DATA,CREATED_ON,CREATED_BY,UPDATED_ON,UPDATED_BY,VERSION_NUMBER) values (4,4,0,'Project.setProjectName(ProjectName);' || chr(10) ||
'Project.setActive(Active);' || chr(10) ||
'Project.setSCMType(SCMType);' || chr(10) ||
'Project.setBuildWorkflowName(BuildWorkflowName);' || chr(10) ||
'Project.setDeployWorkflowName(DeployWorkflowName);' || chr(10) ||
'Project.setProjectPath(ProjectPath);' || chr(10) ||
'Project.setBuildInstanceName(BuildInstanceName);' || chr(10) ||
'Project.addDeployInstances(DeployInstanceNames);' || chr(10) ||
'Project.addSVNConfig(1,SCMConfigInstanceName);' || chr(10) ||
'Project.setDeployPriority(1);' || chr(10) ||
'// not needed if Project defaults is used' || chr(10) ||
'Project.createStream("trunk","\"1.0.\" + SequenceNumber");' || chr(10) ||
'Project.setDescription(Description);' || chr(10) ||
'Project.addProperty("FDEBS_APPLICATION_SHORT_NAME", ApplicationShortName);' || chr(10) ||
'Project.addProperty("FDEBS_FILE_EXCLUDES", FileExcludes);' || chr(10) ||
'Project.addProperty("FDEBS_FORMS_ROOT_SOURCE_DIR", FormsRootSourceDir);' || chr(10) ||
'Project.addProperty("FDEBS_STOP_ON_ERROR", StopOnError);' || chr(10) ||
'Project.addProperty("FDEBS_FORMS_CLASSPATH", FormsClassPath);' || chr(10) ||
'Project.addProperty("FDEBS_FORMS_ROOT_DESTINATION_DIR", FormsRootDestinationDir);' || chr(10) ||
'Project.addProperty("FDEBS_FORMS_ROOT_STAGE_DIR", FormsRootStageDir);',SYSDATE,'fdadmin',SYSDATE,'fdadmin',1);
Insert into FD.TEMPLATE_DATA (TEMPLATE_DATA_ID,TEMPLATE_ID,SEQUENCE_NUMBER,TEMPLATE_DATA,CREATED_ON,CREATED_BY,UPDATED_ON,UPDATED_BY,VERSION_NUMBER) values (5,5,0,'// best practice is to have the projectName be the same as the library name' || chr(10) ||
'LibraryName=ProjectName;' || chr(10) ||
'Project.setProjectName(ProjectName);' || chr(10) ||
'Project.setActive(true);' || chr(10) ||
'Project.setSCMType(SCMType);' || chr(10) ||
'Project.setBuildWorkflowName(BuildWorkflowName);' || chr(10) ||
'Project.setDeployWorkflowName(DeployWorkflowName);' || chr(10) ||
'Project.setProjectPath(ProjectPath);' || chr(10) ||
'Project.setBuildInstanceName(BuildInstanceName);' || chr(10) ||
'Project.addDeployInstances(DeployInstanceNames);' || chr(10) ||
'Project.addSVNConfig(1,SCMConfigInstanceName);' || chr(10) ||
'Project.setDeployPriority(1);' || chr(10) ||
'// not needed if Project defaults is used' || chr(10) ||
'Project.createStream("trunk","\"1.0.\" + SequenceNumber");' || chr(10) ||
'Project.setDescription(Description);' || chr(10) ||
'Project.addProperty("FDWLS_USE_VERSIONS", true);' || chr(10) ||
'Project.addProperty("FDWLS_SERVER_OR_CLUSTER_NAMES", ServerOrClusterNames);' || chr(10) ||
'Project.addProperty("FDWLS_LIBRARY_NAME", LibraryName);',SYSDATE,'fdadmin',SYSDATE,'fdadmin',1);
Insert into FD.TEMPLATE_DATA (TEMPLATE_DATA_ID,TEMPLATE_ID,SEQUENCE_NUMBER,TEMPLATE_DATA,CREATED_ON,CREATED_BY,UPDATED_ON,UPDATED_BY,VERSION_NUMBER) values (6,6,0,'// defaulting application name to be same as project name' || chr(10) ||
'ApplicationName=ProjectName;' || chr(10) || 
'// defaulting MDS Partition name to be same as project name' || chr(10) || 
'PartitionName=ProjectName;' || chr(10) || 
'Project.setProjectName(ProjectName);' || chr(10) || 
'Project.setActive(true);'  || chr(10) || 
'Project.setSCMType(''SVN'');' || chr(10) || 
'// defaulting ADF build and deploy workflow names, most likely they are same for all projects.' || chr(10) || 
'// Modify according to your workflow names.' || chr(10) || 
'Project.setBuildWorkflowName(''ADF_BUILD'');' || chr(10) || 
'Project.setDeployWorkflowName(''ADF_DEPLOY'');'  || chr(10) || 
'Project.setProjectPath(ProjectPath);' || chr(10) ||
'// Not defaulting Build and Deploy instance names here, but they can be either defaulted here as per your topology setup Or' || chr(10) || 
'// thees can be derived based on some input. For example, ProjectType input ADF11G or ADF12C' || chr(10) || 
'// can be used to default build and deploy instance names.' || chr(10) || 
'Project.setBuildInstanceName(BuildInstanceName);' || chr(10) ||
'Project.addDeployInstances(DeployInstanceNames);' || chr(10) || 
'Project.addSVNConfig(1,SCMConfigInstanceName);' || chr(10) ||
'Project.setDeployPriority(1);' || chr(10) ||
'Project.setDescription(Description);' || chr(10) ||
'Project.addProperty("FDWLS_USE_VERSIONS", false);' || chr(10) || 
'Project.addProperty("FDWLS_SERVER_OR_CLUSTER_NAMES", ServerOrClusterNames);' || chr(10) || 
'Project.addProperty("FDWLS_APPLICATION_NAME", ApplicationName);' || chr(10) || 
'if(UseMDS == true)' || chr(10) || 
'{' || chr(10) || 
'    Project.addProperty("FDADF_PARTITION_NAME", PartitionName);' || chr(10) || 
'}',SYSDATE,'fdadmin',SYSDATE,'fdadmin',1);
Insert into FD.TEMPLATE_DATA (TEMPLATE_DATA_ID,TEMPLATE_ID,SEQUENCE_NUMBER,TEMPLATE_DATA,CREATED_ON,CREATED_BY,UPDATED_ON,UPDATED_BY,VERSION_NUMBER) values (7,7,0,'// best practice is to have the projectName be the same as the composite name' || chr(10) ||
'Project.setProjectName(ProjectName);' || chr(10) ||
'Project.setActive(true);' || chr(10) ||
'Project.setSCMType(''SVN'');' || chr(10) || 
'// defaulting ADF build and deploy workflow names, most likely they are same for all projects.' || chr(10) || 
'// Modify according to your workflow names.' || chr(10) || 
'Project.setBuildWorkflowName(''OSB_BUILD'');' || chr(10) || 
'Project.setDeployWorkflowName(''OSB_DEPLOY'');'  || chr(10) || 
'Project.setProjectPath(ProjectPath);' || chr(10) ||
'Project.setBuildInstanceName(BuildInstanceName);' || chr(10) ||
'Project.addDeployInstances(DeployInstanceNames);' || chr(10) ||
'Project.addSVNConfig(1,SCMConfigInstanceName);' || chr(10) ||
'// not needed if Project defaults is used' || chr(10) ||
'Project.createStream("trunk","\"1.0.\" + SequenceNumber");' || chr(10) ||
'Project.setDeployPriority(DeployPriority);' || chr(10) ||
'Project.setDescription(Description);' || chr(10) ||
'Project.addProperty("FDOSB_CONFIG_PROJECT_NAME", ConfigProjectName);' || chr(10) ||
'Project.addProperty("FDOSB_PROJECT_NAME", ProjectName);' || chr(10) ||
'Project.addProperty("FDOSB_JAR_NAME", ProjectName + ".jar");' || chr(10) ||
'Project.addProperty("FDOSB_PASSPHRASE", Passphrase);' || chr(10) ||
'Project.addProperty("FDOSB_CUSTOMIZATION_FILE", CustomizationFile);',SYSDATE,'fdadmin',SYSDATE,'fdadmin',1);
Insert into FD.TEMPLATE_DATA (TEMPLATE_DATA_ID,TEMPLATE_ID,SEQUENCE_NUMBER,TEMPLATE_DATA,CREATED_ON,CREATED_BY,UPDATED_ON,UPDATED_BY,VERSION_NUMBER) values (8,8,0,'// best practice is to have the projectName be the same as the composite name' || chr(10) ||
'CompositeName=ProjectName;' || chr(10) ||
'Project.setProjectName(ProjectName);' || chr(10) ||
'Project.setActive(true);' || chr(10) ||
'Project.setDeployPriorityScope(DeployPriorityScope);' || chr(10) ||
'Project.setSCMType(SCMType);' || chr(10) ||
'Project.setBuildWorkflowName(BuildWorkflowName);' || chr(10) ||
'Project.setDeployWorkflowName(DeployWorkflowName);' || chr(10) ||
'Project.setProjectPath(ProjectPath);' || chr(10) ||
'Project.setBuildInstanceName(BuildInstanceName);' || chr(10) ||
'Project.addDeployInstances(DeployInstanceNames);' || chr(10) ||
'Project.addSVNConfig(1,SCMConfigInstanceName);' || chr(10) ||
'// not needed if Project defaults is used' || chr(10) ||
'Project.createStream("trunk","\"1.0.\" + SequenceNumber");' || chr(10) ||
'Project.setDeployPriority(DeployPriority);' || chr(10) ||
'Project.setDescription(Description);' || chr(10) ||
'Project.addProperty("FDSOA_COMPOSITE_NAME", CompositeName);' || chr(10) ||
'Project.addProperty("FDSOA_PARTITION", Partition);' || chr(10) ||
'Project.addProperty("FDSOA_OVERWRITE_REVISION", OverwriteRevision);' || chr(10) ||
'Project.addProperty("FDSOA_MAKE_DEFAULT_REVISION", MakeDefaultRevision);' || chr(10) ||
'if (TriggerType.equals("POST_BUILD"))' || chr(10) ||
'{' || chr(10) ||
'  Project.addPostBuildTrigger(TrgStream, TrgEnv);' || chr(10) ||
'}' || chr(10) ||
'else if (TriggerType.equals("SCH_DEPLOY"))' || chr(10) ||
'{' || chr(10) ||
'  Project.addScheduledDeployTrigger(TrgCronExp, TrgStream, TrgEnv);' || chr(10) ||
'}' || chr(10) ||
'else if (TriggerType.equals("SCH_BUILD"))' || chr(10) ||
'{' || chr(10) ||
'  Project.addScheduledBuildTrigger(TrgCronExp, TrgStream, TrgEnv);' || chr(10) ||
'}' || chr(10) ||
'else' || chr(10) ||
'{' || chr(10) ||
'  retTrigger = Project.addPollSCMTrigger(TrgInterval, TrgStream, TrgEnv);' || chr(10) ||
'  retTrigger.addInput("inputName", TrgInput);' || chr(10) ||
'}',SYSDATE,'fdadmin',SYSDATE,'fdadmin',1);

-- template inputs
Insert into FD.TEMPLATE_INPUT (TEMPLATE_INPUT_ID,TEMPLATE_ID,INPUT_NAME,INPUT_TYPE,CREATED_ON,CREATED_BY,UPDATED_ON,UPDATED_BY,VERSION_NUMBER) values (1,1,'ProjectName','String',SYSDATE,'fdadmin',SYSDATE,'fdadmin',1);
--Insert into FD.TEMPLATE_INPUT (TEMPLATE_INPUT_ID,TEMPLATE_ID,INPUT_NAME,INPUT_TYPE,CREATED_ON,CREATED_BY,UPDATED_ON,UPDATED_BY,VERSION_NUMBER) values (2,1,'Active','Boolean',SYSDATE,'fdadmin',SYSDATE,'fdadmin',1);
Insert into FD.TEMPLATE_INPUT (TEMPLATE_INPUT_ID,TEMPLATE_ID,INPUT_NAME,INPUT_TYPE,CREATED_ON,CREATED_BY,UPDATED_ON,UPDATED_BY,VERSION_NUMBER) values (3,1,'SCMType','String',SYSDATE,'fdadmin',SYSDATE,'fdadmin',1);
Insert into FD.TEMPLATE_INPUT (TEMPLATE_INPUT_ID,TEMPLATE_ID,INPUT_NAME,INPUT_TYPE,CREATED_ON,CREATED_BY,UPDATED_ON,UPDATED_BY,VERSION_NUMBER) values (4,1,'BuildWorkflowName','String',SYSDATE,'fdadmin',SYSDATE,'fdadmin',1);
Insert into FD.TEMPLATE_INPUT (TEMPLATE_INPUT_ID,TEMPLATE_ID,INPUT_NAME,INPUT_TYPE,CREATED_ON,CREATED_BY,UPDATED_ON,UPDATED_BY,VERSION_NUMBER) values (5,1,'DeployWorkflowName','String',SYSDATE,'fdadmin',SYSDATE,'fdadmin',1);
Insert into FD.TEMPLATE_INPUT (TEMPLATE_INPUT_ID,TEMPLATE_ID,INPUT_NAME,INPUT_TYPE,CREATED_ON,CREATED_BY,UPDATED_ON,UPDATED_BY,VERSION_NUMBER) values (6,1,'ProjectPath','String',SYSDATE,'fdadmin',SYSDATE,'fdadmin',1);
Insert into FD.TEMPLATE_INPUT (TEMPLATE_INPUT_ID,TEMPLATE_ID,INPUT_NAME,INPUT_TYPE,CREATED_ON,CREATED_BY,UPDATED_ON,UPDATED_BY,VERSION_NUMBER) values (7,1,'BuildInstanceName','String',SYSDATE,'fdadmin',SYSDATE,'fdadmin',1);
Insert into FD.TEMPLATE_INPUT (TEMPLATE_INPUT_ID,TEMPLATE_ID,INPUT_NAME,INPUT_TYPE,CREATED_ON,CREATED_BY,UPDATED_ON,UPDATED_BY,VERSION_NUMBER) values (8,1,'DeployInstanceNames','String',SYSDATE,'fdadmin',SYSDATE,'fdadmin',1);
Insert into FD.TEMPLATE_INPUT (TEMPLATE_INPUT_ID,TEMPLATE_ID,INPUT_NAME,INPUT_TYPE,CREATED_ON,CREATED_BY,UPDATED_ON,UPDATED_BY,VERSION_NUMBER) values (9,1,'SCMConfigInstanceName','String',SYSDATE,'fdadmin',SYSDATE,'fdadmin',1);
--Insert into FD.TEMPLATE_INPUT (TEMPLATE_INPUT_ID,TEMPLATE_ID,INPUT_NAME,INPUT_TYPE,CREATED_ON,CREATED_BY,UPDATED_ON,UPDATED_BY,VERSION_NUMBER) values (10,1,'UseVersions','Boolean',SYSDATE,'fdadmin',SYSDATE,'fdadmin',1);
--Insert into FD.TEMPLATE_INPUT (TEMPLATE_INPUT_ID,TEMPLATE_ID,INPUT_NAME,INPUT_TYPE,CREATED_ON,CREATED_BY,UPDATED_ON,UPDATED_BY,VERSION_NUMBER) values (11,1,'DeployPriority','Integer',SYSDATE,'fdadmin',SYSDATE,'fdadmin',1);
Insert into FD.TEMPLATE_INPUT (TEMPLATE_INPUT_ID,TEMPLATE_ID,INPUT_NAME,INPUT_TYPE,CREATED_ON,CREATED_BY,UPDATED_ON,UPDATED_BY,VERSION_NUMBER) values (12,1,'Description','String',SYSDATE,'fdadmin',SYSDATE,'fdadmin',1);
Insert into FD.TEMPLATE_INPUT (TEMPLATE_INPUT_ID,TEMPLATE_ID,INPUT_NAME,INPUT_TYPE,CREATED_ON,CREATED_BY,UPDATED_ON,UPDATED_BY,VERSION_NUMBER) values (13,1,'ServerOrClusterNames','String',SYSDATE,'fdadmin',SYSDATE,'fdadmin',1);
--Insert into FD.TEMPLATE_INPUT (TEMPLATE_INPUT_ID,TEMPLATE_ID,INPUT_NAME,INPUT_TYPE,CREATED_ON,CREATED_BY,UPDATED_ON,UPDATED_BY,VERSION_NUMBER) values (14,1,'PartitionName','String',SYSDATE,'fdadmin',SYSDATE,'fdadmin',1);
Insert into FD.TEMPLATE_INPUT (TEMPLATE_INPUT_ID,TEMPLATE_ID,INPUT_NAME,INPUT_TYPE,CREATED_ON,CREATED_BY,UPDATED_ON,UPDATED_BY,VERSION_NUMBER) values (15,2,'Partition','String',SYSDATE,'fdadmin',SYSDATE,'fdadmin',1);
Insert into FD.TEMPLATE_INPUT (TEMPLATE_INPUT_ID,TEMPLATE_ID,INPUT_NAME,INPUT_TYPE,CREATED_ON,CREATED_BY,UPDATED_ON,UPDATED_BY,VERSION_NUMBER) values (16,2,'ProjectPath','String',SYSDATE,'fdadmin',SYSDATE,'fdadmin',1);
Insert into FD.TEMPLATE_INPUT (TEMPLATE_INPUT_ID,TEMPLATE_ID,INPUT_NAME,INPUT_TYPE,CREATED_ON,CREATED_BY,UPDATED_ON,UPDATED_BY,VERSION_NUMBER) values (17,2,'ProjectName','String',SYSDATE,'fdadmin',SYSDATE,'fdadmin',1);
Insert into FD.TEMPLATE_INPUT (TEMPLATE_INPUT_ID,TEMPLATE_ID,INPUT_NAME,INPUT_TYPE,CREATED_ON,CREATED_BY,UPDATED_ON,UPDATED_BY,VERSION_NUMBER) values (18,2,'BuildInstanceName','String',SYSDATE,'fdadmin',SYSDATE,'fdadmin',1);
Insert into FD.TEMPLATE_INPUT (TEMPLATE_INPUT_ID,TEMPLATE_ID,INPUT_NAME,INPUT_TYPE,CREATED_ON,CREATED_BY,UPDATED_ON,UPDATED_BY,VERSION_NUMBER) values (19,2,'DeployInstanceNames','String',SYSDATE,'fdadmin',SYSDATE,'fdadmin',1);
Insert into FD.TEMPLATE_INPUT (TEMPLATE_INPUT_ID,TEMPLATE_ID,INPUT_NAME,INPUT_TYPE,CREATED_ON,CREATED_BY,UPDATED_ON,UPDATED_BY,VERSION_NUMBER) values (20,2,'OverwriteRevision','Boolean',SYSDATE,'fdadmin',SYSDATE,'fdadmin',1);
Insert into FD.TEMPLATE_INPUT (TEMPLATE_INPUT_ID,TEMPLATE_ID,INPUT_NAME,INPUT_TYPE,CREATED_ON,CREATED_BY,UPDATED_ON,UPDATED_BY,VERSION_NUMBER) values (21,2,'ProjectType','String',SYSDATE,'fdadmin',SYSDATE,'fdadmin',1);
Insert into FD.TEMPLATE_INPUT (TEMPLATE_INPUT_ID,TEMPLATE_ID,INPUT_NAME,INPUT_TYPE,CREATED_ON,CREATED_BY,UPDATED_ON,UPDATED_BY,VERSION_NUMBER) values (22,2,'SCMConfigInstanceName','String',SYSDATE,'fdadmin',SYSDATE,'fdadmin',1);
Insert into FD.TEMPLATE_INPUT (TEMPLATE_INPUT_ID,TEMPLATE_ID,INPUT_NAME,INPUT_TYPE,CREATED_ON,CREATED_BY,UPDATED_ON,UPDATED_BY,VERSION_NUMBER) values (23,2,'SCMType','String',SYSDATE,'fdadmin',SYSDATE,'fdadmin',1);
Insert into FD.TEMPLATE_INPUT (TEMPLATE_INPUT_ID,TEMPLATE_ID,INPUT_NAME,INPUT_TYPE,CREATED_ON,CREATED_BY,UPDATED_ON,UPDATED_BY,VERSION_NUMBER) values (24,2,'Description','String',SYSDATE,'fdadmin',SYSDATE,'fdadmin',1);
--Insert into FD.TEMPLATE_INPUT (TEMPLATE_INPUT_ID,TEMPLATE_ID,INPUT_NAME,INPUT_TYPE,CREATED_ON,CREATED_BY,UPDATED_ON,UPDATED_BY,VERSION_NUMBER) values (25,2,'DeployPriority','Integer',SYSDATE,'fdadmin',SYSDATE,'fdadmin',1);
Insert into FD.TEMPLATE_INPUT (TEMPLATE_INPUT_ID,TEMPLATE_ID,INPUT_NAME,INPUT_TYPE,CREATED_ON,CREATED_BY,UPDATED_ON,UPDATED_BY,VERSION_NUMBER) values (26,2,'MakeDefaultRevision','Boolean',SYSDATE,'fdadmin',SYSDATE,'fdadmin',1);
--Insert into FD.TEMPLATE_INPUT (TEMPLATE_INPUT_ID,TEMPLATE_ID,INPUT_NAME,INPUT_TYPE,CREATED_ON,CREATED_BY,UPDATED_ON,UPDATED_BY,VERSION_NUMBER) values (27,3,'Active','Boolean',SYSDATE,'fdadmin',SYSDATE,'fdadmin',1);
Insert into FD.TEMPLATE_INPUT (TEMPLATE_INPUT_ID,TEMPLATE_ID,INPUT_NAME,INPUT_TYPE,CREATED_ON,CREATED_BY,UPDATED_ON,UPDATED_BY,VERSION_NUMBER) values (28,3,'Partition','String',SYSDATE,'fdadmin',SYSDATE,'fdadmin',1);
Insert into FD.TEMPLATE_INPUT (TEMPLATE_INPUT_ID,TEMPLATE_ID,INPUT_NAME,INPUT_TYPE,CREATED_ON,CREATED_BY,UPDATED_ON,UPDATED_BY,VERSION_NUMBER) values (29,3,'MakeDefaultRevision','Boolean',SYSDATE,'fdadmin',SYSDATE,'fdadmin',1);
Insert into FD.TEMPLATE_INPUT (TEMPLATE_INPUT_ID,TEMPLATE_ID,INPUT_NAME,INPUT_TYPE,CREATED_ON,CREATED_BY,UPDATED_ON,UPDATED_BY,VERSION_NUMBER) values (30,3,'OverwriteRevision','Boolean',SYSDATE,'fdadmin',SYSDATE,'fdadmin',1);
Insert into FD.TEMPLATE_INPUT (TEMPLATE_INPUT_ID,TEMPLATE_ID,INPUT_NAME,INPUT_TYPE,CREATED_ON,CREATED_BY,UPDATED_ON,UPDATED_BY,VERSION_NUMBER) values (31,3,'Description','String',SYSDATE,'fdadmin',SYSDATE,'fdadmin',1);
Insert into FD.TEMPLATE_INPUT (TEMPLATE_INPUT_ID,TEMPLATE_ID,INPUT_NAME,INPUT_TYPE,CREATED_ON,CREATED_BY,UPDATED_ON,UPDATED_BY,VERSION_NUMBER) values (32,3,'DeployPriority','Integer',SYSDATE,'fdadmin',SYSDATE,'fdadmin',1);
Insert into FD.TEMPLATE_INPUT (TEMPLATE_INPUT_ID,TEMPLATE_ID,INPUT_NAME,INPUT_TYPE,CREATED_ON,CREATED_BY,UPDATED_ON,UPDATED_BY,VERSION_NUMBER) values (33,3,'ProjectPath','String',SYSDATE,'fdadmin',SYSDATE,'fdadmin',1);
Insert into FD.TEMPLATE_INPUT (TEMPLATE_INPUT_ID,TEMPLATE_ID,INPUT_NAME,INPUT_TYPE,CREATED_ON,CREATED_BY,UPDATED_ON,UPDATED_BY,VERSION_NUMBER) values (34,3,'ProjectName','String',SYSDATE,'fdadmin',SYSDATE,'fdadmin',1);
Insert into FD.TEMPLATE_INPUT (TEMPLATE_INPUT_ID,TEMPLATE_ID,INPUT_NAME,INPUT_TYPE,CREATED_ON,CREATED_BY,UPDATED_ON,UPDATED_BY,VERSION_NUMBER) values (35,3,'BuildWorkflowName','String',SYSDATE,'fdadmin',SYSDATE,'fdadmin',1);
Insert into FD.TEMPLATE_INPUT (TEMPLATE_INPUT_ID,TEMPLATE_ID,INPUT_NAME,INPUT_TYPE,CREATED_ON,CREATED_BY,UPDATED_ON,UPDATED_BY,VERSION_NUMBER) values (36,3,'DeployWorkflowName','String',SYSDATE,'fdadmin',SYSDATE,'fdadmin',1);
Insert into FD.TEMPLATE_INPUT (TEMPLATE_INPUT_ID,TEMPLATE_ID,INPUT_NAME,INPUT_TYPE,CREATED_ON,CREATED_BY,UPDATED_ON,UPDATED_BY,VERSION_NUMBER) values (37,3,'BuildInstanceName','String',SYSDATE,'fdadmin',SYSDATE,'fdadmin',1);
Insert into FD.TEMPLATE_INPUT (TEMPLATE_INPUT_ID,TEMPLATE_ID,INPUT_NAME,INPUT_TYPE,CREATED_ON,CREATED_BY,UPDATED_ON,UPDATED_BY,VERSION_NUMBER) values (38,3,'DeployInstanceNames','String',SYSDATE,'fdadmin',SYSDATE,'fdadmin',1);
Insert into FD.TEMPLATE_INPUT (TEMPLATE_INPUT_ID,TEMPLATE_ID,INPUT_NAME,INPUT_TYPE,CREATED_ON,CREATED_BY,UPDATED_ON,UPDATED_BY,VERSION_NUMBER) values (39,3,'SCMType','String',SYSDATE,'fdadmin',SYSDATE,'fdadmin',1);
Insert into FD.TEMPLATE_INPUT (TEMPLATE_INPUT_ID,TEMPLATE_ID,INPUT_NAME,INPUT_TYPE,CREATED_ON,CREATED_BY,UPDATED_ON,UPDATED_BY,VERSION_NUMBER) values (40,3,'SCMConfigInstanceName','String',SYSDATE,'fdadmin',SYSDATE,'fdadmin',1);
Insert into FD.TEMPLATE_INPUT (TEMPLATE_INPUT_ID,TEMPLATE_ID,INPUT_NAME,INPUT_TYPE,CREATED_ON,CREATED_BY,UPDATED_ON,UPDATED_BY,VERSION_NUMBER) values (41,4,'Description','String',SYSDATE,'fdadmin',SYSDATE,'fdadmin',1);
Insert into FD.TEMPLATE_INPUT (TEMPLATE_INPUT_ID,TEMPLATE_ID,INPUT_NAME,INPUT_TYPE,CREATED_ON,CREATED_BY,UPDATED_ON,UPDATED_BY,VERSION_NUMBER) values (42,4,'ProjectName','String',SYSDATE,'fdadmin',SYSDATE,'fdadmin',1);
Insert into FD.TEMPLATE_INPUT (TEMPLATE_INPUT_ID,TEMPLATE_ID,INPUT_NAME,INPUT_TYPE,CREATED_ON,CREATED_BY,UPDATED_ON,UPDATED_BY,VERSION_NUMBER) values (43,4,'Active','Boolean',SYSDATE,'fdadmin',SYSDATE,'fdadmin',1);
Insert into FD.TEMPLATE_INPUT (TEMPLATE_INPUT_ID,TEMPLATE_ID,INPUT_NAME,INPUT_TYPE,CREATED_ON,CREATED_BY,UPDATED_ON,UPDATED_BY,VERSION_NUMBER) values (44,4,'SCMType','String',SYSDATE,'fdadmin',SYSDATE,'fdadmin',1);
Insert into FD.TEMPLATE_INPUT (TEMPLATE_INPUT_ID,TEMPLATE_ID,INPUT_NAME,INPUT_TYPE,CREATED_ON,CREATED_BY,UPDATED_ON,UPDATED_BY,VERSION_NUMBER) values (45,4,'BuildWorkflowName','String',SYSDATE,'fdadmin',SYSDATE,'fdadmin',1);
Insert into FD.TEMPLATE_INPUT (TEMPLATE_INPUT_ID,TEMPLATE_ID,INPUT_NAME,INPUT_TYPE,CREATED_ON,CREATED_BY,UPDATED_ON,UPDATED_BY,VERSION_NUMBER) values (46,4,'DeployWorkflowName','String',SYSDATE,'fdadmin',SYSDATE,'fdadmin',1);
Insert into FD.TEMPLATE_INPUT (TEMPLATE_INPUT_ID,TEMPLATE_ID,INPUT_NAME,INPUT_TYPE,CREATED_ON,CREATED_BY,UPDATED_ON,UPDATED_BY,VERSION_NUMBER) values (47,4,'ProjectPath','String',SYSDATE,'fdadmin',SYSDATE,'fdadmin',1);
Insert into FD.TEMPLATE_INPUT (TEMPLATE_INPUT_ID,TEMPLATE_ID,INPUT_NAME,INPUT_TYPE,CREATED_ON,CREATED_BY,UPDATED_ON,UPDATED_BY,VERSION_NUMBER) values (48,4,'BuildInstanceName','String',SYSDATE,'fdadmin',SYSDATE,'fdadmin',1);
Insert into FD.TEMPLATE_INPUT (TEMPLATE_INPUT_ID,TEMPLATE_ID,INPUT_NAME,INPUT_TYPE,CREATED_ON,CREATED_BY,UPDATED_ON,UPDATED_BY,VERSION_NUMBER) values (49,4,'DeployInstanceNames','String',SYSDATE,'fdadmin',SYSDATE,'fdadmin',1);
Insert into FD.TEMPLATE_INPUT (TEMPLATE_INPUT_ID,TEMPLATE_ID,INPUT_NAME,INPUT_TYPE,CREATED_ON,CREATED_BY,UPDATED_ON,UPDATED_BY,VERSION_NUMBER) values (50,4,'SCMConfigInstanceName','String',SYSDATE,'fdadmin',SYSDATE,'fdadmin',1);
Insert into FD.TEMPLATE_INPUT (TEMPLATE_INPUT_ID,TEMPLATE_ID,INPUT_NAME,INPUT_TYPE,CREATED_ON,CREATED_BY,UPDATED_ON,UPDATED_BY,VERSION_NUMBER) values (51,4,'ApplicationShortName','String',SYSDATE,'fdadmin',SYSDATE,'fdadmin',1);
Insert into FD.TEMPLATE_INPUT (TEMPLATE_INPUT_ID,TEMPLATE_ID,INPUT_NAME,INPUT_TYPE,CREATED_ON,CREATED_BY,UPDATED_ON,UPDATED_BY,VERSION_NUMBER) values (52,4,'FileExcludes','String',SYSDATE,'fdadmin',SYSDATE,'fdadmin',1);
Insert into FD.TEMPLATE_INPUT (TEMPLATE_INPUT_ID,TEMPLATE_ID,INPUT_NAME,INPUT_TYPE,CREATED_ON,CREATED_BY,UPDATED_ON,UPDATED_BY,VERSION_NUMBER) values (53,4,'FormsRootSourceDir','String',SYSDATE,'fdadmin',SYSDATE,'fdadmin',1);
Insert into FD.TEMPLATE_INPUT (TEMPLATE_INPUT_ID,TEMPLATE_ID,INPUT_NAME,INPUT_TYPE,CREATED_ON,CREATED_BY,UPDATED_ON,UPDATED_BY,VERSION_NUMBER) values (54,4,'StopOnError','Boolean',SYSDATE,'fdadmin',SYSDATE,'fdadmin',1);
Insert into FD.TEMPLATE_INPUT (TEMPLATE_INPUT_ID,TEMPLATE_ID,INPUT_NAME,INPUT_TYPE,CREATED_ON,CREATED_BY,UPDATED_ON,UPDATED_BY,VERSION_NUMBER) values (55,4,'FormsClassPath','String',SYSDATE,'fdadmin',SYSDATE,'fdadmin',1);
Insert into FD.TEMPLATE_INPUT (TEMPLATE_INPUT_ID,TEMPLATE_ID,INPUT_NAME,INPUT_TYPE,CREATED_ON,CREATED_BY,UPDATED_ON,UPDATED_BY,VERSION_NUMBER) values (56,4,'FormsRootDestinationDir','String',SYSDATE,'fdadmin',SYSDATE,'fdadmin',1);
Insert into FD.TEMPLATE_INPUT (TEMPLATE_INPUT_ID,TEMPLATE_ID,INPUT_NAME,INPUT_TYPE,CREATED_ON,CREATED_BY,UPDATED_ON,UPDATED_BY,VERSION_NUMBER) values (57,4,'FormsRootStageDir','String',SYSDATE,'fdadmin',SYSDATE,'fdadmin',1);
Insert into FD.TEMPLATE_INPUT (TEMPLATE_INPUT_ID,TEMPLATE_ID,INPUT_NAME,INPUT_TYPE,CREATED_ON,CREATED_BY,UPDATED_ON,UPDATED_BY,VERSION_NUMBER) values (58,4,'DeployPriority','Integer',SYSDATE,'fdadmin',SYSDATE,'fdadmin',1);
Insert into FD.TEMPLATE_INPUT (TEMPLATE_INPUT_ID,TEMPLATE_ID,INPUT_NAME,INPUT_TYPE,CREATED_ON,CREATED_BY,UPDATED_ON,UPDATED_BY,VERSION_NUMBER) values (59,5,'ServerOrClusterNames','String',SYSDATE,'fdadmin',SYSDATE,'fdadmin',1);
Insert into FD.TEMPLATE_INPUT (TEMPLATE_INPUT_ID,TEMPLATE_ID,INPUT_NAME,INPUT_TYPE,CREATED_ON,CREATED_BY,UPDATED_ON,UPDATED_BY,VERSION_NUMBER) values (60,5,'ProjectName','String',SYSDATE,'fdadmin',SYSDATE,'fdadmin',1);
--Insert into FD.TEMPLATE_INPUT (TEMPLATE_INPUT_ID,TEMPLATE_ID,INPUT_NAME,INPUT_TYPE,CREATED_ON,CREATED_BY,UPDATED_ON,UPDATED_BY,VERSION_NUMBER) values (61,5,'Active','Boolean',SYSDATE,'fdadmin',SYSDATE,'fdadmin',1);
Insert into FD.TEMPLATE_INPUT (TEMPLATE_INPUT_ID,TEMPLATE_ID,INPUT_NAME,INPUT_TYPE,CREATED_ON,CREATED_BY,UPDATED_ON,UPDATED_BY,VERSION_NUMBER) values (62,5,'SCMType','String',SYSDATE,'fdadmin',SYSDATE,'fdadmin',1);
Insert into FD.TEMPLATE_INPUT (TEMPLATE_INPUT_ID,TEMPLATE_ID,INPUT_NAME,INPUT_TYPE,CREATED_ON,CREATED_BY,UPDATED_ON,UPDATED_BY,VERSION_NUMBER) values (63,5,'BuildWorkflowName','String',SYSDATE,'fdadmin',SYSDATE,'fdadmin',1);
Insert into FD.TEMPLATE_INPUT (TEMPLATE_INPUT_ID,TEMPLATE_ID,INPUT_NAME,INPUT_TYPE,CREATED_ON,CREATED_BY,UPDATED_ON,UPDATED_BY,VERSION_NUMBER) values (64,5,'DeployWorkflowName','String',SYSDATE,'fdadmin',SYSDATE,'fdadmin',1);
Insert into FD.TEMPLATE_INPUT (TEMPLATE_INPUT_ID,TEMPLATE_ID,INPUT_NAME,INPUT_TYPE,CREATED_ON,CREATED_BY,UPDATED_ON,UPDATED_BY,VERSION_NUMBER) values (65,5,'ProjectPath','String',SYSDATE,'fdadmin',SYSDATE,'fdadmin',1);
Insert into FD.TEMPLATE_INPUT (TEMPLATE_INPUT_ID,TEMPLATE_ID,INPUT_NAME,INPUT_TYPE,CREATED_ON,CREATED_BY,UPDATED_ON,UPDATED_BY,VERSION_NUMBER) values (66,5,'BuildInstanceName','String',SYSDATE,'fdadmin',SYSDATE,'fdadmin',1);
Insert into FD.TEMPLATE_INPUT (TEMPLATE_INPUT_ID,TEMPLATE_ID,INPUT_NAME,INPUT_TYPE,CREATED_ON,CREATED_BY,UPDATED_ON,UPDATED_BY,VERSION_NUMBER) values (67,5,'DeployInstanceNames','String',SYSDATE,'fdadmin',SYSDATE,'fdadmin',1);
Insert into FD.TEMPLATE_INPUT (TEMPLATE_INPUT_ID,TEMPLATE_ID,INPUT_NAME,INPUT_TYPE,CREATED_ON,CREATED_BY,UPDATED_ON,UPDATED_BY,VERSION_NUMBER) values (68,5,'Description','String',SYSDATE,'fdadmin',SYSDATE,'fdadmin',1);
Insert into FD.TEMPLATE_INPUT (TEMPLATE_INPUT_ID,TEMPLATE_ID,INPUT_NAME,INPUT_TYPE,CREATED_ON,CREATED_BY,UPDATED_ON,UPDATED_BY,VERSION_NUMBER) values (69,5,'DeployPriority','Integer',SYSDATE,'fdadmin',SYSDATE,'fdadmin',1);
Insert into FD.TEMPLATE_INPUT (TEMPLATE_INPUT_ID,TEMPLATE_ID,INPUT_NAME,INPUT_TYPE,CREATED_ON,CREATED_BY,UPDATED_ON,UPDATED_BY,VERSION_NUMBER) values (70,5,'SCMConfigInstanceName','String',SYSDATE,'fdadmin',SYSDATE,'fdadmin',1);
--Insert into FD.TEMPLATE_INPUT (TEMPLATE_INPUT_ID,TEMPLATE_ID,INPUT_NAME,INPUT_TYPE,CREATED_ON,CREATED_BY,UPDATED_ON,UPDATED_BY,VERSION_NUMBER) values (71,5,'UseVersions','Boolean',SYSDATE,'fdadmin',SYSDATE,'fdadmin',1);
Insert into FD.TEMPLATE_INPUT (TEMPLATE_INPUT_ID,TEMPLATE_ID,INPUT_NAME,INPUT_TYPE,CREATED_ON,CREATED_BY,UPDATED_ON,UPDATED_BY,VERSION_NUMBER) values (101,6,'ProjectName','String',SYSDATE,'fdadmin',SYSDATE,'fdadmin',1);
Insert into FD.TEMPLATE_INPUT (TEMPLATE_INPUT_ID,TEMPLATE_ID,INPUT_NAME,INPUT_TYPE,CREATED_ON,CREATED_BY,UPDATED_ON,UPDATED_BY,VERSION_NUMBER) values (106,6,'ProjectPath','String',SYSDATE,'fdadmin',SYSDATE,'fdadmin',1);
Insert into FD.TEMPLATE_INPUT (TEMPLATE_INPUT_ID,TEMPLATE_ID,INPUT_NAME,INPUT_TYPE,CREATED_ON,CREATED_BY,UPDATED_ON,UPDATED_BY,VERSION_NUMBER) values (107,6,'BuildInstanceName','String',SYSDATE,'fdadmin',SYSDATE,'fdadmin',1);
Insert into FD.TEMPLATE_INPUT (TEMPLATE_INPUT_ID,TEMPLATE_ID,INPUT_NAME,INPUT_TYPE,CREATED_ON,CREATED_BY,UPDATED_ON,UPDATED_BY,VERSION_NUMBER) values (108,6,'DeployInstanceNames','String',SYSDATE,'fdadmin',SYSDATE,'fdadmin',1);
Insert into FD.TEMPLATE_INPUT (TEMPLATE_INPUT_ID,TEMPLATE_ID,INPUT_NAME,INPUT_TYPE,CREATED_ON,CREATED_BY,UPDATED_ON,UPDATED_BY,VERSION_NUMBER) values (109,6,'SCMConfigInstanceName','String',SYSDATE,'fdadmin',SYSDATE,'fdadmin',1);
Insert into FD.TEMPLATE_INPUT (TEMPLATE_INPUT_ID,TEMPLATE_ID,INPUT_NAME,INPUT_TYPE,CREATED_ON,CREATED_BY,UPDATED_ON,UPDATED_BY,VERSION_NUMBER) values (112,6,'Description','String',SYSDATE,'fdadmin',SYSDATE,'fdadmin',1);
Insert into FD.TEMPLATE_INPUT (TEMPLATE_INPUT_ID,TEMPLATE_ID,INPUT_NAME,INPUT_TYPE,CREATED_ON,CREATED_BY,UPDATED_ON,UPDATED_BY,VERSION_NUMBER) values (113,6,'ServerOrClusterNames','String',SYSDATE,'fdadmin',SYSDATE,'fdadmin',1);
Insert into FD.TEMPLATE_INPUT (TEMPLATE_INPUT_ID,TEMPLATE_ID,INPUT_NAME,INPUT_TYPE,CREATED_ON,CREATED_BY,UPDATED_ON,UPDATED_BY,VERSION_NUMBER) values (114,6,'UseMDS','Boolean',SYSDATE,'fdadmin',SYSDATE,'fdadmin',1);
Insert into FD.TEMPLATE_INPUT (TEMPLATE_INPUT_ID,TEMPLATE_ID,INPUT_NAME,INPUT_TYPE,CREATED_ON,CREATED_BY,UPDATED_ON,UPDATED_BY,VERSION_NUMBER) values (204,7,'Description','String',SYSDATE,'fdadmin',SYSDATE,'fdadmin',1);
Insert into FD.TEMPLATE_INPUT (TEMPLATE_INPUT_ID,TEMPLATE_ID,INPUT_NAME,INPUT_TYPE,CREATED_ON,CREATED_BY,UPDATED_ON,UPDATED_BY,VERSION_NUMBER) values (205,7,'DeployPriority','Integer',SYSDATE,'fdadmin',SYSDATE,'fdadmin',1);
Insert into FD.TEMPLATE_INPUT (TEMPLATE_INPUT_ID,TEMPLATE_ID,INPUT_NAME,INPUT_TYPE,CREATED_ON,CREATED_BY,UPDATED_ON,UPDATED_BY,VERSION_NUMBER) values (206,7,'ProjectPath','String',SYSDATE,'fdadmin',SYSDATE,'fdadmin',1);
Insert into FD.TEMPLATE_INPUT (TEMPLATE_INPUT_ID,TEMPLATE_ID,INPUT_NAME,INPUT_TYPE,CREATED_ON,CREATED_BY,UPDATED_ON,UPDATED_BY,VERSION_NUMBER) values (207,7,'ProjectName','String',SYSDATE,'fdadmin',SYSDATE,'fdadmin',1);
Insert into FD.TEMPLATE_INPUT (TEMPLATE_INPUT_ID,TEMPLATE_ID,INPUT_NAME,INPUT_TYPE,CREATED_ON,CREATED_BY,UPDATED_ON,UPDATED_BY,VERSION_NUMBER) values (210,7,'BuildInstanceName','String',SYSDATE,'fdadmin',SYSDATE,'fdadmin',1);
Insert into FD.TEMPLATE_INPUT (TEMPLATE_INPUT_ID,TEMPLATE_ID,INPUT_NAME,INPUT_TYPE,CREATED_ON,CREATED_BY,UPDATED_ON,UPDATED_BY,VERSION_NUMBER) values (211,7,'DeployInstanceNames','String',SYSDATE,'fdadmin',SYSDATE,'fdadmin',1);
Insert into FD.TEMPLATE_INPUT (TEMPLATE_INPUT_ID,TEMPLATE_ID,INPUT_NAME,INPUT_TYPE,CREATED_ON,CREATED_BY,UPDATED_ON,UPDATED_BY,VERSION_NUMBER) values (213,7,'SCMConfigInstanceName','String',SYSDATE,'fdadmin',SYSDATE,'fdadmin',1);
Insert into FD.TEMPLATE_INPUT (TEMPLATE_INPUT_ID,TEMPLATE_ID,INPUT_NAME,INPUT_TYPE,CREATED_ON,CREATED_BY,UPDATED_ON,UPDATED_BY,VERSION_NUMBER) values (201,7,'ConfigProjectName','String',SYSDATE,'fdadmin',SYSDATE,'fdadmin',1);
Insert into FD.TEMPLATE_INPUT (TEMPLATE_INPUT_ID,TEMPLATE_ID,INPUT_NAME,INPUT_TYPE,CREATED_ON,CREATED_BY,UPDATED_ON,UPDATED_BY,VERSION_NUMBER) values (202,7,'Passphrase','String',SYSDATE,'fdadmin',SYSDATE,'fdadmin',1);
Insert into FD.TEMPLATE_INPUT (TEMPLATE_INPUT_ID,TEMPLATE_ID,INPUT_NAME,INPUT_TYPE,CREATED_ON,CREATED_BY,UPDATED_ON,UPDATED_BY,VERSION_NUMBER) values (203,7,'CustomizationFile','String',SYSDATE,'fdadmin',SYSDATE,'fdadmin',1);
Insert into FD.TEMPLATE_INPUT (TEMPLATE_INPUT_ID,TEMPLATE_ID,INPUT_NAME,INPUT_TYPE,CREATED_ON,CREATED_BY,UPDATED_ON,UPDATED_BY,VERSION_NUMBER) values (300,8,'BuildInstanceName','String',SYSDATE,'fdadmin',SYSDATE,'fdadmin',3);
Insert into FD.TEMPLATE_INPUT (TEMPLATE_INPUT_ID,TEMPLATE_ID,INPUT_NAME,INPUT_TYPE,CREATED_ON,CREATED_BY,UPDATED_ON,UPDATED_BY,VERSION_NUMBER) values (301,8,'BuildWorkflowName','String',SYSDATE,'fdadmin',SYSDATE,'fdadmin',1);
Insert into FD.TEMPLATE_INPUT (TEMPLATE_INPUT_ID,TEMPLATE_ID,INPUT_NAME,INPUT_TYPE,CREATED_ON,CREATED_BY,UPDATED_ON,UPDATED_BY,VERSION_NUMBER) values (302,8,'DeployInstanceNames','String',SYSDATE,'fdadmin',SYSDATE,'fdadmin',1);
Insert into FD.TEMPLATE_INPUT (TEMPLATE_INPUT_ID,TEMPLATE_ID,INPUT_NAME,INPUT_TYPE,CREATED_ON,CREATED_BY,UPDATED_ON,UPDATED_BY,VERSION_NUMBER) values (303,8,'DeployPriority','String',SYSDATE,'fdadmin',SYSDATE,'fdadmin',1);
Insert into FD.TEMPLATE_INPUT (TEMPLATE_INPUT_ID,TEMPLATE_ID,INPUT_NAME,INPUT_TYPE,CREATED_ON,CREATED_BY,UPDATED_ON,UPDATED_BY,VERSION_NUMBER) values (304,8,'DeployWorkflowName','String',SYSDATE,'fdadmin',SYSDATE,'fdadmin',1);
Insert into FD.TEMPLATE_INPUT (TEMPLATE_INPUT_ID,TEMPLATE_ID,INPUT_NAME,INPUT_TYPE,CREATED_ON,CREATED_BY,UPDATED_ON,UPDATED_BY,VERSION_NUMBER) values (305,8,'Description','String',SYSDATE,'fdadmin',SYSDATE,'fdadmin',1);
Insert into FD.TEMPLATE_INPUT (TEMPLATE_INPUT_ID,TEMPLATE_ID,INPUT_NAME,INPUT_TYPE,CREATED_ON,CREATED_BY,UPDATED_ON,UPDATED_BY,VERSION_NUMBER) values (306,8,'MakeDefaultRevision','String',SYSDATE,'fdadmin',SYSDATE,'fdadmin',1);
Insert into FD.TEMPLATE_INPUT (TEMPLATE_INPUT_ID,TEMPLATE_ID,INPUT_NAME,INPUT_TYPE,CREATED_ON,CREATED_BY,UPDATED_ON,UPDATED_BY,VERSION_NUMBER) values (307,8,'OverwriteRevision','String',SYSDATE,'fdadmin',SYSDATE,'fdadmin',1);
Insert into FD.TEMPLATE_INPUT (TEMPLATE_INPUT_ID,TEMPLATE_ID,INPUT_NAME,INPUT_TYPE,CREATED_ON,CREATED_BY,UPDATED_ON,UPDATED_BY,VERSION_NUMBER) values (308,8,'Partition','String',SYSDATE,'fdadmin',SYSDATE,'fdadmin',1);
Insert into FD.TEMPLATE_INPUT (TEMPLATE_INPUT_ID,TEMPLATE_ID,INPUT_NAME,INPUT_TYPE,CREATED_ON,CREATED_BY,UPDATED_ON,UPDATED_BY,VERSION_NUMBER) values (309,8,'ProjectName','String',SYSDATE,'fdadmin',SYSDATE,'fdadmin',1);
Insert into FD.TEMPLATE_INPUT (TEMPLATE_INPUT_ID,TEMPLATE_ID,INPUT_NAME,INPUT_TYPE,CREATED_ON,CREATED_BY,UPDATED_ON,UPDATED_BY,VERSION_NUMBER) values (310,8,'ProjectPath','String',SYSDATE,'fdadmin',SYSDATE,'fdadmin',1);
Insert into FD.TEMPLATE_INPUT (TEMPLATE_INPUT_ID,TEMPLATE_ID,INPUT_NAME,INPUT_TYPE,CREATED_ON,CREATED_BY,UPDATED_ON,UPDATED_BY,VERSION_NUMBER) values (311,8,'SCMConfigInstanceName','String',SYSDATE,'fdadmin',SYSDATE,'fdadmin',1);
Insert into FD.TEMPLATE_INPUT (TEMPLATE_INPUT_ID,TEMPLATE_ID,INPUT_NAME,INPUT_TYPE,CREATED_ON,CREATED_BY,UPDATED_ON,UPDATED_BY,VERSION_NUMBER) values (312,8,'SCMType','String',SYSDATE,'fdadmin',SYSDATE,'fdadmin',1);
Insert into FD.TEMPLATE_INPUT (TEMPLATE_INPUT_ID,TEMPLATE_ID,INPUT_NAME,INPUT_TYPE,CREATED_ON,CREATED_BY,UPDATED_ON,UPDATED_BY,VERSION_NUMBER) values (313,8,'TriggerType','String',SYSDATE,'fdadmin',SYSDATE,'fdadmin',1);
Insert into FD.TEMPLATE_INPUT (TEMPLATE_INPUT_ID,TEMPLATE_ID,INPUT_NAME,INPUT_TYPE,CREATED_ON,CREATED_BY,UPDATED_ON,UPDATED_BY,VERSION_NUMBER) values (314,8,'TrgEnv','String',SYSDATE,'fdadmin',SYSDATE,'fdadmin',1);
Insert into FD.TEMPLATE_INPUT (TEMPLATE_INPUT_ID,TEMPLATE_ID,INPUT_NAME,INPUT_TYPE,CREATED_ON,CREATED_BY,UPDATED_ON,UPDATED_BY,VERSION_NUMBER) values (315,8,'TrgStream','String',SYSDATE,'fdadmin',SYSDATE,'fdadmin',1);
Insert into FD.TEMPLATE_INPUT (TEMPLATE_INPUT_ID,TEMPLATE_ID,INPUT_NAME,INPUT_TYPE,CREATED_ON,CREATED_BY,UPDATED_ON,UPDATED_BY,VERSION_NUMBER) values (316,8,'TrgInterval','Integer',SYSDATE,'fdadmin',SYSDATE,'fdadmin',1);

insert into fd.fd_flexdeploy_version values(1,'2.1','C:\FlexDeploy-2.1',sysdate,'SYSTEM',sysdate,'SYSTEM',1);
insert into fd.fd_flexdeploy_version values(2,'3.0','C:\FlexDeploy-3.0',sysdate,'SYSTEM',sysdate,'SYSTEM',1);
insert into fd.fd_flexdeploy_version values(3,'3.0.1','C:\FlexDeploy-3.0.1',sysdate,'SYSTEM',sysdate,'SYSTEM',1);
insert into fd.fd_flexdeploy_version values(4,'3.1',null,sysdate,'SYSTEM',sysdate,'SYSTEM',1);
insert into fd.fd_flexdeploy_version values(5,'3.5',null,sysdate,'SYSTEM',sysdate,'SYSTEM',1);
insert into fd.fd_flexdeploy_version values(6,'3.7',null,sysdate,'SYSTEM',sysdate,'SYSTEM',1);
insert into fd.fd_flexdeploy_version values(7,'3.7.1',null,sysdate,'SYSTEM',sysdate,'SYSTEM',1);

Insert into FD.OBJECT_TYPE (OBJECT_TYPE_ID,PROJECT_TYPE,OBJECT_TYPE_CODE,TYPE_DISPLAY_NAME,DESCRIPTION,IS_ACTIVE,SEQUENCE_NUMBER,DEFAULTS_SCRIPT,VALIDATOR_SCRIPT,CREATED_ON,CREATED_BY,UPDATED_ON,UPDATED_BY,VERSION_NUMBER,MATCH_SCRIPT) values (1,'EBS','OAF_JAVA','Oracle Application Framework (OAF) JAVA','Oracle Application Framework JAVA','Y',10,null,null,SYSDATE,'SYSTEM',SYSDATE,'SYSTEM',1,null);
Insert into FD.OBJECT_TYPE (OBJECT_TYPE_ID,PROJECT_TYPE,OBJECT_TYPE_CODE,TYPE_DISPLAY_NAME,DESCRIPTION,IS_ACTIVE,SEQUENCE_NUMBER,DEFAULTS_SCRIPT,VALIDATOR_SCRIPT,CREATED_ON,CREATED_BY,UPDATED_ON,UPDATED_BY,VERSION_NUMBER,MATCH_SCRIPT) values (13,'EBS','WORKFLOW_XML','Workflow XMLs','Workflow XMLs','Y',130,null,null,SYSDATE,'SYSTEM',SYSDATE,'SYSTEM',1,null);
Insert into FD.OBJECT_TYPE (OBJECT_TYPE_ID,PROJECT_TYPE,OBJECT_TYPE_CODE,TYPE_DISPLAY_NAME,DESCRIPTION,IS_ACTIVE,SEQUENCE_NUMBER,DEFAULTS_SCRIPT,VALIDATOR_SCRIPT,CREATED_ON,CREATED_BY,UPDATED_ON,UPDATED_BY,VERSION_NUMBER,MATCH_SCRIPT) values (2,'EBS','OAF_MDS','Oracle Application Framework (OAF) MDS','Oracle Application Framework MDS','Y',20,null,null,SYSDATE,'SYSTEM',SYSDATE,'SYSTEM',1,null);
Insert into FD.OBJECT_TYPE (OBJECT_TYPE_ID,PROJECT_TYPE,OBJECT_TYPE_CODE,TYPE_DISPLAY_NAME,DESCRIPTION,IS_ACTIVE,SEQUENCE_NUMBER,DEFAULTS_SCRIPT,VALIDATOR_SCRIPT,CREATED_ON,CREATED_BY,UPDATED_ON,UPDATED_BY,VERSION_NUMBER,MATCH_SCRIPT) values (3,'EBS','CP_SQL','Concurrent Program SQLs','Concurrent Program SQLs','Y',30,null,null,SYSDATE,'SYSTEM',SYSDATE,'SYSTEM',1,null);
Insert into FD.OBJECT_TYPE (OBJECT_TYPE_ID,PROJECT_TYPE,OBJECT_TYPE_CODE,TYPE_DISPLAY_NAME,DESCRIPTION,IS_ACTIVE,SEQUENCE_NUMBER,DEFAULTS_SCRIPT,VALIDATOR_SCRIPT,CREATED_ON,CREATED_BY,UPDATED_ON,UPDATED_BY,VERSION_NUMBER,MATCH_SCRIPT) values (4,'EBS','JAVA_SP','Java Stored Procedures','Java Stored Procedures','Y',40,null,null,SYSDATE,'SYSTEM',SYSDATE,'SYSTEM',1,null);
Insert into FD.OBJECT_TYPE (OBJECT_TYPE_ID,PROJECT_TYPE,OBJECT_TYPE_CODE,TYPE_DISPLAY_NAME,DESCRIPTION,IS_ACTIVE,SEQUENCE_NUMBER,DEFAULTS_SCRIPT,VALIDATOR_SCRIPT,CREATED_ON,CREATED_BY,UPDATED_ON,UPDATED_BY,VERSION_NUMBER,MATCH_SCRIPT) values (5,'EBS','SQL','DB Objects (SQLs)','Database Objects','Y',50,null,null,SYSDATE,'SYSTEM',SYSDATE,'SYSTEM',1,null);
Insert into FD.OBJECT_TYPE (OBJECT_TYPE_ID,PROJECT_TYPE,OBJECT_TYPE_CODE,TYPE_DISPLAY_NAME,DESCRIPTION,IS_ACTIVE,SEQUENCE_NUMBER,DEFAULTS_SCRIPT,VALIDATOR_SCRIPT,CREATED_ON,CREATED_BY,UPDATED_ON,UPDATED_BY,VERSION_NUMBER,MATCH_SCRIPT) values (6,'EBS','XDF','XML Definition Files (XDF) ','XML Definition Files','Y',60,null,null,SYSDATE,'SYSTEM',SYSDATE,'SYSTEM',1,null);
Insert into FD.OBJECT_TYPE (OBJECT_TYPE_ID,PROJECT_TYPE,OBJECT_TYPE_CODE,TYPE_DISPLAY_NAME,DESCRIPTION,IS_ACTIVE,SEQUENCE_NUMBER,DEFAULTS_SCRIPT,VALIDATOR_SCRIPT,CREATED_ON,CREATED_BY,UPDATED_ON,UPDATED_BY,VERSION_NUMBER,MATCH_SCRIPT) values (7,'EBS','SQL_LDR','SQL*Loader','SQL*Loader','Y',70,null,null,SYSDATE,'SYSTEM',SYSDATE,'SYSTEM',1,null);
Insert into FD.OBJECT_TYPE (OBJECT_TYPE_ID,PROJECT_TYPE,OBJECT_TYPE_CODE,TYPE_DISPLAY_NAME,DESCRIPTION,IS_ACTIVE,SEQUENCE_NUMBER,DEFAULTS_SCRIPT,VALIDATOR_SCRIPT,CREATED_ON,CREATED_BY,UPDATED_ON,UPDATED_BY,VERSION_NUMBER,MATCH_SCRIPT) values (8,'EBS','JLT','Java Loader Text (JLT)','Java Loader Text','Y',80,null,null,SYSDATE,'SYSTEM',SYSDATE,'SYSTEM',1,null);
Insert into FD.OBJECT_TYPE (OBJECT_TYPE_ID,PROJECT_TYPE,OBJECT_TYPE_CODE,TYPE_DISPLAY_NAME,DESCRIPTION,IS_ACTIVE,SEQUENCE_NUMBER,DEFAULTS_SCRIPT,VALIDATOR_SCRIPT,CREATED_ON,CREATED_BY,UPDATED_ON,UPDATED_BY,VERSION_NUMBER,MATCH_SCRIPT) values (9,'EBS','AOL','Application Object Library (AOL)','Application Object Library','Y',90,null,null,SYSDATE,'SYSTEM',SYSDATE,'SYSTEM',1,null);
Insert into FD.OBJECT_TYPE (OBJECT_TYPE_ID,PROJECT_TYPE,OBJECT_TYPE_CODE,TYPE_DISPLAY_NAME,DESCRIPTION,IS_ACTIVE,SEQUENCE_NUMBER,DEFAULTS_SCRIPT,VALIDATOR_SCRIPT,CREATED_ON,CREATED_BY,UPDATED_ON,UPDATED_BY,VERSION_NUMBER,MATCH_SCRIPT) values (10,'EBS','FORM','Forms','Forms','Y',100,null,null,SYSDATE,'SYSTEM',SYSDATE,'SYSTEM',1,null);
Insert into FD.OBJECT_TYPE (OBJECT_TYPE_ID,PROJECT_TYPE,OBJECT_TYPE_CODE,TYPE_DISPLAY_NAME,DESCRIPTION,IS_ACTIVE,SEQUENCE_NUMBER,DEFAULTS_SCRIPT,VALIDATOR_SCRIPT,CREATED_ON,CREATED_BY,UPDATED_ON,UPDATED_BY,VERSION_NUMBER,MATCH_SCRIPT) values (11,'EBS','REPORT','Reports','Application Object Library','Y',110,null,null,SYSDATE,'SYSTEM',SYSDATE,'SYSTEM',1,null);
Insert into FD.OBJECT_TYPE (OBJECT_TYPE_ID,PROJECT_TYPE,OBJECT_TYPE_CODE,TYPE_DISPLAY_NAME,DESCRIPTION,IS_ACTIVE,SEQUENCE_NUMBER,DEFAULTS_SCRIPT,VALIDATOR_SCRIPT,CREATED_ON,CREATED_BY,UPDATED_ON,UPDATED_BY,VERSION_NUMBER,MATCH_SCRIPT) values (12,'EBS','WORKFLOW_DEFINITION','Workflow Definitions','Workflow Definitions','Y',120,null,null,SYSDATE,'SYSTEM',SYSDATE,'SYSTEM',1,null);
Insert into FD.OBJECT_TYPE (OBJECT_TYPE_ID,PROJECT_TYPE,OBJECT_TYPE_CODE,TYPE_DISPLAY_NAME,DESCRIPTION,IS_ACTIVE,SEQUENCE_NUMBER,DEFAULTS_SCRIPT,VALIDATOR_SCRIPT,CREATED_ON,CREATED_BY,UPDATED_ON,UPDATED_BY,VERSION_NUMBER,MATCH_SCRIPT) values (14,'EBS','LIBRARY','Libraries','Libraries','Y',140,null,null,SYSDATE,'SYSTEM',SYSDATE,'SYSTEM',1,null);
Insert into FD.OBJECT_TYPE (OBJECT_TYPE_ID,PROJECT_TYPE,OBJECT_TYPE_CODE,TYPE_DISPLAY_NAME,DESCRIPTION,IS_ACTIVE,SEQUENCE_NUMBER,DEFAULTS_SCRIPT,VALIDATOR_SCRIPT,CREATED_ON,CREATED_BY,UPDATED_ON,UPDATED_BY,VERSION_NUMBER,MATCH_SCRIPT) values (15,'EBS','PUBLISHER','Publisher Files','Publisher Files','Y',150,null,null,SYSDATE,'SYSTEM',SYSDATE,'SYSTEM',1,null);
Insert into FD.OBJECT_TYPE (OBJECT_TYPE_ID,PROJECT_TYPE,OBJECT_TYPE_CODE,TYPE_DISPLAY_NAME,DESCRIPTION,IS_ACTIVE,SEQUENCE_NUMBER,DEFAULTS_SCRIPT,VALIDATOR_SCRIPT,CREATED_ON,CREATED_BY,UPDATED_ON,UPDATED_BY,VERSION_NUMBER,MATCH_SCRIPT) values (16,'EBS','PROG','Program Files','Program Files','Y',160,null,null,SYSDATE,'SYSTEM',SYSDATE,'SYSTEM',1,null);
Insert into FD.OBJECT_TYPE (OBJECT_TYPE_ID,PROJECT_TYPE,OBJECT_TYPE_CODE,TYPE_DISPLAY_NAME,DESCRIPTION,IS_ACTIVE,SEQUENCE_NUMBER,DEFAULTS_SCRIPT,VALIDATOR_SCRIPT,CREATED_ON,CREATED_BY,UPDATED_ON,UPDATED_BY,VERSION_NUMBER,MATCH_SCRIPT) values (17,'EBS','FONT','Font Files','Font Files','Y',170,null,null,SYSDATE,'SYSTEM',SYSDATE,'SYSTEM',1,null);
Insert into FD.OBJECT_TYPE (OBJECT_TYPE_ID,PROJECT_TYPE,OBJECT_TYPE_CODE,TYPE_DISPLAY_NAME,DESCRIPTION,IS_ACTIVE,SEQUENCE_NUMBER,DEFAULTS_SCRIPT,VALIDATOR_SCRIPT,CREATED_ON,CREATED_BY,UPDATED_ON,UPDATED_BY,VERSION_NUMBER,MATCH_SCRIPT) values (18,'EBS','SCRIPT','Scripts','Scripts','Y',180,null,null,SYSDATE,'SYSTEM',SYSDATE,'SYSTEM',1,null);
Insert into FD.OBJECT_TYPE (OBJECT_TYPE_ID,PROJECT_TYPE,OBJECT_TYPE_CODE,TYPE_DISPLAY_NAME,DESCRIPTION,IS_ACTIVE,SEQUENCE_NUMBER,DEFAULTS_SCRIPT,VALIDATOR_SCRIPT,CREATED_ON,CREATED_BY,UPDATED_ON,UPDATED_BY,VERSION_NUMBER,MATCH_SCRIPT) values (19,'EBS','PERL_MODULE','Perl Modules','Perl Modules','Y',190,null,null,SYSDATE,'SYSTEM',SYSDATE,'SYSTEM',1,null);
Insert into FD.OBJECT_TYPE (OBJECT_TYPE_ID,PROJECT_TYPE,OBJECT_TYPE_CODE,TYPE_DISPLAY_NAME,DESCRIPTION,IS_ACTIVE,SEQUENCE_NUMBER,DEFAULTS_SCRIPT,VALIDATOR_SCRIPT,CREATED_ON,CREATED_BY,UPDATED_ON,UPDATED_BY,VERSION_NUMBER,MATCH_SCRIPT) values (20,'EBS','MEDIA','Media Files','Media Files','Y',200,null,null,SYSDATE,'SYSTEM',SYSDATE,'SYSTEM',1,null);
Insert into FD.OBJECT_TYPE (OBJECT_TYPE_ID,PROJECT_TYPE,OBJECT_TYPE_CODE,TYPE_DISPLAY_NAME,DESCRIPTION,IS_ACTIVE,SEQUENCE_NUMBER,DEFAULTS_SCRIPT,VALIDATOR_SCRIPT,CREATED_ON,CREATED_BY,UPDATED_ON,UPDATED_BY,VERSION_NUMBER,MATCH_SCRIPT) values (21,'EBS','HTML','HTML (Web) Files','HTML Files','Y',210,null,null,SYSDATE,'SYSTEM',SYSDATE,'SYSTEM',1,null);
Insert into FD.OBJECT_TYPE (OBJECT_TYPE_ID,PROJECT_TYPE,OBJECT_TYPE_CODE,TYPE_DISPLAY_NAME,DESCRIPTION,IS_ACTIVE,SEQUENCE_NUMBER,DEFAULTS_SCRIPT,VALIDATOR_SCRIPT,CREATED_ON,CREATED_BY,UPDATED_ON,UPDATED_BY,VERSION_NUMBER,MATCH_SCRIPT) values (22,'EBS','OTHER','Other Files','Other Files','Y',220,null,null,SYSDATE,'SYSTEM',SYSDATE,'SYSTEM',1,null);

--Attributes
begin
Insert into FD.OBJECT_ATTRIBUTE_DEF (OBJECT_ATTR_DEF_ID,OBJECT_TYPE_ID,OBJECT_ATTRIBUTE_CODE,ATTRIBUTE_DISPLAY_NAME,DESCRIPTION,IS_VISIBLE,IS_EXPRESSION,IS_ACTIVE,DATATYPE,IS_REQUIRED,IS_ENCRYPTED,MIN_VALUE,MAX_VALUE,LENGTH,LIST_DATA,DISPLAY_ROWS,DISPLAY_COLUMNS,DISPLAY_ORDER,DEFAULTS_SCRIPT,VALIDATOR_SCRIPT,CREATED_ON,CREATED_BY,UPDATED_ON,UPDATED_BY,VERSION_NUMBER) values (65,6,'JDBC_PROTOCOL','JDBC Protocol','JDBC Protocol','Y','N','Y','String','Y','N',null,null,null,'thin,oci8',1,75,5,'return ''thin'';',null,SYSDATE,'SYSTEM',SYSDATE,'SYSTEM',1);
Insert into FD.OBJECT_ATTRIBUTE_DEF (OBJECT_ATTR_DEF_ID,OBJECT_TYPE_ID,OBJECT_ATTRIBUTE_CODE,ATTRIBUTE_DISPLAY_NAME,DESCRIPTION,IS_VISIBLE,IS_EXPRESSION,IS_ACTIVE,DATATYPE,IS_REQUIRED,IS_ENCRYPTED,MIN_VALUE,MAX_VALUE,LENGTH,LIST_DATA,DISPLAY_ROWS,DISPLAY_COLUMNS,DISPLAY_ORDER,DEFAULTS_SCRIPT,VALIDATOR_SCRIPT,CREATED_ON,CREATED_BY,UPDATED_ON,UPDATED_BY,VERSION_NUMBER) values (66,6,'TYPE','Object Type','Object Type','Y','N','Y','String','Y','N',null,null,null,'all,table,qtable,mview,mviewlog,sequence,type,trigger,view,policy',1,85,6,'return ''all'';',null,SYSDATE,'SYSTEM',SYSDATE,'SYSTEM',1);
Insert into FD.OBJECT_ATTRIBUTE_DEF (OBJECT_ATTR_DEF_ID,OBJECT_TYPE_ID,OBJECT_ATTRIBUTE_CODE,ATTRIBUTE_DISPLAY_NAME,DESCRIPTION,IS_VISIBLE,IS_EXPRESSION,IS_ACTIVE,DATATYPE,IS_REQUIRED,IS_ENCRYPTED,MIN_VALUE,MAX_VALUE,LENGTH,LIST_DATA,DISPLAY_ROWS,DISPLAY_COLUMNS,DISPLAY_ORDER,DEFAULTS_SCRIPT,VALIDATOR_SCRIPT,CREATED_ON,CREATED_BY,UPDATED_ON,UPDATED_BY,VERSION_NUMBER) values (123,12,'UPLOAD_MODE','Upload Mode','Upload Mode','Y','N','Y','String','Y','N',null,null,null,'UPLOAD,UPGRADE,FORCE',1,100,3,'return ''UPLOAD'';',null,SYSDATE,'SYSTEM',SYSDATE,'SYSTEM',1);
Insert into FD.OBJECT_ATTRIBUTE_DEF (OBJECT_ATTR_DEF_ID,OBJECT_TYPE_ID,OBJECT_ATTRIBUTE_CODE,ATTRIBUTE_DISPLAY_NAME,DESCRIPTION,IS_VISIBLE,IS_EXPRESSION,IS_ACTIVE,DATATYPE,IS_REQUIRED,IS_ENCRYPTED,MIN_VALUE,MAX_VALUE,LENGTH,LIST_DATA,DISPLAY_ROWS,DISPLAY_COLUMNS,DISPLAY_ORDER,DEFAULTS_SCRIPT,VALIDATOR_SCRIPT,CREATED_ON,CREATED_BY,UPDATED_ON,UPDATED_BY,VERSION_NUMBER) values (124,12,'DEPLOY_COMMAND','Deploy Command','Deploy Command','Y','N','Y','String','Y','N',null,null,null,null,4,400,4,'CMD=''cp $SOURCE_FILE '' + TARGET_LOCATION  + '';\n'';    
CMD=CMD + ''WFLOAD $FDEBS_DB_USER/$FDEBS_DB_PASSWORD 0 Y '' + UPLOAD_MODE + '' '' + TARGET_LOCATION + FILE_NAME + ''.'' + FILE_EXTENSION;    
return CMD;',null,SYSDATE,'SYSTEM',SYSDATE,'SYSTEM',1);
Insert into FD.OBJECT_ATTRIBUTE_DEF (OBJECT_ATTR_DEF_ID,OBJECT_TYPE_ID,OBJECT_ATTRIBUTE_CODE,ATTRIBUTE_DISPLAY_NAME,DESCRIPTION,IS_VISIBLE,IS_EXPRESSION,IS_ACTIVE,DATATYPE,IS_REQUIRED,IS_ENCRYPTED,MIN_VALUE,MAX_VALUE,LENGTH,LIST_DATA,DISPLAY_ROWS,DISPLAY_COLUMNS,DISPLAY_ORDER,DEFAULTS_SCRIPT,VALIDATOR_SCRIPT,CREATED_ON,CREATED_BY,UPDATED_ON,UPDATED_BY,VERSION_NUMBER) values (131,13,'SOURCE','Source','Object Source','Y','N','Y','String','Y','N',null,null,null,'SCM',1,60,1,'return FDC.OBJECT_ATTRIBUTE_SOURCE_SCM;',null,SYSDATE,'SYSTEM',SYSDATE,'SYSTEM',1);
Insert into FD.OBJECT_ATTRIBUTE_DEF (OBJECT_ATTR_DEF_ID,OBJECT_TYPE_ID,OBJECT_ATTRIBUTE_CODE,ATTRIBUTE_DISPLAY_NAME,DESCRIPTION,IS_VISIBLE,IS_EXPRESSION,IS_ACTIVE,DATATYPE,IS_REQUIRED,IS_ENCRYPTED,MIN_VALUE,MAX_VALUE,LENGTH,LIST_DATA,DISPLAY_ROWS,DISPLAY_COLUMNS,DISPLAY_ORDER,DEFAULTS_SCRIPT,VALIDATOR_SCRIPT,CREATED_ON,CREATED_BY,UPDATED_ON,UPDATED_BY,VERSION_NUMBER) values (132,13,'TARGET_LOCATION','Target Location','Object Target Location','Y','N','Y','String','Y','N',null,null,null,null,1,200,2,'APP_SHORT_NAME=FDEBS_APPLICATION_SHORT_NAME ?: FILE_PATH_PREFIX.split(''/'')[1];   
SOURCE_DIR=FDEBS_WORKFLOWS_ROOT_SOURCE_DIR == null || FDEBS_WORKFLOWS_ROOT_SOURCE_DIR == '''' ? EBSC.FDEBS_WORKFLOWS_ROOT_SOURCE_DIR_DEFAULT : FDEBS_WORKFLOWS_ROOT_SOURCE_DIR;    
SUB_DIR=FILE_PATH_PREFIX.indexOf(SOURCE_DIR) > 0 ? FILE_PATH_PREFIX.substring(FILE_PATH_PREFIX.indexOf(SOURCE_DIR) + SOURCE_DIR.length()) : FILE_PATH_PREFIX;    
TARGET_LOC=''$'' + APP_SHORT_NAME + ''_TOP/patch/115/xml'';     
TARGET_LOC=TARGET_LOC + ''/'' + SUB_DIR + ''/'';    
return TARGET_LOC.replace(''//'',''/'');',null,SYSDATE,'SYSTEM',SYSDATE,'SYSTEM',1);
Insert into FD.OBJECT_ATTRIBUTE_DEF (OBJECT_ATTR_DEF_ID,OBJECT_TYPE_ID,OBJECT_ATTRIBUTE_CODE,ATTRIBUTE_DISPLAY_NAME,DESCRIPTION,IS_VISIBLE,IS_EXPRESSION,IS_ACTIVE,DATATYPE,IS_REQUIRED,IS_ENCRYPTED,MIN_VALUE,MAX_VALUE,LENGTH,LIST_DATA,DISPLAY_ROWS,DISPLAY_COLUMNS,DISPLAY_ORDER,DEFAULTS_SCRIPT,VALIDATOR_SCRIPT,CREATED_ON,CREATED_BY,UPDATED_ON,UPDATED_BY,VERSION_NUMBER) values (133,13,'FORCE','Force','Force Mode','Y','N','Y','Boolean','Y','N',null,null,null,null,1,40,3,'return Boolean.TRUE;',null,SYSDATE,'SYSTEM',SYSDATE,'SYSTEM',1);
Insert into FD.OBJECT_ATTRIBUTE_DEF (OBJECT_ATTR_DEF_ID,OBJECT_TYPE_ID,OBJECT_ATTRIBUTE_CODE,ATTRIBUTE_DISPLAY_NAME,DESCRIPTION,IS_VISIBLE,IS_EXPRESSION,IS_ACTIVE,DATATYPE,IS_REQUIRED,IS_ENCRYPTED,MIN_VALUE,MAX_VALUE,LENGTH,LIST_DATA,DISPLAY_ROWS,DISPLAY_COLUMNS,DISPLAY_ORDER,DEFAULTS_SCRIPT,VALIDATOR_SCRIPT,CREATED_ON,CREATED_BY,UPDATED_ON,UPDATED_BY,VERSION_NUMBER) values (134,13,'JDBC_PROTOCOL','JDBC Protocol','JDBC Protocol','Y','N','Y','String','Y','N',null,null,null,'thin,oci8',1,75,4,'return ''thin'';',null,SYSDATE,'SYSTEM',SYSDATE,'SYSTEM',1);
Insert into FD.OBJECT_ATTRIBUTE_DEF (OBJECT_ATTR_DEF_ID,OBJECT_TYPE_ID,OBJECT_ATTRIBUTE_CODE,ATTRIBUTE_DISPLAY_NAME,DESCRIPTION,IS_VISIBLE,IS_EXPRESSION,IS_ACTIVE,DATATYPE,IS_REQUIRED,IS_ENCRYPTED,MIN_VALUE,MAX_VALUE,LENGTH,LIST_DATA,DISPLAY_ROWS,DISPLAY_COLUMNS,DISPLAY_ORDER,DEFAULTS_SCRIPT,VALIDATOR_SCRIPT,CREATED_ON,CREATED_BY,UPDATED_ON,UPDATED_BY,VERSION_NUMBER) values (135,13,'LANG','Language','The abbreviation for the language.','Y','N','Y','String','Y','N',null,null,null,null,1,75,5,'SOURCE_DIR=FDEBS_WORKFLOWS_ROOT_SOURCE_DIR == null || FDEBS_WORKFLOWS_ROOT_SOURCE_DIR == ''''  ? EBSC.FDEBS_WORKFLOWS_ROOT_SOURCE_DIR_DEFAULT : FDEBS_WORKFLOWS_ROOT_SOURCE_DIR;    
SUB_DIR=FILE_PATH_PREFIX.indexOf(SOURCE_DIR) > 0 ? FILE_PATH_PREFIX.substring(FILE_PATH_PREFIX.indexOf(SOURCE_DIR) + SOURCE_DIR.length()) : FILE_PATH_PREFIX;    
COUNTRY_VAL=SUB_DIR != null    &&    SUB_DIR.length() >= 2 ? SUB_DIR.substring(1,3) : '''';    
return COUNTRY_VAL ?: ''US'';',null,SYSDATE,'SYSTEM',SYSDATE,'SYSTEM',1);
Insert into FD.OBJECT_ATTRIBUTE_DEF (OBJECT_ATTR_DEF_ID,OBJECT_TYPE_ID,OBJECT_ATTRIBUTE_CODE,ATTRIBUTE_DISPLAY_NAME,DESCRIPTION,IS_VISIBLE,IS_EXPRESSION,IS_ACTIVE,DATATYPE,IS_REQUIRED,IS_ENCRYPTED,MIN_VALUE,MAX_VALUE,LENGTH,LIST_DATA,DISPLAY_ROWS,DISPLAY_COLUMNS,DISPLAY_ORDER,DEFAULTS_SCRIPT,VALIDATOR_SCRIPT,CREATED_ON,CREATED_BY,UPDATED_ON,UPDATED_BY,VERSION_NUMBER) values (137,13,'DEPLOY_COMMAND','Deploy Command','Deploy Command','Y','N','Y','String','Y','N',null,null,null,null,4,400,7,'CMD=''cp $SOURCE_FILE '' + TARGET_LOCATION  + '';\n'';    
CLASSPATH_VAL=CLASSPATH != null    &&    CLASSPATH.length() > 0 ? ''-classpath '' + CLASSPATH : '''';    
FORCE_VAL=FORCE ? ''f'' : '''';    
CMD=CMD + ''java '' + CLASSPATH + '' oracle.apps.fnd.wf.WFXLoad -u'' + FORCE_VAL + '' $FDEBS_DB_USER $FDEBS_DB_PASSWORD \"$AD_APPS_JDBC_URL\" '' + JDBC_PROTOCOL + '' '' + LANG + '' '' + TARGET_LOCATION + FILE_NAME + ''.'' + FILE_EXTENSION;    
return CMD;',null,SYSDATE,'SYSTEM',SYSDATE,'SYSTEM',1);
Insert into FD.OBJECT_ATTRIBUTE_DEF (OBJECT_ATTR_DEF_ID,OBJECT_TYPE_ID,OBJECT_ATTRIBUTE_CODE,ATTRIBUTE_DISPLAY_NAME,DESCRIPTION,IS_VISIBLE,IS_EXPRESSION,IS_ACTIVE,DATATYPE,IS_REQUIRED,IS_ENCRYPTED,MIN_VALUE,MAX_VALUE,LENGTH,LIST_DATA,DISPLAY_ROWS,DISPLAY_COLUMNS,DISPLAY_ORDER,DEFAULTS_SCRIPT,VALIDATOR_SCRIPT,CREATED_ON,CREATED_BY,UPDATED_ON,UPDATED_BY,VERSION_NUMBER) values (136,13,'CLASSPATH','Classpath for Workflow','Classpath for Workflow','Y','N','Y','String','N','N',null,null,null,null,2,200,6,'return '''';',null,SYSDATE,'SYSTEM',SYSDATE,'SYSTEM',1);
Insert into FD.OBJECT_ATTRIBUTE_DEF (OBJECT_ATTR_DEF_ID,OBJECT_TYPE_ID,OBJECT_ATTRIBUTE_CODE,ATTRIBUTE_DISPLAY_NAME,DESCRIPTION,IS_VISIBLE,IS_EXPRESSION,IS_ACTIVE,DATATYPE,IS_REQUIRED,IS_ENCRYPTED,MIN_VALUE,MAX_VALUE,LENGTH,LIST_DATA,DISPLAY_ROWS,DISPLAY_COLUMNS,DISPLAY_ORDER,DEFAULTS_SCRIPT,VALIDATOR_SCRIPT,CREATED_ON,CREATED_BY,UPDATED_ON,UPDATED_BY,VERSION_NUMBER) values (151,15,'SOURCE','Source','Object Source','Y','N','Y','String','Y','N',null,null,null,'SCM',1,60,1,'return FDC.OBJECT_ATTRIBUTE_SOURCE_SCM;',null,SYSDATE,'SYSTEM',SYSDATE,'SYSTEM',1);
END;
/

begin
Insert into FD.OBJECT_ATTRIBUTE_DEF (OBJECT_ATTR_DEF_ID,OBJECT_TYPE_ID,OBJECT_ATTRIBUTE_CODE,ATTRIBUTE_DISPLAY_NAME,DESCRIPTION,IS_VISIBLE,IS_EXPRESSION,IS_ACTIVE,DATATYPE,IS_REQUIRED,IS_ENCRYPTED,MIN_VALUE,MAX_VALUE,LENGTH,LIST_DATA,DISPLAY_ROWS,DISPLAY_COLUMNS,DISPLAY_ORDER,DEFAULTS_SCRIPT,VALIDATOR_SCRIPT,CREATED_ON,CREATED_BY,UPDATED_ON,UPDATED_BY,VERSION_NUMBER) values (155,15,'TARGET_LOCATION','Target Location','Object Target Location','Y','N','Y','String','Y','N',null,null,null,null,1,250,5,'APP_SHORT_NAME=FDEBS_APPLICATION_SHORT_NAME ?: FILE_PATH_PREFIX.split(''/'')[1];    
SOURCE_DIR=FDEBS_PUBLISHER_ROOT_SOURCE_DIR == null || FDEBS_PUBLISHER_ROOT_SOURCE_DIR == '''' ? EBSC.FDEBS_PUBLISHER_ROOT_SOURCE_DIR_DEFAULT : FDEBS_PUBLISHER_ROOT_SOURCE_DIR;    
SUB_DIR=FILE_PATH_PREFIX.indexOf(SOURCE_DIR) > 0 ? FILE_PATH_PREFIX.substring(FILE_PATH_PREFIX.indexOf(SOURCE_DIR) + SOURCE_DIR.length()) : FILE_PATH_PREFIX;    
SUB_LOC=''TEMPLATE''.equals(LOB_TYPE) ? ''templates'' : ''defs'';    
TARGET_LOC=FDEBS_PUBLISHER_ROOT_DESTINATION_DIR ?: ''$'' + APP_SHORT_NAME + ''_TOP/patch/115/publisher/'' + SUB_LOC;     
TARGET_LOC=TARGET_LOC + ''/'' + SUB_DIR + ''/'';    
return TARGET_LOC.replace(''//'',''/'');',null,SYSDATE,'SYSTEM',SYSDATE,'SYSTEM',1);
Insert into FD.OBJECT_ATTRIBUTE_DEF (OBJECT_ATTR_DEF_ID,OBJECT_TYPE_ID,OBJECT_ATTRIBUTE_CODE,ATTRIBUTE_DISPLAY_NAME,DESCRIPTION,IS_VISIBLE,IS_EXPRESSION,IS_ACTIVE,DATATYPE,IS_REQUIRED,IS_ENCRYPTED,MIN_VALUE,MAX_VALUE,LENGTH,LIST_DATA,DISPLAY_ROWS,DISPLAY_COLUMNS,DISPLAY_ORDER,DEFAULTS_SCRIPT,VALIDATOR_SCRIPT,CREATED_ON,CREATED_BY,UPDATED_ON,UPDATED_BY,VERSION_NUMBER) values (154,15,'LOB_TYPE','LOB Type','LOB Type','Y','N','Y','String','Y','N',null,null,null,'TEMPLATE,XML_SCHEMA,XML_SAMPLE',1,100,4,'LOB_TYPE_VAL=''XML_SAMPLE'';    
if (''PDF''.equals(XDO_FILE_TYPE) || ''RTF''.equals(XDO_FILE_TYPE) || ''XLS''.equals(XDO_FILE_TYPE) || ''XLS-FO''.equals(XDO_FILE_TYPE) ||  ''XSL''.equals(XDO_FILE_TYPE))    
{    
  LOB_TYPE_VAL = ''TEMPLATE'';    
}    
else if (''XSD''.equals(XDO_FILE_TYPE) || ''DTD''.equals(XDO_FILE_TYPE))    
{    
  LOB_TYPE_VAL = ''XML_SCHEMA'';    
}    
return LOB_TYPE_VAL;',null,SYSDATE,'SYSTEM',SYSDATE,'SYSTEM',1);
Insert into FD.OBJECT_ATTRIBUTE_DEF (OBJECT_ATTR_DEF_ID,OBJECT_TYPE_ID,OBJECT_ATTRIBUTE_CODE,ATTRIBUTE_DISPLAY_NAME,DESCRIPTION,IS_VISIBLE,IS_EXPRESSION,IS_ACTIVE,DATATYPE,IS_REQUIRED,IS_ENCRYPTED,MIN_VALUE,MAX_VALUE,LENGTH,LIST_DATA,DISPLAY_ROWS,DISPLAY_COLUMNS,DISPLAY_ORDER,DEFAULTS_SCRIPT,VALIDATOR_SCRIPT,CREATED_ON,CREATED_BY,UPDATED_ON,UPDATED_BY,VERSION_NUMBER) values (152,15,'LOB_CODE','LOB Code','LOB Code','Y','N','Y','String','Y','N',null,null,null,null,1,120,2,'return FILE_NAME;',null,SYSDATE,'SYSTEM',SYSDATE,'SYSTEM',1);
Insert into FD.OBJECT_ATTRIBUTE_DEF (OBJECT_ATTR_DEF_ID,OBJECT_TYPE_ID,OBJECT_ATTRIBUTE_CODE,ATTRIBUTE_DISPLAY_NAME,DESCRIPTION,IS_VISIBLE,IS_EXPRESSION,IS_ACTIVE,DATATYPE,IS_REQUIRED,IS_ENCRYPTED,MIN_VALUE,MAX_VALUE,LENGTH,LIST_DATA,DISPLAY_ROWS,DISPLAY_COLUMNS,DISPLAY_ORDER,DEFAULTS_SCRIPT,VALIDATOR_SCRIPT,CREATED_ON,CREATED_BY,UPDATED_ON,UPDATED_BY,VERSION_NUMBER) values (157,15,'LANGUAGE','Language','Language','Y','N','Y','String','Y','N',null,null,null,null,1,60,7,'return ''en'';',null,SYSDATE,'SYSTEM',SYSDATE,'SYSTEM',1);
Insert into FD.OBJECT_ATTRIBUTE_DEF (OBJECT_ATTR_DEF_ID,OBJECT_TYPE_ID,OBJECT_ATTRIBUTE_CODE,ATTRIBUTE_DISPLAY_NAME,DESCRIPTION,IS_VISIBLE,IS_EXPRESSION,IS_ACTIVE,DATATYPE,IS_REQUIRED,IS_ENCRYPTED,MIN_VALUE,MAX_VALUE,LENGTH,LIST_DATA,DISPLAY_ROWS,DISPLAY_COLUMNS,DISPLAY_ORDER,DEFAULTS_SCRIPT,VALIDATOR_SCRIPT,CREATED_ON,CREATED_BY,UPDATED_ON,UPDATED_BY,VERSION_NUMBER) values (156,15,'TERRITORY','Territory Code','Territory Code','Y','N','Y','String','Y','N',null,null,null,null,1,60,6,'return ''US'';',null,SYSDATE,'SYSTEM',SYSDATE,'SYSTEM',1);
END;
/

begin
Insert into FD.OBJECT_ATTRIBUTE_DEF (OBJECT_ATTR_DEF_ID,OBJECT_TYPE_ID,OBJECT_ATTRIBUTE_CODE,ATTRIBUTE_DISPLAY_NAME,DESCRIPTION,IS_VISIBLE,IS_EXPRESSION,IS_ACTIVE,DATATYPE,IS_REQUIRED,IS_ENCRYPTED,MIN_VALUE,MAX_VALUE,LENGTH,LIST_DATA,DISPLAY_ROWS,DISPLAY_COLUMNS,DISPLAY_ORDER,DEFAULTS_SCRIPT,VALIDATOR_SCRIPT,CREATED_ON,CREATED_BY,UPDATED_ON,UPDATED_BY,VERSION_NUMBER) values (158,15,'NLS_LANG','NLS Lang','NLS Lang','Y','N','Y','String','Y','N',null,null,null,null,1,90,8,'return ''$NLS_LANG''',null,SYSDATE,'SYSTEM',SYSDATE,'SYSTEM',1);
Insert into FD.OBJECT_ATTRIBUTE_DEF (OBJECT_ATTR_DEF_ID,OBJECT_TYPE_ID,OBJECT_ATTRIBUTE_CODE,ATTRIBUTE_DISPLAY_NAME,DESCRIPTION,IS_VISIBLE,IS_EXPRESSION,IS_ACTIVE,DATATYPE,IS_REQUIRED,IS_ENCRYPTED,MIN_VALUE,MAX_VALUE,LENGTH,LIST_DATA,DISPLAY_ROWS,DISPLAY_COLUMNS,DISPLAY_ORDER,DEFAULTS_SCRIPT,VALIDATOR_SCRIPT,CREATED_ON,CREATED_BY,UPDATED_ON,UPDATED_BY,VERSION_NUMBER) values (153,15,'XDO_FILE_TYPE','XDO File Type','XDO File Type','Y','N','Y','String','Y','N',null,null,null,null,1,80,3,'XDO_FILE_TYPE_VAL=FILE_EXTENSION.toUpperCase();    
XDO_FILE_TYPE_VAL= ''XSL''.equals(XDO_FILE_TYPE_VAL) ? ''XSL-FO'' : XDO_FILE_TYPE_VAL;    
return XDO_FILE_TYPE_VAL;',null,SYSDATE,'SYSTEM',SYSDATE,'SYSTEM',1);
Insert into FD.OBJECT_ATTRIBUTE_DEF (OBJECT_ATTR_DEF_ID,OBJECT_TYPE_ID,OBJECT_ATTRIBUTE_CODE,ATTRIBUTE_DISPLAY_NAME,DESCRIPTION,IS_VISIBLE,IS_EXPRESSION,IS_ACTIVE,DATATYPE,IS_REQUIRED,IS_ENCRYPTED,MIN_VALUE,MAX_VALUE,LENGTH,LIST_DATA,DISPLAY_ROWS,DISPLAY_COLUMNS,DISPLAY_ORDER,DEFAULTS_SCRIPT,VALIDATOR_SCRIPT,CREATED_ON,CREATED_BY,UPDATED_ON,UPDATED_BY,VERSION_NUMBER) values (159,15,'DEPLOY_COMMAND','Deploy Command','Deploy Command','Y','N','Y','String','Y','N',null,null,null,null,4,400,9,'CMD=''cp $SOURCE_FILE '' + TARGET_LOCATION  + '';\n'';    
CMD=CMD + ''java oracle.apps.xdo.oa.util.XDOLoader UPLOAD -DB_USERNAME $FDEBS_DB_USER -DB_PASSWORD $FDEBS_DB_PASSWORD -JDBC_CONNECTION \"$AD_APPS_JDBC_URL\" -LOB_TYPE '' + LOB_TYPE + '' -APPS_SHORT_NAME '' + FDEBS_APPLICATION_SHORT_NAME + '' -LOB_CODE '' + LOB_CODE + '' -LANGUAGE '' + LANGUAGE + '' -TERRITORY '' + TERRITORY + '' -NLS_LANG '' + NLS_LANG + '' -XDO_FILE_TYPE  '' + XDO_FILE_TYPE + '' -FILE_NAME \"'' + TARGET_LOCATION + FILE_NAME + ''.'' + FILE_EXTENSION + ''\"'';    
return CMD;',null,SYSDATE,'SYSTEM',SYSDATE,'SYSTEM',1);
Insert into FD.OBJECT_ATTRIBUTE_DEF (OBJECT_ATTR_DEF_ID,OBJECT_TYPE_ID,OBJECT_ATTRIBUTE_CODE,ATTRIBUTE_DISPLAY_NAME,DESCRIPTION,IS_VISIBLE,IS_EXPRESSION,IS_ACTIVE,DATATYPE,IS_REQUIRED,IS_ENCRYPTED,MIN_VALUE,MAX_VALUE,LENGTH,LIST_DATA,DISPLAY_ROWS,DISPLAY_COLUMNS,DISPLAY_ORDER,DEFAULTS_SCRIPT,VALIDATOR_SCRIPT,CREATED_ON,CREATED_BY,UPDATED_ON,UPDATED_BY,VERSION_NUMBER) values (161,16,'SOURCE','Source','Object Source','Y','N','Y','String','Y','N',null,null,null,'SCM',1,60,1,'return FDC.OBJECT_ATTRIBUTE_SOURCE_SCM;',null,SYSDATE,'SYSTEM',SYSDATE,'SYSTEM',1);
Insert into FD.OBJECT_ATTRIBUTE_DEF (OBJECT_ATTR_DEF_ID,OBJECT_TYPE_ID,OBJECT_ATTRIBUTE_CODE,ATTRIBUTE_DISPLAY_NAME,DESCRIPTION,IS_VISIBLE,IS_EXPRESSION,IS_ACTIVE,DATATYPE,IS_REQUIRED,IS_ENCRYPTED,MIN_VALUE,MAX_VALUE,LENGTH,LIST_DATA,DISPLAY_ROWS,DISPLAY_COLUMNS,DISPLAY_ORDER,DEFAULTS_SCRIPT,VALIDATOR_SCRIPT,CREATED_ON,CREATED_BY,UPDATED_ON,UPDATED_BY,VERSION_NUMBER) values (162,16,'TARGET_LOCATION','Target Location','Object Target Location','Y','N','Y','String','Y','N',null,null,null,null,1,250,2,'APP_SHORT_NAME=FDEBS_APPLICATION_SHORT_NAME ?: FILE_PATH_PREFIX.split(''/'')[1]; 
SOURCE_DIR=FDEBS_PROG_ROOT_SOURCE_DIR == null || FDEBS_PROG_ROOT_SOURCE_DIR == '''' ? EBSC.FDEBS_PROG_ROOT_SOURCE_DIR_DEFAULT : FDEBS_PROG_ROOT_SOURCE_DIR;    
SUB_DIR=FILE_PATH_PREFIX.indexOf(SOURCE_DIR) > 0 ? FILE_PATH_PREFIX.substring(FILE_PATH_PREFIX.indexOf(SOURCE_DIR) + SOURCE_DIR.length()) : FILE_PATH_PREFIX;    
TARGET_LOC=''$'' + APP_SHORT_NAME + ''_TOP/bin'';     
TARGET_LOC=TARGET_LOC + ''/'' + SUB_DIR + ''/'';    
return TARGET_LOC.replace(''//'',''/'');',null,SYSDATE,'SYSTEM',SYSDATE,'SYSTEM',1);
Insert into FD.OBJECT_ATTRIBUTE_DEF (OBJECT_ATTR_DEF_ID,OBJECT_TYPE_ID,OBJECT_ATTRIBUTE_CODE,ATTRIBUTE_DISPLAY_NAME,DESCRIPTION,IS_VISIBLE,IS_EXPRESSION,IS_ACTIVE,DATATYPE,IS_REQUIRED,IS_ENCRYPTED,MIN_VALUE,MAX_VALUE,LENGTH,LIST_DATA,DISPLAY_ROWS,DISPLAY_COLUMNS,DISPLAY_ORDER,DEFAULTS_SCRIPT,VALIDATOR_SCRIPT,CREATED_ON,CREATED_BY,UPDATED_ON,UPDATED_BY,VERSION_NUMBER) values (171,17,'SOURCE','Source','Object Source','Y','N','Y','String','Y','N',null,null,null,'SCM',1,60,1,'return FDC.OBJECT_ATTRIBUTE_SOURCE_SCM;',null,SYSDATE,'SYSTEM',SYSDATE,'SYSTEM',1);
Insert into FD.OBJECT_ATTRIBUTE_DEF (OBJECT_ATTR_DEF_ID,OBJECT_TYPE_ID,OBJECT_ATTRIBUTE_CODE,ATTRIBUTE_DISPLAY_NAME,DESCRIPTION,IS_VISIBLE,IS_EXPRESSION,IS_ACTIVE,DATATYPE,IS_REQUIRED,IS_ENCRYPTED,MIN_VALUE,MAX_VALUE,LENGTH,LIST_DATA,DISPLAY_ROWS,DISPLAY_COLUMNS,DISPLAY_ORDER,DEFAULTS_SCRIPT,VALIDATOR_SCRIPT,CREATED_ON,CREATED_BY,UPDATED_ON,UPDATED_BY,VERSION_NUMBER) values (172,17,'TARGET_LOCATION','Target Location','Object Target Location','Y','N','Y','String','Y','N',null,null,null,null,1,250,2,'APP_SHORT_NAME=FDEBS_APPLICATION_SHORT_NAME ?: FILE_PATH_PREFIX.split(''/'')[1];  
SOURCE_DIR=FDEBS_FONTS_ROOT_SOURCE_DIR == null || FDEBS_FONTS_ROOT_SOURCE_DIR == ''''  ? EBSC.FDEBS_FONTS_ROOT_SOURCE_DIR_DEFAULT : FDEBS_FONTS_ROOT_SOURCE_DIR;    
SUB_DIR=FILE_PATH_PREFIX.indexOf(SOURCE_DIR) > 0 ? FILE_PATH_PREFIX.substring(FILE_PATH_PREFIX.indexOf(SOURCE_DIR) + SOURCE_DIR.length()) : FILE_PATH_PREFIX;    
TARGET_LOC=FDEBS_FONTS_ROOT_DESTINATION_DIR ?: ''$AF_JRE_TOP/lib/fonts'';     
TARGET_LOC=TARGET_LOC + ''/'' + SUB_DIR + ''/'';    
return TARGET_LOC.replace(''//'',''/'');',null,SYSDATE,'SYSTEM',SYSDATE,'SYSTEM',1);
Insert into FD.OBJECT_ATTRIBUTE_DEF (OBJECT_ATTR_DEF_ID,OBJECT_TYPE_ID,OBJECT_ATTRIBUTE_CODE,ATTRIBUTE_DISPLAY_NAME,DESCRIPTION,IS_VISIBLE,IS_EXPRESSION,IS_ACTIVE,DATATYPE,IS_REQUIRED,IS_ENCRYPTED,MIN_VALUE,MAX_VALUE,LENGTH,LIST_DATA,DISPLAY_ROWS,DISPLAY_COLUMNS,DISPLAY_ORDER,DEFAULTS_SCRIPT,VALIDATOR_SCRIPT,CREATED_ON,CREATED_BY,UPDATED_ON,UPDATED_BY,VERSION_NUMBER) values (96,9,'UPLOAD_MODE','Upload Mode','Upload Mode','Y','N','Y','String','Y','N',null,null,null,'REPLACE,NLS',1,100,6,'return ''REPLACE'';',null,SYSDATE,'SYSTEM',SYSDATE,'SYSTEM',1);
Insert into FD.OBJECT_ATTRIBUTE_DEF (OBJECT_ATTR_DEF_ID,OBJECT_TYPE_ID,OBJECT_ATTRIBUTE_CODE,ATTRIBUTE_DISPLAY_NAME,DESCRIPTION,IS_VISIBLE,IS_EXPRESSION,IS_ACTIVE,DATATYPE,IS_REQUIRED,IS_ENCRYPTED,MIN_VALUE,MAX_VALUE,LENGTH,LIST_DATA,DISPLAY_ROWS,DISPLAY_COLUMNS,DISPLAY_ORDER,DEFAULTS_SCRIPT,VALIDATOR_SCRIPT,CREATED_ON,CREATED_BY,UPDATED_ON,UPDATED_BY,VERSION_NUMBER) values (97,9,'CUSTOM_MODE','Custom Mode','Custom Mode','Y','N','Y','String','Y','N',null,null,null,'NONE,FORCE',11,100,7,'return ''FORCE'';',null,SYSDATE,'SYSTEM',SYSDATE,'SYSTEM',1);
Insert into FD.OBJECT_ATTRIBUTE_DEF (OBJECT_ATTR_DEF_ID,OBJECT_TYPE_ID,OBJECT_ATTRIBUTE_CODE,ATTRIBUTE_DISPLAY_NAME,DESCRIPTION,IS_VISIBLE,IS_EXPRESSION,IS_ACTIVE,DATATYPE,IS_REQUIRED,IS_ENCRYPTED,MIN_VALUE,MAX_VALUE,LENGTH,LIST_DATA,DISPLAY_ROWS,DISPLAY_COLUMNS,DISPLAY_ORDER,DEFAULTS_SCRIPT,VALIDATOR_SCRIPT,CREATED_ON,CREATED_BY,UPDATED_ON,UPDATED_BY,VERSION_NUMBER) values (98,9,'ADDITIONAL_PARAMS','Additional Parameters','Additional Parameters','Y','N','Y','String','N','N',null,null,null,null,2,300,8,'return '''';',null,SYSDATE,'SYSTEM',SYSDATE,'SYSTEM',1);
END;
/

begin
Insert into FD.OBJECT_ATTRIBUTE_DEF (OBJECT_ATTR_DEF_ID,OBJECT_TYPE_ID,OBJECT_ATTRIBUTE_CODE,ATTRIBUTE_DISPLAY_NAME,DESCRIPTION,IS_VISIBLE,IS_EXPRESSION,IS_ACTIVE,DATATYPE,IS_REQUIRED,IS_ENCRYPTED,MIN_VALUE,MAX_VALUE,LENGTH,LIST_DATA,DISPLAY_ROWS,DISPLAY_COLUMNS,DISPLAY_ORDER,DEFAULTS_SCRIPT,VALIDATOR_SCRIPT,CREATED_ON,CREATED_BY,UPDATED_ON,UPDATED_BY,VERSION_NUMBER) values (99,9,'DEPLOY_COMMAND','Deploy Command','Deploy Command','Y','N','Y','String','Y','N',null,null,null,null,4,400,10,'APP_SHORT_NAME=FDEBS_APPLICATION_SHORT_NAME ?: FILE_PATH_PREFIX.split(''/'')[1];     
CMD=''cp $SOURCE_FILE '' + TARGET_LOCATION  + '';\n'';     
CMD=CMD + ''FNDLOAD $FDEBS_DB_USER/$FDEBS_DB_PASSWORD 0 Y UPLOAD  '' + CONTROL_FILE + '' '' + TARGET_LOCATION + FILE_NAME + ''.'' + FILE_EXTENSION + '' - UPLOAD_MODE='' + UPLOAD_MODE + '' CUSTOM_MODE='' + CUSTOM_MODE + '' '' + ADDITIONAL_PARAMS + '';'';     
return CMD;',null,SYSDATE,'SYSTEM',SYSDATE,'SYSTEM',1);
Insert into FD.OBJECT_ATTRIBUTE_DEF (OBJECT_ATTR_DEF_ID,OBJECT_TYPE_ID,OBJECT_ATTRIBUTE_CODE,ATTRIBUTE_DISPLAY_NAME,DESCRIPTION,IS_VISIBLE,IS_EXPRESSION,IS_ACTIVE,DATATYPE,IS_REQUIRED,IS_ENCRYPTED,MIN_VALUE,MAX_VALUE,LENGTH,LIST_DATA,DISPLAY_ROWS,DISPLAY_COLUMNS,DISPLAY_ORDER,DEFAULTS_SCRIPT,VALIDATOR_SCRIPT,CREATED_ON,CREATED_BY,UPDATED_ON,UPDATED_BY,VERSION_NUMBER) values (11,1,'SOURCE','Source','Object Source','Y','N','Y','String','Y','N',null,null,null,'SCM',1,60,1,'return FDC.OBJECT_ATTRIBUTE_SOURCE_SCM;',null,SYSDATE,'SYSTEM',SYSDATE,'SYSTEM',1);
Insert into FD.OBJECT_ATTRIBUTE_DEF (OBJECT_ATTR_DEF_ID,OBJECT_TYPE_ID,OBJECT_ATTRIBUTE_CODE,ATTRIBUTE_DISPLAY_NAME,DESCRIPTION,IS_VISIBLE,IS_EXPRESSION,IS_ACTIVE,DATATYPE,IS_REQUIRED,IS_ENCRYPTED,MIN_VALUE,MAX_VALUE,LENGTH,LIST_DATA,DISPLAY_ROWS,DISPLAY_COLUMNS,DISPLAY_ORDER,DEFAULTS_SCRIPT,VALIDATOR_SCRIPT,CREATED_ON,CREATED_BY,UPDATED_ON,UPDATED_BY,VERSION_NUMBER) values (12,1,'TARGET_LOCATION','Target Location','Object Target Location','Y','N','Y','String','Y','N',null,null,null,null,1,250,2,'SOURCE_DIR=FDEBS_JAVA_ROOT_SOURCE_DIR == null || FDEBS_JAVA_ROOT_SOURCE_DIR == ''''  ? EBSC.FDEBS_JAVA_ROOT_SOURCE_DIR_DEFAULT : FDEBS_JAVA_ROOT_SOURCE_DIR;     
SUB_DIR=FILE_PATH_PREFIX.indexOf(SOURCE_DIR) > 0 ? FILE_PATH_PREFIX.substring(FILE_PATH_PREFIX.indexOf(SOURCE_DIR) + SOURCE_DIR.length()) : FILE_PATH_PREFIX;     
DEST_DIR=FDEBS_JAVA_ROOT_DESTINATION_DIR ?: ''$JAVA_TOP'';     
TARGET_LOC=DEST_DIR + ''/'' + SUB_DIR + ''/'';      
return TARGET_LOC.replace(''//'',''/'');',null,SYSDATE,'SYSTEM',SYSDATE,'SYSTEM',1);
Insert into FD.OBJECT_ATTRIBUTE_DEF (OBJECT_ATTR_DEF_ID,OBJECT_TYPE_ID,OBJECT_ATTRIBUTE_CODE,ATTRIBUTE_DISPLAY_NAME,DESCRIPTION,IS_VISIBLE,IS_EXPRESSION,IS_ACTIVE,DATATYPE,IS_REQUIRED,IS_ENCRYPTED,MIN_VALUE,MAX_VALUE,LENGTH,LIST_DATA,DISPLAY_ROWS,DISPLAY_COLUMNS,DISPLAY_ORDER,DEFAULTS_SCRIPT,VALIDATOR_SCRIPT,CREATED_ON,CREATED_BY,UPDATED_ON,UPDATED_BY,VERSION_NUMBER) values (21,2,'SOURCE','Source','Object Source','Y','N','Y','String','Y','N',null,null,null,'SCM',1,60,1,'return FDC.OBJECT_ATTRIBUTE_SOURCE_SCM;',null,SYSDATE,'SYSTEM',SYSDATE,'SYSTEM',1);
Insert into FD.OBJECT_ATTRIBUTE_DEF (OBJECT_ATTR_DEF_ID,OBJECT_TYPE_ID,OBJECT_ATTRIBUTE_CODE,ATTRIBUTE_DISPLAY_NAME,DESCRIPTION,IS_VISIBLE,IS_EXPRESSION,IS_ACTIVE,DATATYPE,IS_REQUIRED,IS_ENCRYPTED,MIN_VALUE,MAX_VALUE,LENGTH,LIST_DATA,DISPLAY_ROWS,DISPLAY_COLUMNS,DISPLAY_ORDER,DEFAULTS_SCRIPT,VALIDATOR_SCRIPT,CREATED_ON,CREATED_BY,UPDATED_ON,UPDATED_BY,VERSION_NUMBER) values (22,2,'TARGET_LOCATION','Target Location','Object Target Location','Y','N','Y','String','Y','N',null,null,null,null,1,250,2,'APP_SHORT_NAME=FDEBS_APPLICATION_SHORT_NAME ?: FILE_PATH_PREFIX.split(''/'')[1];  
if (''jpx''.equalsIgnoreCase(FILE_EXTENSION)) 
{ 
	SOURCE_DIR=''mds'';  
} 
else 
{ 
	SOURCE_DIR=FDEBS_JAVA_ROOT_SOURCE_DIR == null || FDEBS_JAVA_ROOT_SOURCE_DIR == '''' ? EBSC.FDEBS_JAVA_ROOT_SOURCE_DIR_DEFAULT : FDEBS_JAVA_ROOT_SOURCE_DIR;  
}   
SUB_DIR=FILE_PATH_PREFIX.indexOf(SOURCE_DIR) > 0 ? FILE_PATH_PREFIX.substring(FILE_PATH_PREFIX.indexOf(SOURCE_DIR) + SOURCE_DIR.length()) : FILE_PATH_PREFIX;    
TARGET_LOC=''$'' + APP_SHORT_NAME + ''_TOP/mds/'' + SUB_DIR + ''/'';     
return TARGET_LOC.replace(''//'',''/'');',null,SYSDATE,'SYSTEM',SYSDATE,'SYSTEM',1);
Insert into FD.OBJECT_ATTRIBUTE_DEF (OBJECT_ATTR_DEF_ID,OBJECT_TYPE_ID,OBJECT_ATTRIBUTE_CODE,ATTRIBUTE_DISPLAY_NAME,DESCRIPTION,IS_VISIBLE,IS_EXPRESSION,IS_ACTIVE,DATATYPE,IS_REQUIRED,IS_ENCRYPTED,MIN_VALUE,MAX_VALUE,LENGTH,LIST_DATA,DISPLAY_ROWS,DISPLAY_COLUMNS,DISPLAY_ORDER,DEFAULTS_SCRIPT,VALIDATOR_SCRIPT,CREATED_ON,CREATED_BY,UPDATED_ON,UPDATED_BY,VERSION_NUMBER) values (23,2,'ROOT_DIRECTORY','Root Directory','Root Directory','Y','N','Y','String','Y','N',null,null,null,null,1,120,3,'APP_SHORT_NAME=FDEBS_APPLICATION_SHORT_NAME ?:  FILE_PATH_PREFIX.split(''/'')[1]; 
return ''$'' + APP_SHORT_NAME + ''_TOP/mds'';',null,SYSDATE,'SYSTEM',SYSDATE,'SYSTEM',1);
Insert into FD.OBJECT_ATTRIBUTE_DEF (OBJECT_ATTR_DEF_ID,OBJECT_TYPE_ID,OBJECT_ATTRIBUTE_CODE,ATTRIBUTE_DISPLAY_NAME,DESCRIPTION,IS_VISIBLE,IS_EXPRESSION,IS_ACTIVE,DATATYPE,IS_REQUIRED,IS_ENCRYPTED,MIN_VALUE,MAX_VALUE,LENGTH,LIST_DATA,DISPLAY_ROWS,DISPLAY_COLUMNS,DISPLAY_ORDER,DEFAULTS_SCRIPT,VALIDATOR_SCRIPT,CREATED_ON,CREATED_BY,UPDATED_ON,UPDATED_BY,VERSION_NUMBER) values (24,2,'DEPLOY_COMMAND','Deploy Command','Deploy Command','Y','N','Y','String','Y','N',null,null,null,null,4,400,4,'CMD=''cp $SOURCE_FILE '' + TARGET_LOCATION  + '';\n'';  
if (''jpx''.equalsIgnoreCase(FILE_EXTENSION))  
{  
	CMD=CMD + ''java oracle.jrad.tools.xml.importer.JPXImporter '' + TARGET_LOCATION + FILE_NAME + ''.'' + FILE_EXTENSION + '' -username $FDEBS_DB_USER -password $FDEBS_DB_PASSWORD -dbconnection "$AD_APPS_JDBC_URL" ;'';    
}  
else  
{  
	CMD=CMD + ''java oracle.jrad.tools.xml.importer.XMLImporter '' + TARGET_LOCATION + FILE_NAME + ''.'' + FILE_EXTENSION + ''  -rootdir '' + ROOT_DIRECTORY + '' -username $FDEBS_DB_USER -password $FDEBS_DB_PASSWORD -dbconnection "$AD_APPS_JDBC_URL" ;'';    
}  
return CMD;',null,SYSDATE,'SYSTEM',SYSDATE,'SYSTEM',1);
Insert into FD.OBJECT_ATTRIBUTE_DEF (OBJECT_ATTR_DEF_ID,OBJECT_TYPE_ID,OBJECT_ATTRIBUTE_CODE,ATTRIBUTE_DISPLAY_NAME,DESCRIPTION,IS_VISIBLE,IS_EXPRESSION,IS_ACTIVE,DATATYPE,IS_REQUIRED,IS_ENCRYPTED,MIN_VALUE,MAX_VALUE,LENGTH,LIST_DATA,DISPLAY_ROWS,DISPLAY_COLUMNS,DISPLAY_ORDER,DEFAULTS_SCRIPT,VALIDATOR_SCRIPT,CREATED_ON,CREATED_BY,UPDATED_ON,UPDATED_BY,VERSION_NUMBER) values (13,1,'CLASSPATH','Java Classpath','Java Classpath','Y','N','Y','String','Y','N',null,null,null,null,2,200,3,'CLASSPATH_VALUE=FDEBS_JAVA_CLASSPATH != null ? '':'' + FDEBS_JAVA_CLASSPATH : '''';     
CLASSPATH_VALUE=''$CLASSPATH'' + CLASSPATH_VALUE;return CLASSPATH_VALUE;',null,SYSDATE,'SYSTEM',SYSDATE,'SYSTEM',1);
Insert into FD.OBJECT_ATTRIBUTE_DEF (OBJECT_ATTR_DEF_ID,OBJECT_TYPE_ID,OBJECT_ATTRIBUTE_CODE,ATTRIBUTE_DISPLAY_NAME,DESCRIPTION,IS_VISIBLE,IS_EXPRESSION,IS_ACTIVE,DATATYPE,IS_REQUIRED,IS_ENCRYPTED,MIN_VALUE,MAX_VALUE,LENGTH,LIST_DATA,DISPLAY_ROWS,DISPLAY_COLUMNS,DISPLAY_ORDER,DEFAULTS_SCRIPT,VALIDATOR_SCRIPT,CREATED_ON,CREATED_BY,UPDATED_ON,UPDATED_BY,VERSION_NUMBER) values (14,1,'DEPLOY_COMMAND','Deploy Command','Deploy Command','Y','N','Y','String','Y','N',null,null,null,null,4,400,4,'CMD=''cp $SOURCE_FILE '' + TARGET_LOCATION  + '';\n'';   
if ("java".equalsIgnoreCase(FILE_EXTENSION))  
{  
CLASSPATH_VAL=CLASSPATH == null || CLASSPATH == '''' ? '''' : ''-classpath '' + CLASSPATH;  
CMD=CLASSPATH == null || CLASSPATH == '''' ? CMD : CMD + ''export CLASSPATH='' + CLASSPATH + '';\n'';  
CMD=CMD + ''javac -Xlint:none '' + CLASSPATH_VAL + '' '' + TARGET_LOCATION + FILE_NAME + ''.'' + FILE_EXTENSION + '';'';     
}  
return CMD;',null,SYSDATE,'SYSTEM',SYSDATE,'SYSTEM',1);
Insert into FD.OBJECT_ATTRIBUTE_DEF (OBJECT_ATTR_DEF_ID,OBJECT_TYPE_ID,OBJECT_ATTRIBUTE_CODE,ATTRIBUTE_DISPLAY_NAME,DESCRIPTION,IS_VISIBLE,IS_EXPRESSION,IS_ACTIVE,DATATYPE,IS_REQUIRED,IS_ENCRYPTED,MIN_VALUE,MAX_VALUE,LENGTH,LIST_DATA,DISPLAY_ROWS,DISPLAY_COLUMNS,DISPLAY_ORDER,DEFAULTS_SCRIPT,VALIDATOR_SCRIPT,CREATED_ON,CREATED_BY,UPDATED_ON,UPDATED_BY,VERSION_NUMBER) values (31,3,'SOURCE','Source','Object Source','Y','N','Y','String','Y','N',null,null,null,'SCM',1,60,1,'return FDC.OBJECT_ATTRIBUTE_SOURCE_SCM;',null,SYSDATE,'SYSTEM',SYSDATE,'SYSTEM',1);
END;
/

begin
Insert into FD.OBJECT_ATTRIBUTE_DEF (OBJECT_ATTR_DEF_ID,OBJECT_TYPE_ID,OBJECT_ATTRIBUTE_CODE,ATTRIBUTE_DISPLAY_NAME,DESCRIPTION,IS_VISIBLE,IS_EXPRESSION,IS_ACTIVE,DATATYPE,IS_REQUIRED,IS_ENCRYPTED,MIN_VALUE,MAX_VALUE,LENGTH,LIST_DATA,DISPLAY_ROWS,DISPLAY_COLUMNS,DISPLAY_ORDER,DEFAULTS_SCRIPT,VALIDATOR_SCRIPT,CREATED_ON,CREATED_BY,UPDATED_ON,UPDATED_BY,VERSION_NUMBER) values (32,3,'TARGET_LOCATION','Target Location','Object Target Location','Y','N','Y','String','Y','N',null,null,null,null,1,250,2,'APP_SHORT_NAME=FDEBS_APPLICATION_SHORT_NAME ?: FILE_PATH_PREFIX.split(''/'')[1]; 
SOURCE_DIR=FDEBS_CP_SQL_ROOT_SOURCE_DIR == null || FDEBS_CP_SQL_ROOT_SOURCE_DIR == '''' ? EBSC.FDEBS_CP_SQL_ROOT_SOURCE_DIR_DEFAULT : FDEBS_CP_SQL_ROOT_SOURCE_DIR;    
SUB_DIR=FILE_PATH_PREFIX.indexOf(SOURCE_DIR) > 0 ? FILE_PATH_PREFIX.substring(FILE_PATH_PREFIX.indexOf(SOURCE_DIR) + SOURCE_DIR.length()) : FILE_PATH_PREFIX;    
TARGET_LOC=FDEBS_CP_SQL_ROOT_DESTINATION_DIR ?: ''$'' + APP_SHORT_NAME + ''_TOP/sql'';     
TARGET_LOC=TARGET_LOC + ''/'' + SUB_DIR + ''/'';    
return TARGET_LOC.replace(''//'',''/'');',null,SYSDATE,'SYSTEM',SYSDATE,'SYSTEM',1);
Insert into FD.OBJECT_ATTRIBUTE_DEF (OBJECT_ATTR_DEF_ID,OBJECT_TYPE_ID,OBJECT_ATTRIBUTE_CODE,ATTRIBUTE_DISPLAY_NAME,DESCRIPTION,IS_VISIBLE,IS_EXPRESSION,IS_ACTIVE,DATATYPE,IS_REQUIRED,IS_ENCRYPTED,MIN_VALUE,MAX_VALUE,LENGTH,LIST_DATA,DISPLAY_ROWS,DISPLAY_COLUMNS,DISPLAY_ORDER,DEFAULTS_SCRIPT,VALIDATOR_SCRIPT,CREATED_ON,CREATED_BY,UPDATED_ON,UPDATED_BY,VERSION_NUMBER) values (91,9,'SOURCE','Source','Object Source','Y','N','Y','String','Y','N',null,null,null,'SCM,EBS',1,60,1,'if (EVAL_OBJECT_STATE != null && EVAL_OBJECT_STATE.equals(''CREATE''))
{
	return ''EBS'';
}
else {
	return FDC.OBJECT_ATTRIBUTE_SOURCE_SCM;
}',null,SYSDATE,'SYSTEM',SYSDATE,'SYSTEM',1);
Insert into FD.OBJECT_ATTRIBUTE_DEF (OBJECT_ATTR_DEF_ID,OBJECT_TYPE_ID,OBJECT_ATTRIBUTE_CODE,ATTRIBUTE_DISPLAY_NAME,DESCRIPTION,IS_VISIBLE,IS_EXPRESSION,IS_ACTIVE,DATATYPE,IS_REQUIRED,IS_ENCRYPTED,MIN_VALUE,MAX_VALUE,LENGTH,LIST_DATA,DISPLAY_ROWS,DISPLAY_COLUMNS,DISPLAY_ORDER,DEFAULTS_SCRIPT,VALIDATOR_SCRIPT,CREATED_ON,CREATED_BY,UPDATED_ON,UPDATED_BY,VERSION_NUMBER) values (92,9,'TARGET_LOCATION','Target Location','Object Target Location','Y','N','Y','String','Y','N',null,null,null,null,1,250,4,'if (!binding.variables.containsKey("FDEBS_APPLICATION_SHORT_NAME")){
    throw new Exception(''Project Properties not configured. Click on Properties tab and configure properties.'');
}
if ((FDEBS_APPLICATION_SHORT_NAME == null || FDEBS_APPLICATION_SHORT_NAME == '''') && (FILE_PATH_PREFIX == null || FILE_PATH_PREFIX == '''' || FILE_PATH_PREFIX == ''/'')) {
    throw new Exception(''Applicaiton Short Name not found. Please Configure FDEBS_APPLICATION_SHORT_NAME property'')
}
APP_SHORT_NAME= FDEBS_APPLICATION_SHORT_NAME ?: FILE_PATH_PREFIX.split(''/'')[1];  
SOURCE_DIR=EBSC.FDEBS_IMPORT_ROOT_SOURCE_DIR_DEFAULT;     
SUB_DIR=FILE_PATH_PREFIX.indexOf(SOURCE_DIR) > 0 ? FILE_PATH_PREFIX.substring(FILE_PATH_PREFIX.indexOf(SOURCE_DIR) + SOURCE_DIR.length()) : FILE_PATH_PREFIX;     
TARGET_LOC=FDEBS_AOL_ROOT_DESTINATION_DIR ?: ''$'' + APP_SHORT_NAME + ''_TOP/patch/115/import/''; 
TARGET_LOC=TARGET_LOC + SUB_DIR + ''/'';      
return TARGET_LOC.replace(''//'',''/'');',null,SYSDATE,'SYSTEM',SYSDATE,'SYSTEM',1);
Insert into FD.OBJECT_ATTRIBUTE_DEF (OBJECT_ATTR_DEF_ID,OBJECT_TYPE_ID,OBJECT_ATTRIBUTE_CODE,ATTRIBUTE_DISPLAY_NAME,DESCRIPTION,IS_VISIBLE,IS_EXPRESSION,IS_ACTIVE,DATATYPE,IS_REQUIRED,IS_ENCRYPTED,MIN_VALUE,MAX_VALUE,LENGTH,LIST_DATA,DISPLAY_ROWS,DISPLAY_COLUMNS,DISPLAY_ORDER,DEFAULTS_SCRIPT,VALIDATOR_SCRIPT,CREATED_ON,CREATED_BY,UPDATED_ON,UPDATED_BY,VERSION_NUMBER) values (93,9,'NAME','Name','AOL Name','Y','N','Y','String','Y','N',null,null,null,null,1,250,3,'return FILE_NAME;',null,SYSDATE,'SYSTEM',SYSDATE,'SYSTEM',1);
END;
/

begin
Insert into FD.OBJECT_ATTRIBUTE_DEF (OBJECT_ATTR_DEF_ID,OBJECT_TYPE_ID,OBJECT_ATTRIBUTE_CODE,ATTRIBUTE_DISPLAY_NAME,DESCRIPTION,IS_VISIBLE,IS_EXPRESSION,IS_ACTIVE,DATATYPE,IS_REQUIRED,IS_ENCRYPTED,MIN_VALUE,MAX_VALUE,LENGTH,LIST_DATA,DISPLAY_ROWS,DISPLAY_COLUMNS,DISPLAY_ORDER,DEFAULTS_SCRIPT,VALIDATOR_SCRIPT,CREATED_ON,CREATED_BY,UPDATED_ON,UPDATED_BY,VERSION_NUMBER) values (141,14,'SOURCE','Source','Object Source','Y','N','Y','String','Y','N',null,null,null,'SCM',1,60,1,'return FDC.OBJECT_ATTRIBUTE_SOURCE_SCM;',null,SYSDATE,'SYSTEM',SYSDATE,'SYSTEM',1);
Insert into FD.OBJECT_ATTRIBUTE_DEF (OBJECT_ATTR_DEF_ID,OBJECT_TYPE_ID,OBJECT_ATTRIBUTE_CODE,ATTRIBUTE_DISPLAY_NAME,DESCRIPTION,IS_VISIBLE,IS_EXPRESSION,IS_ACTIVE,DATATYPE,IS_REQUIRED,IS_ENCRYPTED,MIN_VALUE,MAX_VALUE,LENGTH,LIST_DATA,DISPLAY_ROWS,DISPLAY_COLUMNS,DISPLAY_ORDER,DEFAULTS_SCRIPT,VALIDATOR_SCRIPT,CREATED_ON,CREATED_BY,UPDATED_ON,UPDATED_BY,VERSION_NUMBER) values (143,14,'MODULE_TYPE','Module Type','Module Type','Y','N','Y','String','Y','N',null,null,null,'LIBRARY',1,100,3,'MODULE_TYPE=''LIBRARY'';  
return MODULE_TYPE;',null,SYSDATE,'SYSTEM',SYSDATE,'SYSTEM',1);
Insert into FD.OBJECT_ATTRIBUTE_DEF (OBJECT_ATTR_DEF_ID,OBJECT_TYPE_ID,OBJECT_ATTRIBUTE_CODE,ATTRIBUTE_DISPLAY_NAME,DESCRIPTION,IS_VISIBLE,IS_EXPRESSION,IS_ACTIVE,DATATYPE,IS_REQUIRED,IS_ENCRYPTED,MIN_VALUE,MAX_VALUE,LENGTH,LIST_DATA,DISPLAY_ROWS,DISPLAY_COLUMNS,DISPLAY_ORDER,DEFAULTS_SCRIPT,VALIDATOR_SCRIPT,CREATED_ON,CREATED_BY,UPDATED_ON,UPDATED_BY,VERSION_NUMBER) values (173,17,'DEPLOY_COMMAND','Deploy Command','Deploy Command','Y','N','Y','String','Y','N',null,null,null,null,4,400,3,'CMD=''cp $SOURCE_FILE '' + TARGET_LOCATION  + '';'';    
return CMD;',null,SYSDATE,'SYSTEM',SYSDATE,'SYSTEM',1);
Insert into FD.OBJECT_ATTRIBUTE_DEF (OBJECT_ATTR_DEF_ID,OBJECT_TYPE_ID,OBJECT_ATTRIBUTE_CODE,ATTRIBUTE_DISPLAY_NAME,DESCRIPTION,IS_VISIBLE,IS_EXPRESSION,IS_ACTIVE,DATATYPE,IS_REQUIRED,IS_ENCRYPTED,MIN_VALUE,MAX_VALUE,LENGTH,LIST_DATA,DISPLAY_ROWS,DISPLAY_COLUMNS,DISPLAY_ORDER,DEFAULTS_SCRIPT,VALIDATOR_SCRIPT,CREATED_ON,CREATED_BY,UPDATED_ON,UPDATED_BY,VERSION_NUMBER) values (181,18,'SOURCE','Source','Object Source','Y','N','Y','String','Y','N',null,null,null,'SCM',1,60,1,'return FDC.OBJECT_ATTRIBUTE_SOURCE_SCM;',null,SYSDATE,'SYSTEM',SYSDATE,'SYSTEM',1);
Insert into FD.OBJECT_ATTRIBUTE_DEF (OBJECT_ATTR_DEF_ID,OBJECT_TYPE_ID,OBJECT_ATTRIBUTE_CODE,ATTRIBUTE_DISPLAY_NAME,DESCRIPTION,IS_VISIBLE,IS_EXPRESSION,IS_ACTIVE,DATATYPE,IS_REQUIRED,IS_ENCRYPTED,MIN_VALUE,MAX_VALUE,LENGTH,LIST_DATA,DISPLAY_ROWS,DISPLAY_COLUMNS,DISPLAY_ORDER,DEFAULTS_SCRIPT,VALIDATOR_SCRIPT,CREATED_ON,CREATED_BY,UPDATED_ON,UPDATED_BY,VERSION_NUMBER) values (182,18,'TARGET_LOCATION','Target Location','Object Target Location','Y','N','Y','String','Y','N',null,null,null,null,1,250,2,'APP_SHORT_NAME=FDEBS_APPLICATION_SHORT_NAME ?: FILE_PATH_PREFIX.split(''/'')[1];  
SOURCE_DIR=FDEBS_SCRIPTS_ROOT_SOURCE_DIR  == null || FDEBS_SCRIPTS_ROOT_SOURCE_DIR == '''' ? EBSC.FDEBS_SCRIPTS_ROOT_SOURCE_DIR_DEFAULT : FDEBS_SCRIPTS_ROOT_SOURCE_DIR;    
SUB_DIR=FILE_PATH_PREFIX.indexOf(SOURCE_DIR) > 0 ? FILE_PATH_PREFIX.substring(FILE_PATH_PREFIX.indexOf(SOURCE_DIR) + SOURCE_DIR.length()) : FILE_PATH_PREFIX;    
TARGET_LOC=FDEBS_SCRIPTS_ROOT_DESTINATION_DIR ?: ''$'' + APP_SHORT_NAME + ''_TOP/bin'';     
TARGET_LOC=TARGET_LOC + ''/'' + SUB_DIR + ''/'';    
return TARGET_LOC.replace(''//'',''/'');',null,SYSDATE,'SYSTEM',SYSDATE,'SYSTEM',1);
Insert into FD.OBJECT_ATTRIBUTE_DEF (OBJECT_ATTR_DEF_ID,OBJECT_TYPE_ID,OBJECT_ATTRIBUTE_CODE,ATTRIBUTE_DISPLAY_NAME,DESCRIPTION,IS_VISIBLE,IS_EXPRESSION,IS_ACTIVE,DATATYPE,IS_REQUIRED,IS_ENCRYPTED,MIN_VALUE,MAX_VALUE,LENGTH,LIST_DATA,DISPLAY_ROWS,DISPLAY_COLUMNS,DISPLAY_ORDER,DEFAULTS_SCRIPT,VALIDATOR_SCRIPT,CREATED_ON,CREATED_BY,UPDATED_ON,UPDATED_BY,VERSION_NUMBER) values (183,18,'DEPLOY_COMMAND','Deploy Command','Deploy Command','Y','N','Y','String','Y','N',null,null,null,null,4,400,3,'CMD=''cp $SOURCE_FILE '' + TARGET_LOCATION  + '';'';    
return CMD;',null,SYSDATE,'SYSTEM',SYSDATE,'SYSTEM',1);
Insert into FD.OBJECT_ATTRIBUTE_DEF (OBJECT_ATTR_DEF_ID,OBJECT_TYPE_ID,OBJECT_ATTRIBUTE_CODE,ATTRIBUTE_DISPLAY_NAME,DESCRIPTION,IS_VISIBLE,IS_EXPRESSION,IS_ACTIVE,DATATYPE,IS_REQUIRED,IS_ENCRYPTED,MIN_VALUE,MAX_VALUE,LENGTH,LIST_DATA,DISPLAY_ROWS,DISPLAY_COLUMNS,DISPLAY_ORDER,DEFAULTS_SCRIPT,VALIDATOR_SCRIPT,CREATED_ON,CREATED_BY,UPDATED_ON,UPDATED_BY,VERSION_NUMBER) values (191,19,'SOURCE','Source','Object Source','Y','N','Y','String','Y','N',null,null,null,'SCM',1,60,1,'return FDC.OBJECT_ATTRIBUTE_SOURCE_SCM;',null,SYSDATE,'SYSTEM',SYSDATE,'SYSTEM',1);
END;
/

begin
Insert into FD.OBJECT_ATTRIBUTE_DEF (OBJECT_ATTR_DEF_ID,OBJECT_TYPE_ID,OBJECT_ATTRIBUTE_CODE,ATTRIBUTE_DISPLAY_NAME,DESCRIPTION,IS_VISIBLE,IS_EXPRESSION,IS_ACTIVE,DATATYPE,IS_REQUIRED,IS_ENCRYPTED,MIN_VALUE,MAX_VALUE,LENGTH,LIST_DATA,DISPLAY_ROWS,DISPLAY_COLUMNS,DISPLAY_ORDER,DEFAULTS_SCRIPT,VALIDATOR_SCRIPT,CREATED_ON,CREATED_BY,UPDATED_ON,UPDATED_BY,VERSION_NUMBER) values (192,19,'TARGET_LOCATION','Target Location','Object Target Location','Y','N','Y','String','Y','N',null,null,null,null,1,250,2,'APP_SHORT_NAME=FDEBS_APPLICATION_SHORT_NAME ?: FILE_PATH_PREFIX.split(''/'')[1];   
SOURCE_DIR=FDEBS_PERL_ROOT_SOURCE_DIR == null || FDEBS_PERL_ROOT_SOURCE_DIR == '''' ? EBSC.FDEBS_PERL_ROOT_SOURCE_DIR_DEFAULT : FDEBS_PERL_ROOT_SOURCE_DIR;    
SUB_DIR=FILE_PATH_PREFIX.indexOf(SOURCE_DIR) > 0 ? FILE_PATH_PREFIX.substring(FILE_PATH_PREFIX.indexOf(SOURCE_DIR) + SOURCE_DIR.length()) : FILE_PATH_PREFIX;    
TARGET_LOC=FDEBS_PERL_ROOT_DESTINATION_DIR ?: ''$'' + APP_SHORT_NAME + ''_TOP/perl'';     
TARGET_LOC=TARGET_LOC + ''/'' + SUB_DIR + ''/'';    
return TARGET_LOC.replace(''//'',''/'');',null,SYSDATE,'SYSTEM',SYSDATE,'SYSTEM',1);
Insert into FD.OBJECT_ATTRIBUTE_DEF (OBJECT_ATTR_DEF_ID,OBJECT_TYPE_ID,OBJECT_ATTRIBUTE_CODE,ATTRIBUTE_DISPLAY_NAME,DESCRIPTION,IS_VISIBLE,IS_EXPRESSION,IS_ACTIVE,DATATYPE,IS_REQUIRED,IS_ENCRYPTED,MIN_VALUE,MAX_VALUE,LENGTH,LIST_DATA,DISPLAY_ROWS,DISPLAY_COLUMNS,DISPLAY_ORDER,DEFAULTS_SCRIPT,VALIDATOR_SCRIPT,CREATED_ON,CREATED_BY,UPDATED_ON,UPDATED_BY,VERSION_NUMBER) values (193,19,'DEPLOY_COMMAND','Deploy Command','Deploy Command','Y','N','Y','String','Y','N',null,null,null,null,4,400,3,'CMD=''cp $SOURCE_FILE '' + TARGET_LOCATION  + '';'';    
return CMD;',null,SYSDATE,'SYSTEM',SYSDATE,'SYSTEM',1);
Insert into FD.OBJECT_ATTRIBUTE_DEF (OBJECT_ATTR_DEF_ID,OBJECT_TYPE_ID,OBJECT_ATTRIBUTE_CODE,ATTRIBUTE_DISPLAY_NAME,DESCRIPTION,IS_VISIBLE,IS_EXPRESSION,IS_ACTIVE,DATATYPE,IS_REQUIRED,IS_ENCRYPTED,MIN_VALUE,MAX_VALUE,LENGTH,LIST_DATA,DISPLAY_ROWS,DISPLAY_COLUMNS,DISPLAY_ORDER,DEFAULTS_SCRIPT,VALIDATOR_SCRIPT,CREATED_ON,CREATED_BY,UPDATED_ON,UPDATED_BY,VERSION_NUMBER) values (201,20,'SOURCE','Source','Object Source','Y','N','Y','String','Y','N',null,null,null,'SCM',1,60,1,'return FDC.OBJECT_ATTRIBUTE_SOURCE_SCM;',null,SYSDATE,'SYSTEM',SYSDATE,'SYSTEM',1);
Insert into FD.OBJECT_ATTRIBUTE_DEF (OBJECT_ATTR_DEF_ID,OBJECT_TYPE_ID,OBJECT_ATTRIBUTE_CODE,ATTRIBUTE_DISPLAY_NAME,DESCRIPTION,IS_VISIBLE,IS_EXPRESSION,IS_ACTIVE,DATATYPE,IS_REQUIRED,IS_ENCRYPTED,MIN_VALUE,MAX_VALUE,LENGTH,LIST_DATA,DISPLAY_ROWS,DISPLAY_COLUMNS,DISPLAY_ORDER,DEFAULTS_SCRIPT,VALIDATOR_SCRIPT,CREATED_ON,CREATED_BY,UPDATED_ON,UPDATED_BY,VERSION_NUMBER) values (202,20,'TARGET_LOCATION','Target Location','Object Target Location','Y','N','Y','String','Y','N',null,null,null,null,1,250,2,'SOURCE_DIR=FDEBS_MEDIA_ROOT_SOURCE_DIR == null || FDEBS_MEDIA_ROOT_SOURCE_DIR == '''' ? EBSC.FDEBS_MEDIA_ROOT_SOURCE_DIR_DEFAULT : FDEBS_MEDIA_ROOT_SOURCE_DIR;    
SUB_DIR=FILE_PATH_PREFIX.indexOf(SOURCE_DIR) > 0 ? FILE_PATH_PREFIX.substring(FILE_PATH_PREFIX.indexOf(SOURCE_DIR) + SOURCE_DIR.length()) : FILE_PATH_PREFIX;    
TARGET_LOC=FDEBS_MEDIA_ROOT_DESTINATION_DIR ?: ''$OA_MEDIA'';     
TARGET_LOC=TARGET_LOC + ''/'' + SUB_DIR + ''/'';    
return TARGET_LOC.replace(''//'',''/'');',null,SYSDATE,'SYSTEM',SYSDATE,'SYSTEM',1);
Insert into FD.OBJECT_ATTRIBUTE_DEF (OBJECT_ATTR_DEF_ID,OBJECT_TYPE_ID,OBJECT_ATTRIBUTE_CODE,ATTRIBUTE_DISPLAY_NAME,DESCRIPTION,IS_VISIBLE,IS_EXPRESSION,IS_ACTIVE,DATATYPE,IS_REQUIRED,IS_ENCRYPTED,MIN_VALUE,MAX_VALUE,LENGTH,LIST_DATA,DISPLAY_ROWS,DISPLAY_COLUMNS,DISPLAY_ORDER,DEFAULTS_SCRIPT,VALIDATOR_SCRIPT,CREATED_ON,CREATED_BY,UPDATED_ON,UPDATED_BY,VERSION_NUMBER) values (203,20,'DEPLOY_COMMAND','Deploy Command','Deploy Command','Y','N','Y','String','Y','N',null,null,null,null,4,400,3,'CMD=''cp $SOURCE_FILE '' + TARGET_LOCATION  + '';'';    
return CMD;',null,SYSDATE,'SYSTEM',SYSDATE,'SYSTEM',1);
Insert into FD.OBJECT_ATTRIBUTE_DEF (OBJECT_ATTR_DEF_ID,OBJECT_TYPE_ID,OBJECT_ATTRIBUTE_CODE,ATTRIBUTE_DISPLAY_NAME,DESCRIPTION,IS_VISIBLE,IS_EXPRESSION,IS_ACTIVE,DATATYPE,IS_REQUIRED,IS_ENCRYPTED,MIN_VALUE,MAX_VALUE,LENGTH,LIST_DATA,DISPLAY_ROWS,DISPLAY_COLUMNS,DISPLAY_ORDER,DEFAULTS_SCRIPT,VALIDATOR_SCRIPT,CREATED_ON,CREATED_BY,UPDATED_ON,UPDATED_BY,VERSION_NUMBER) values (211,21,'SOURCE','Source','Object Source','Y','N','Y','String','Y','N',null,null,null,'SCM',1,60,1,'return FDC.OBJECT_ATTRIBUTE_SOURCE_SCM;',null,SYSDATE,'SYSTEM',SYSDATE,'SYSTEM',1);
Insert into FD.OBJECT_ATTRIBUTE_DEF (OBJECT_ATTR_DEF_ID,OBJECT_TYPE_ID,OBJECT_ATTRIBUTE_CODE,ATTRIBUTE_DISPLAY_NAME,DESCRIPTION,IS_VISIBLE,IS_EXPRESSION,IS_ACTIVE,DATATYPE,IS_REQUIRED,IS_ENCRYPTED,MIN_VALUE,MAX_VALUE,LENGTH,LIST_DATA,DISPLAY_ROWS,DISPLAY_COLUMNS,DISPLAY_ORDER,DEFAULTS_SCRIPT,VALIDATOR_SCRIPT,CREATED_ON,CREATED_BY,UPDATED_ON,UPDATED_BY,VERSION_NUMBER) values (212,21,'TARGET_LOCATION','Target Location','Object Target Location','Y','N','Y','String','Y','N',null,null,null,null,1,250,2,'SOURCE_DIR=FDEBS_HTML_ROOT_SOURCE_DIR == null || FDEBS_HTML_ROOT_SOURCE_DIR == '''' ? EBSC.FDEBS_HTML_ROOT_SOURCE_DIR_DEFAULT : FDEBS_HTML_ROOT_SOURCE_DIR;    
SUB_DIR=FILE_PATH_PREFIX.indexOf(SOURCE_DIR) > 0 ? FILE_PATH_PREFIX.substring(FILE_PATH_PREFIX.indexOf(SOURCE_DIR) + SOURCE_DIR.length()) : FILE_PATH_PREFIX;    
TARGET_LOC=FDEBS_HTML_ROOT_DESTINATION_DIR ?: ''$OA_HTML'';     
TARGET_LOC=TARGET_LOC + ''/'' + SUB_DIR + ''/'';    
return TARGET_LOC.replace(''//'',''/'');',null,SYSDATE,'SYSTEM',SYSDATE,'SYSTEM',1);
Insert into FD.OBJECT_ATTRIBUTE_DEF (OBJECT_ATTR_DEF_ID,OBJECT_TYPE_ID,OBJECT_ATTRIBUTE_CODE,ATTRIBUTE_DISPLAY_NAME,DESCRIPTION,IS_VISIBLE,IS_EXPRESSION,IS_ACTIVE,DATATYPE,IS_REQUIRED,IS_ENCRYPTED,MIN_VALUE,MAX_VALUE,LENGTH,LIST_DATA,DISPLAY_ROWS,DISPLAY_COLUMNS,DISPLAY_ORDER,DEFAULTS_SCRIPT,VALIDATOR_SCRIPT,CREATED_ON,CREATED_BY,UPDATED_ON,UPDATED_BY,VERSION_NUMBER) values (213,21,'DEPLOY_COMMAND','Deploy Command','Deploy Command','Y','N','Y','String','Y','N',null,null,null,null,4,400,3,'CMD=''cp $SOURCE_FILE '' + TARGET_LOCATION  + '';'';    
return CMD;',null,SYSDATE,'SYSTEM',SYSDATE,'SYSTEM',1);
Insert into FD.OBJECT_ATTRIBUTE_DEF (OBJECT_ATTR_DEF_ID,OBJECT_TYPE_ID,OBJECT_ATTRIBUTE_CODE,ATTRIBUTE_DISPLAY_NAME,DESCRIPTION,IS_VISIBLE,IS_EXPRESSION,IS_ACTIVE,DATATYPE,IS_REQUIRED,IS_ENCRYPTED,MIN_VALUE,MAX_VALUE,LENGTH,LIST_DATA,DISPLAY_ROWS,DISPLAY_COLUMNS,DISPLAY_ORDER,DEFAULTS_SCRIPT,VALIDATOR_SCRIPT,CREATED_ON,CREATED_BY,UPDATED_ON,UPDATED_BY,VERSION_NUMBER) values (221,22,'SOURCE','Source','Object Source','Y','N','Y','String','Y','N',null,null,null,'SCM',1,60,1,'return FDC.OBJECT_ATTRIBUTE_SOURCE_SCM;',null,SYSDATE,'SYSTEM',SYSDATE,'SYSTEM',1);
END;
/

begin
Insert into FD.OBJECT_ATTRIBUTE_DEF (OBJECT_ATTR_DEF_ID,OBJECT_TYPE_ID,OBJECT_ATTRIBUTE_CODE,ATTRIBUTE_DISPLAY_NAME,DESCRIPTION,IS_VISIBLE,IS_EXPRESSION,IS_ACTIVE,DATATYPE,IS_REQUIRED,IS_ENCRYPTED,MIN_VALUE,MAX_VALUE,LENGTH,LIST_DATA,DISPLAY_ROWS,DISPLAY_COLUMNS,DISPLAY_ORDER,DEFAULTS_SCRIPT,VALIDATOR_SCRIPT,CREATED_ON,CREATED_BY,UPDATED_ON,UPDATED_BY,VERSION_NUMBER) values (222,22,'TARGET_LOCATION','Target Location','Object Target Location','Y','N','Y','String','Y','N',null,null,null,null,1,250,2,'APP_SHORT_NAME=FDEBS_APPLICATION_SHORT_NAME ?: FILE_PATH_PREFIX.split(''/'')[1];     
TARGET_LOC=''$'' + APP_SHORT_NAME + ''_TOP/patch/115'';      
return TARGET_LOC.replace(''//'',''/'');',null,SYSDATE,'SYSTEM',SYSDATE,'SYSTEM',1);
Insert into FD.OBJECT_ATTRIBUTE_DEF (OBJECT_ATTR_DEF_ID,OBJECT_TYPE_ID,OBJECT_ATTRIBUTE_CODE,ATTRIBUTE_DISPLAY_NAME,DESCRIPTION,IS_VISIBLE,IS_EXPRESSION,IS_ACTIVE,DATATYPE,IS_REQUIRED,IS_ENCRYPTED,MIN_VALUE,MAX_VALUE,LENGTH,LIST_DATA,DISPLAY_ROWS,DISPLAY_COLUMNS,DISPLAY_ORDER,DEFAULTS_SCRIPT,VALIDATOR_SCRIPT,CREATED_ON,CREATED_BY,UPDATED_ON,UPDATED_BY,VERSION_NUMBER) values (223,22,'DEPLOY_COMMAND','Deploy Command','Deploy Command','Y','N','Y','String','Y','N',null,null,null,null,4,400,3,'CMD=''cp $SOURCE_FILE '' + TARGET_LOCATION  + '';'';    
return CMD;',null,SYSDATE,'SYSTEM',SYSDATE,'SYSTEM',1);
END;
/

begin
Insert into FD.OBJECT_ATTRIBUTE_DEF (OBJECT_ATTR_DEF_ID,OBJECT_TYPE_ID,OBJECT_ATTRIBUTE_CODE,ATTRIBUTE_DISPLAY_NAME,DESCRIPTION,IS_EXPRESSION,IS_ACTIVE,DATATYPE,IS_REQUIRED,IS_ENCRYPTED,MIN_VALUE,MAX_VALUE,LENGTH,LIST_DATA,DISPLAY_ROWS,DISPLAY_COLUMNS,DEFAULTS_SCRIPT,VALIDATOR_SCRIPT,CREATED_ON,CREATED_BY,UPDATED_ON,UPDATED_BY,VERSION_NUMBER,IS_VISIBLE,DISPLAY_ORDER) values (95,9,'CONTROL_FILE','Control File','Control File','N','Y','String','Y','N',null,null,null,null,1,200,'CTL_FILE_LOC=''$FND_TOP/patch/115/import/'';switch (TYPE) {case ''PROGRAM'': CTL_FILE=''afcpprog.lct'';break; case ''FND_LOOKUP_TYPE'': CTL_FILE=''aflvmlu.lct'';break;case ''REQUEST_GROUP'': CTL_FILE=''afcpreqg.lct'';break;case ''FND_ATTACHMENT_FUNCTIONS'': CTL_FILE=''afattach.lct'';break;case ''MENU'': CTL_FILE=''afsload.lct'';break;case ''FND_USER'': CTL_FILE=''afscursp.lct'';break;case ''FND_NEW_MESSAGES'': CTL_FILE=''afmdmsg.lct'';break;case [''VALUE_SET'',''KEY_FLEX'',''VALUE_SECURITY_RULE'',''VALUE_ROLLUP_GROUP'',''VALUE_SET_VALUE'',''DESC_FLEX'']: CTL_FILE=''afffload.lct'';break;case ''PROFILE'': CTL_FILE=''afscprof.lct'';break;case ''REQ_SET'': CTL_FILE=''afcprset.lct'';break;case ''FND_RESPONSIBILITY'': CTL_FILE=''afscursp.lct'';break;case ''FND_FORM_CUSTOM_RULES'': CTL_FILE=''affrmcus.lct'';break;case ''FUNCTION'': CTL_FILE=''afsload.lct'';break;case ''ALR_ALERTS'': CTL_FILE=''alr.lct'';break;case ''PRINTER'': CTL_FILE=''afcpprnt.lct'';case ''PRINTER_STYLE'': CTL_FILE=''afcppstl.lct'';break;case [''FND_CURRENCY'',''FND_LANGUAGE'',''FND_TERRITORY'',''FND_TABLE'',''FND_VIEW'']: CTL_FILE=''afnls.lct'';break;case ''FND_DOC_SEQUENCE_CATEGORIES'': CTL_FILE=''afsncat.lct'';break;case ''FND_SEQUENCE'': CTL_FILE=''afdict.lct'';break;case ''SCHEDULE'': CTL_FILE=''afcpsch.lct'';break;case [''GRANT'',''FORM'']: CTL_FILE=''afsload.lct'';break;case ''WF_ROLE'': CTL_FILE=''afrole.lct'';break;case ''XDO_DS_DEFINITIONS'': CTL_FILE=''xdotmpl.lct'';CTL_FILE_LOC=''$XDO_TOP/patch/115/import/'';break;case ''JTF_GRID_DATASOURCES'': CTL_FILE=''jtfgrid.lct'';CTL_FILE_LOC=''$JTF_TOP/patch/115/import/'';break;default: CTL_FILE='''';};
if (FILE_CONTENT != null) {    
	AOL_CTL=FILE_CONTENT.findAll {it.startsWith(''# dbdrv:'')};
	if (AOL_CTL[0] != null) {
		AOL_CTL=AOL_CTL[0].split();
		AOL_CTL=AOL_CTL.findAll{it.endsWith(''.lct'')};
		CTL_FILE=AOL_CTL[0] != '''' ? AOL_CTL[0] : '''';
		if(CTL_FILE != '''')
		{
			CTL_FILE_LOC='''';
		}
	}

}
return CTL_FILE_LOC + CTL_FILE;',null,SYSDATE,'rama',SYSDATE,'rama',1,'Y',5);
END;
/

begin
Insert into FD.OBJECT_ATTRIBUTE_DEF (OBJECT_ATTR_DEF_ID,OBJECT_TYPE_ID,OBJECT_ATTRIBUTE_CODE,ATTRIBUTE_DISPLAY_NAME,DESCRIPTION,IS_VISIBLE,IS_EXPRESSION,IS_ACTIVE,DATATYPE,IS_REQUIRED,IS_ENCRYPTED,MIN_VALUE,MAX_VALUE,LENGTH,LIST_DATA,DISPLAY_ROWS,DISPLAY_COLUMNS,DISPLAY_ORDER,DEFAULTS_SCRIPT,VALIDATOR_SCRIPT,CREATED_ON,CREATED_BY,UPDATED_ON,UPDATED_BY,VERSION_NUMBER) values (67,6,'XSL_DIRECTORY','XSL Directory','XSL Directory','Y','N','Y','String','Y','N',null,null,null,null,1,100,7,'return ''$FND_TOP/patch/115/xdf/xsl'';',null,SYSDATE,'SYSTEM',SYSDATE,'SYSTEM',1);
Insert into FD.OBJECT_ATTRIBUTE_DEF (OBJECT_ATTR_DEF_ID,OBJECT_TYPE_ID,OBJECT_ATTRIBUTE_CODE,ATTRIBUTE_DISPLAY_NAME,DESCRIPTION,IS_VISIBLE,IS_EXPRESSION,IS_ACTIVE,DATATYPE,IS_REQUIRED,IS_ENCRYPTED,MIN_VALUE,MAX_VALUE,LENGTH,LIST_DATA,DISPLAY_ROWS,DISPLAY_COLUMNS,DISPLAY_ORDER,DEFAULTS_SCRIPT,VALIDATOR_SCRIPT,CREATED_ON,CREATED_BY,UPDATED_ON,UPDATED_BY,VERSION_NUMBER) values (68,6,'DEPLOY_COMMAND','Deploy Command','Deploy Command','Y','N','Y','String','Y','N',null,null,null,null,4,400,8,'CMD=''cp $SOURCE_FILE '' + TARGET_LOCATION  + '';\n'';    
CMD=CMD + ''java oracle.apps.fnd.odf2.FndXdfCmp $'' + PRIMARY_OBJECT_SCHEMA + '' $'' + PRIMARY_OBJECT_PASSWORD + '' $FDEBS_DB_USER $FDEBS_DB_PASSWORD '' +  JDBC_PROTOCOL + '' $AD_APPS_JDBC_URL '' + TYPE + '' '' + TARGET_LOCATION + FILE_NAME + ''.'' + FILE_EXTENSION + '' '' + XSL_DIRECTORY;    
return CMD;',null,SYSDATE,'SYSTEM',SYSDATE,'SYSTEM',1);
Insert into FD.OBJECT_ATTRIBUTE_DEF (OBJECT_ATTR_DEF_ID,OBJECT_TYPE_ID,OBJECT_ATTRIBUTE_CODE,ATTRIBUTE_DISPLAY_NAME,DESCRIPTION,IS_VISIBLE,IS_EXPRESSION,IS_ACTIVE,DATATYPE,IS_REQUIRED,IS_ENCRYPTED,MIN_VALUE,MAX_VALUE,LENGTH,LIST_DATA,DISPLAY_ROWS,DISPLAY_COLUMNS,DISPLAY_ORDER,DEFAULTS_SCRIPT,VALIDATOR_SCRIPT,CREATED_ON,CREATED_BY,UPDATED_ON,UPDATED_BY,VERSION_NUMBER) values (71,7,'SOURCE','Source','Object Source','Y','N','Y','String','Y','N',null,null,null,'SCM',1,60,1,'return FDC.OBJECT_ATTRIBUTE_SOURCE_SCM;',null,SYSDATE,'SYSTEM',SYSDATE,'SYSTEM',1);
END;
/

begin
Insert into FD.OBJECT_ATTRIBUTE_DEF (OBJECT_ATTR_DEF_ID,OBJECT_TYPE_ID,OBJECT_ATTRIBUTE_CODE,ATTRIBUTE_DISPLAY_NAME,DESCRIPTION,IS_VISIBLE,IS_EXPRESSION,IS_ACTIVE,DATATYPE,IS_REQUIRED,IS_ENCRYPTED,MIN_VALUE,MAX_VALUE,LENGTH,LIST_DATA,DISPLAY_ROWS,DISPLAY_COLUMNS,DISPLAY_ORDER,DEFAULTS_SCRIPT,VALIDATOR_SCRIPT,CREATED_ON,CREATED_BY,UPDATED_ON,UPDATED_BY,VERSION_NUMBER) values (72,7,'TARGET_LOCATION','Target Location','Object Target Location','Y','N','Y','String','Y','N',null,null,null,null,1,250,2,'APP_SHORT_NAME=FDEBS_APPLICATION_SHORT_NAME ?: FILE_PATH_PREFIX.split(''/'')[1];    
SOURCE_DIR=''sqlldr'';    
SOURCE_DIR=SOURCE_DIR.endsWith(''/'') ? SOURCE_DIR : SOURCE_DIR + ''/'';    
SUB_DIR=FILE_PATH_PREFIX.indexOf(SOURCE_DIR) > 0 ? FILE_PATH_PREFIX.substring(FILE_PATH_PREFIX.indexOf(SOURCE_DIR) + SOURCE_DIR.length()) : FILE_PATH_PREFIX;    
TARGET_LOC=''$'' + APP_SHORT_NAME + ''_TOP/bin'';     
TARGET_LOC=TARGET_LOC + ''/'' + SUB_DIR  + ''/'';    
return TARGET_LOC.replace(''//'',''/'');',null,SYSDATE,'SYSTEM',SYSDATE,'SYSTEM',1);
Insert into FD.OBJECT_ATTRIBUTE_DEF (OBJECT_ATTR_DEF_ID,OBJECT_TYPE_ID,OBJECT_ATTRIBUTE_CODE,ATTRIBUTE_DISPLAY_NAME,DESCRIPTION,IS_VISIBLE,IS_EXPRESSION,IS_ACTIVE,DATATYPE,IS_REQUIRED,IS_ENCRYPTED,MIN_VALUE,MAX_VALUE,LENGTH,LIST_DATA,DISPLAY_ROWS,DISPLAY_COLUMNS,DISPLAY_ORDER,DEFAULTS_SCRIPT,VALIDATOR_SCRIPT,CREATED_ON,CREATED_BY,UPDATED_ON,UPDATED_BY,VERSION_NUMBER) values (73,7,'LOG_FILE','Log File','Log File','Y','N','Y','String','Y','N',null,null,null,null,1,200,3,'return ''loader.log'';',null,SYSDATE,'SYSTEM',SYSDATE,'SYSTEM',1);
Insert into FD.OBJECT_ATTRIBUTE_DEF (OBJECT_ATTR_DEF_ID,OBJECT_TYPE_ID,OBJECT_ATTRIBUTE_CODE,ATTRIBUTE_DISPLAY_NAME,DESCRIPTION,IS_VISIBLE,IS_EXPRESSION,IS_ACTIVE,DATATYPE,IS_REQUIRED,IS_ENCRYPTED,MIN_VALUE,MAX_VALUE,LENGTH,LIST_DATA,DISPLAY_ROWS,DISPLAY_COLUMNS,DISPLAY_ORDER,DEFAULTS_SCRIPT,VALIDATOR_SCRIPT,CREATED_ON,CREATED_BY,UPDATED_ON,UPDATED_BY,VERSION_NUMBER) values (74,7,'DEPLOY_COMMAND','Deploy Command','Deploy Command','Y','N','Y','String','Y','N',null,null,null,null,4,400,8,'CMD=''cp $SOURCE_FILE '' + TARGET_LOCATION  + '';\n'';    
CMD=CMD + '' sqlldr  userid=$FDEBS_DB_USER/$FDEBS_DB_PASSWORD control=''  + TARGET_LOCATION + FILE_NAME + ''.'' + FILE_EXTENSION + '' log='' + LOG_FILE;    
return CMD;',null,SYSDATE,'SYSTEM',SYSDATE,'SYSTEM',1);
Insert into FD.OBJECT_ATTRIBUTE_DEF (OBJECT_ATTR_DEF_ID,OBJECT_TYPE_ID,OBJECT_ATTRIBUTE_CODE,ATTRIBUTE_DISPLAY_NAME,DESCRIPTION,IS_VISIBLE,IS_EXPRESSION,IS_ACTIVE,DATATYPE,IS_REQUIRED,IS_ENCRYPTED,MIN_VALUE,MAX_VALUE,LENGTH,LIST_DATA,DISPLAY_ROWS,DISPLAY_COLUMNS,DISPLAY_ORDER,DEFAULTS_SCRIPT,VALIDATOR_SCRIPT,CREATED_ON,CREATED_BY,UPDATED_ON,UPDATED_BY,VERSION_NUMBER) values (81,8,'SOURCE','Source','Object Source','Y','N','Y','String','Y','N',null,null,null,'SCM',1,60,1,'return FDC.OBJECT_ATTRIBUTE_SOURCE_SCM;',null,SYSDATE,'SYSTEM',SYSDATE,'SYSTEM',1);
Insert into FD.OBJECT_ATTRIBUTE_DEF (OBJECT_ATTR_DEF_ID,OBJECT_TYPE_ID,OBJECT_ATTRIBUTE_CODE,ATTRIBUTE_DISPLAY_NAME,DESCRIPTION,IS_VISIBLE,IS_EXPRESSION,IS_ACTIVE,DATATYPE,IS_REQUIRED,IS_ENCRYPTED,MIN_VALUE,MAX_VALUE,LENGTH,LIST_DATA,DISPLAY_ROWS,DISPLAY_COLUMNS,DISPLAY_ORDER,DEFAULTS_SCRIPT,VALIDATOR_SCRIPT,CREATED_ON,CREATED_BY,UPDATED_ON,UPDATED_BY,VERSION_NUMBER) values (82,8,'TARGET_LOCATION','Target Location','Object Target Location','Y','N','Y','String','Y','N',null,null,null,null,1,250,2,'APP_SHORT_NAME=FDEBS_APPLICATION_SHORT_NAME ?:  FILE_PATH_PREFIX.split(''/'')[1];     
SOURCE_DIR=EBSC.FDEBS_JLT_ROOT_SOURCE_DIR_DEFAULT;    
SUB_DIR=FILE_PATH_PREFIX.indexOf(SOURCE_DIR) > 0 ? FILE_PATH_PREFIX.substring(FILE_PATH_PREFIX.indexOf(SOURCE_DIR) + SOURCE_DIR.length()) : FILE_PATH_PREFIX;    
TARGET_LOC=''$'' + APP_SHORT_NAME + ''_TOP/patch/115/import'';     
TARGET_LOC=TARGET_LOC + ''/'' + SUB_DIR+ ''/'';    
return TARGET_LOC.replace(''//'',''/'');',null,SYSDATE,'SYSTEM',SYSDATE,'SYSTEM',1);
Insert into FD.OBJECT_ATTRIBUTE_DEF (OBJECT_ATTR_DEF_ID,OBJECT_TYPE_ID,OBJECT_ATTRIBUTE_CODE,ATTRIBUTE_DISPLAY_NAME,DESCRIPTION,IS_VISIBLE,IS_EXPRESSION,IS_ACTIVE,DATATYPE,IS_REQUIRED,IS_ENCRYPTED,MIN_VALUE,MAX_VALUE,LENGTH,LIST_DATA,DISPLAY_ROWS,DISPLAY_COLUMNS,DISPLAY_ORDER,DEFAULTS_SCRIPT,VALIDATOR_SCRIPT,CREATED_ON,CREATED_BY,UPDATED_ON,UPDATED_BY,VERSION_NUMBER) values (83,8,'JDBC_PROTOCOL','JDBC Protocol','JDBC Protocol','Y','N','Y','String','Y','N',null,null,null,'thin,oci8',1,75,3,'return ''thin'';',null,SYSDATE,'SYSTEM',SYSDATE,'SYSTEM',1);
Insert into FD.OBJECT_ATTRIBUTE_DEF (OBJECT_ATTR_DEF_ID,OBJECT_TYPE_ID,OBJECT_ATTRIBUTE_CODE,ATTRIBUTE_DISPLAY_NAME,DESCRIPTION,IS_VISIBLE,IS_EXPRESSION,IS_ACTIVE,DATATYPE,IS_REQUIRED,IS_ENCRYPTED,MIN_VALUE,MAX_VALUE,LENGTH,LIST_DATA,DISPLAY_ROWS,DISPLAY_COLUMNS,DISPLAY_ORDER,DEFAULTS_SCRIPT,VALIDATOR_SCRIPT,CREATED_ON,CREATED_BY,UPDATED_ON,UPDATED_BY,VERSION_NUMBER) values (84,8,'MODE','Upload Mode','Upload Mode','Y','N','Y','String','Y','N',null,null,null,'UPDATE,NOUPDATE',1,100,4,'return ''UPDATE'';',null,SYSDATE,'SYSTEM',SYSDATE,'SYSTEM',1);
Insert into FD.OBJECT_ATTRIBUTE_DEF (OBJECT_ATTR_DEF_ID,OBJECT_TYPE_ID,OBJECT_ATTRIBUTE_CODE,ATTRIBUTE_DISPLAY_NAME,DESCRIPTION,IS_VISIBLE,IS_EXPRESSION,IS_ACTIVE,DATATYPE,IS_REQUIRED,IS_ENCRYPTED,MIN_VALUE,MAX_VALUE,LENGTH,LIST_DATA,DISPLAY_ROWS,DISPLAY_COLUMNS,DISPLAY_ORDER,DEFAULTS_SCRIPT,VALIDATOR_SCRIPT,CREATED_ON,CREATED_BY,UPDATED_ON,UPDATED_BY,VERSION_NUMBER) values (85,8,'LANG','Language','The abbreviation for the language.','Y','N','Y','String','Y','N',null,null,null,null,1,75,5,'return ''$NLS_LANG'';',null,SYSDATE,'SYSTEM',SYSDATE,'SYSTEM',1);
Insert into FD.OBJECT_ATTRIBUTE_DEF (OBJECT_ATTR_DEF_ID,OBJECT_TYPE_ID,OBJECT_ATTRIBUTE_CODE,ATTRIBUTE_DISPLAY_NAME,DESCRIPTION,IS_VISIBLE,IS_EXPRESSION,IS_ACTIVE,DATATYPE,IS_REQUIRED,IS_ENCRYPTED,MIN_VALUE,MAX_VALUE,LENGTH,LIST_DATA,DISPLAY_ROWS,DISPLAY_COLUMNS,DISPLAY_ORDER,DEFAULTS_SCRIPT,VALIDATOR_SCRIPT,CREATED_ON,CREATED_BY,UPDATED_ON,UPDATED_BY,VERSION_NUMBER) values (86,8,'DEPLOY_COMMAND','Deploy Command','Deploy Command','Y','N','Y','String','Y','N',null,null,null,null,4,400,6,'CMD=''cp $SOURCE_FILE '' + TARGET_LOCATION  + '';\n'';    
CMD=CMD + ''java oracle.apps.ak.akload $FDEBS_DB_USER $FDEBS_DB_PASSWORD '' + JDBC_PROTOCOL + '' \"$AD_APPS_JDBC_URL\" UPLOAD '' + TARGET_LOCATION + FILE_NAME + ''.'' + FILE_EXTENSION + '' '' + MODE + '' '' + LANG;    
return CMD;',null,SYSDATE,'SYSTEM',SYSDATE,'SYSTEM',1);
Insert into FD.OBJECT_ATTRIBUTE_DEF (OBJECT_ATTR_DEF_ID,OBJECT_TYPE_ID,OBJECT_ATTRIBUTE_CODE,ATTRIBUTE_DISPLAY_NAME,DESCRIPTION,IS_VISIBLE,IS_EXPRESSION,IS_ACTIVE,DATATYPE,IS_REQUIRED,IS_ENCRYPTED,MIN_VALUE,MAX_VALUE,LENGTH,LIST_DATA,DISPLAY_ROWS,DISPLAY_COLUMNS,DISPLAY_ORDER,DEFAULTS_SCRIPT,VALIDATOR_SCRIPT,CREATED_ON,CREATED_BY,UPDATED_ON,UPDATED_BY,VERSION_NUMBER) values (101,10,'SOURCE','Source','Object Source','Y','N','Y','String','Y','N',null,null,null,'SCM',1,60,1,'return FDC.OBJECT_ATTRIBUTE_SOURCE_SCM;',null,SYSDATE,'SYSTEM',SYSDATE,'SYSTEM',1);
END;
/

begin
Insert into FD.OBJECT_ATTRIBUTE_DEF (OBJECT_ATTR_DEF_ID,OBJECT_TYPE_ID,OBJECT_ATTRIBUTE_CODE,ATTRIBUTE_DISPLAY_NAME,DESCRIPTION,IS_VISIBLE,IS_EXPRESSION,IS_ACTIVE,DATATYPE,IS_REQUIRED,IS_ENCRYPTED,MIN_VALUE,MAX_VALUE,LENGTH,LIST_DATA,DISPLAY_ROWS,DISPLAY_COLUMNS,DISPLAY_ORDER,DEFAULTS_SCRIPT,VALIDATOR_SCRIPT,CREATED_ON,CREATED_BY,UPDATED_ON,UPDATED_BY,VERSION_NUMBER) values (102,10,'TARGET_LOCATION','Target Location','Object Target Location','Y','N','Y','String','Y','N',null,null,null,null,1,200,2,'APP_SHORT_NAME=FDEBS_APPLICATION_SHORT_NAME ?: FILE_PATH_PREFIX.split(''/'')[1];     
SOURCE_DIR=FDEBS_FORMS_ROOT_SOURCE_DIR == null  || FDEBS_FORMS_ROOT_SOURCE_DIR == '''' ? EBSC.FDEBS_FORMS_ROOT_SOURCE_DIR_DEFAULT : FDEBS_FORMS_ROOT_SOURCE_DIR;    
SOURCE_DIR=SOURCE_DIR.endsWith(''/'') ? SOURCE_DIR : SOURCE_DIR + ''/'';    
SUB_DIR=FILE_PATH_PREFIX.indexOf(SOURCE_DIR) > 0 ? FILE_PATH_PREFIX.substring(FILE_PATH_PREFIX.indexOf(SOURCE_DIR) + SOURCE_DIR.length()) : FILE_PATH_PREFIX;    
TARGET_LOC=FDEBS_FORMS_ROOT_DESTINATION_DIR ?: ''$'' + APP_SHORT_NAME + ''_TOP/forms'';     
TARGET_LOC=TARGET_LOC + ''/'' + SUB_DIR + ''/'';    
return TARGET_LOC.replace(''//'',''/'');',null,SYSDATE,'SYSTEM',SYSDATE,'SYSTEM',1);
Insert into FD.OBJECT_ATTRIBUTE_DEF (OBJECT_ATTR_DEF_ID,OBJECT_TYPE_ID,OBJECT_ATTRIBUTE_CODE,ATTRIBUTE_DISPLAY_NAME,DESCRIPTION,IS_VISIBLE,IS_EXPRESSION,IS_ACTIVE,DATATYPE,IS_REQUIRED,IS_ENCRYPTED,MIN_VALUE,MAX_VALUE,LENGTH,LIST_DATA,DISPLAY_ROWS,DISPLAY_COLUMNS,DISPLAY_ORDER,DEFAULTS_SCRIPT,VALIDATOR_SCRIPT,CREATED_ON,CREATED_BY,UPDATED_ON,UPDATED_BY,VERSION_NUMBER) values (103,10,'STAGE_LOCATION','Stage Location','Stage Location','Y','N','Y','String','Y','N',null,null,null,null,1,200,3,'APP_SHORT_NAME=FDEBS_APPLICATION_SHORT_NAME ?: FILE_PATH_PREFIX.split(''/'')[1];    
SOURCE_DIR=FDEBS_FORMS_ROOT_SOURCE_DIR == null || FDEBS_FORMS_ROOT_SOURCE_DIR == '''' ? EBSC.FDEBS_FORMS_ROOT_SOURCE_DIR_DEFAULT : FDEBS_FORMS_ROOT_SOURCE_DIR;    
SOURCE_DIR=SOURCE_DIR.endsWith(''/'') ? SOURCE_DIR : SOURCE_DIR + ''/'';    
SUB_DIR=FILE_PATH_PREFIX.indexOf(SOURCE_DIR) > 0 ? FILE_PATH_PREFIX.substring(FILE_PATH_PREFIX.indexOf(SOURCE_DIR) + SOURCE_DIR.length()) : FILE_PATH_PREFIX;    
TARGET_LOC=FDEBS_FORMS_ROOT_STAGE_DIR ?: ''$AU_TOP/forms'';     
TARGET_LOC=TARGET_LOC + ''/'' + SUB_DIR + ''/'';    
return TARGET_LOC.replace(''//'',''/'');',null,SYSDATE,'SYSTEM',SYSDATE,'SYSTEM',1);
END;
/

begin
Insert into FD.OBJECT_ATTRIBUTE_DEF (OBJECT_ATTR_DEF_ID,OBJECT_TYPE_ID,OBJECT_ATTRIBUTE_CODE,ATTRIBUTE_DISPLAY_NAME,DESCRIPTION,IS_VISIBLE,IS_EXPRESSION,IS_ACTIVE,DATATYPE,IS_REQUIRED,IS_ENCRYPTED,MIN_VALUE,MAX_VALUE,LENGTH,LIST_DATA,DISPLAY_ROWS,DISPLAY_COLUMNS,DISPLAY_ORDER,DEFAULTS_SCRIPT,VALIDATOR_SCRIPT,CREATED_ON,CREATED_BY,UPDATED_ON,UPDATED_BY,VERSION_NUMBER) values (104,10,'COUNTRY','Country','Country','Y','N','Y','String','N','N',null,null,null,null,1,75,4,'SOURCE_DIR=FDEBS_FORMS_ROOT_SOURCE_DIR == null || FDEBS_FORMS_ROOT_SOURCE_DIR == '''' ?  EBSC.FDEBS_FORMS_ROOT_SOURCE_DIR_DEFAULT : FDEBS_FORMS_ROOT_SOURCE_DIR;    
SUB_DIR=FILE_PATH_PREFIX.indexOf(SOURCE_DIR) > 0 ? FILE_PATH_PREFIX.substring(FILE_PATH_PREFIX.indexOf(SOURCE_DIR) + SOURCE_DIR.length()) : FILE_PATH_PREFIX;  
COUNTRY_VAL=SUB_DIR != null    &&    SUB_DIR.length() >= 2 ? SUB_DIR.substring(1,3) : '''';    
return COUNTRY_VAL;',null,SYSDATE,'SYSTEM',SYSDATE,'SYSTEM',1);
Insert into FD.OBJECT_ATTRIBUTE_DEF (OBJECT_ATTR_DEF_ID,OBJECT_TYPE_ID,OBJECT_ATTRIBUTE_CODE,ATTRIBUTE_DISPLAY_NAME,DESCRIPTION,IS_VISIBLE,IS_EXPRESSION,IS_ACTIVE,DATATYPE,IS_REQUIRED,IS_ENCRYPTED,MIN_VALUE,MAX_VALUE,LENGTH,LIST_DATA,DISPLAY_ROWS,DISPLAY_COLUMNS,DISPLAY_ORDER,DEFAULTS_SCRIPT,VALIDATOR_SCRIPT,CREATED_ON,CREATED_BY,UPDATED_ON,UPDATED_BY,VERSION_NUMBER) values (105,10,'MODULE_TYPE','Module Type','Module Type','Y','N','Y','String','Y','N',null,null,null,'FORM,LIBRARY,MENU',1,100,5,'MODULE_TYPE=''FORM'';    
if (''pll''.equalsIgnoreCase(FILE_EXTENSION))    
{    
MODULE_TYPE=''LIBRARY'';    
}    
return MODULE_TYPE;',null,SYSDATE,'SYSTEM',SYSDATE,'SYSTEM',1);
Insert into FD.OBJECT_ATTRIBUTE_DEF (OBJECT_ATTR_DEF_ID,OBJECT_TYPE_ID,OBJECT_ATTRIBUTE_CODE,ATTRIBUTE_DISPLAY_NAME,DESCRIPTION,IS_VISIBLE,IS_EXPRESSION,IS_ACTIVE,DATATYPE,IS_REQUIRED,IS_ENCRYPTED,MIN_VALUE,MAX_VALUE,LENGTH,LIST_DATA,DISPLAY_ROWS,DISPLAY_COLUMNS,DISPLAY_ORDER,DEFAULTS_SCRIPT,VALIDATOR_SCRIPT,CREATED_ON,CREATED_BY,UPDATED_ON,UPDATED_BY,VERSION_NUMBER) values (106,10,'COMPILE_ALL','Compile All','Compile All','Y','N','Y','String','Y','N',null,null,null,'NO,YES,special ',11,90,6,'return ''special'';',null,SYSDATE,'SYSTEM',SYSDATE,'SYSTEM',1);
Insert into FD.OBJECT_ATTRIBUTE_DEF (OBJECT_ATTR_DEF_ID,OBJECT_TYPE_ID,OBJECT_ATTRIBUTE_CODE,ATTRIBUTE_DISPLAY_NAME,DESCRIPTION,IS_VISIBLE,IS_EXPRESSION,IS_ACTIVE,DATATYPE,IS_REQUIRED,IS_ENCRYPTED,MIN_VALUE,MAX_VALUE,LENGTH,LIST_DATA,DISPLAY_ROWS,DISPLAY_COLUMNS,DISPLAY_ORDER,DEFAULTS_SCRIPT,VALIDATOR_SCRIPT,CREATED_ON,CREATED_BY,UPDATED_ON,UPDATED_BY,VERSION_NUMBER) values (107,10,'ADDITIONAL_PARAMS','Additional Params','Additional Params','Y','N','Y','String','N','N',null,null,null,null,2,300,7,'return '''';',null,SYSDATE,'SYSTEM',SYSDATE,'SYSTEM',1);
Insert into FD.OBJECT_ATTRIBUTE_DEF (OBJECT_ATTR_DEF_ID,OBJECT_TYPE_ID,OBJECT_ATTRIBUTE_CODE,ATTRIBUTE_DISPLAY_NAME,DESCRIPTION,IS_VISIBLE,IS_EXPRESSION,IS_ACTIVE,DATATYPE,IS_REQUIRED,IS_ENCRYPTED,MIN_VALUE,MAX_VALUE,LENGTH,LIST_DATA,DISPLAY_ROWS,DISPLAY_COLUMNS,DISPLAY_ORDER,DEFAULTS_SCRIPT,VALIDATOR_SCRIPT,CREATED_ON,CREATED_BY,UPDATED_ON,UPDATED_BY,VERSION_NUMBER) values (109,10,'DEPLOY_COMMAND','Deploy Command','Deploy Command','Y','N','Y','String','Y','N',null,null,null,null,4,400,9,'OUT_FILE_EXTENSION= ''LIBRARY''.equals(MODULE_TYPE) ? ''plx'' : ''fmx'';  
CMD='''';  
CMD=''cp $SOURCE_FILE '' + STAGE_LOCATION  + '';\n'';    
CMD=CMD + ''export FORMS_PATH='' + CLASSPATH  + '';\n'';    
CMD=CMD + ''frmcmp_batch '' +  STAGE_LOCATION + FILE_NAME + ''.'' + FILE_EXTENSION +'' $FDEBS_DB_USER/$FDEBS_DB_PASSWORD output_file='' + TARGET_LOCATION + FILE_NAME + ''.'' + OUT_FILE_EXTENSION + '' compile_all='' + COMPILE_ALL + '' '' + ADDITIONAL_PARAMS;    
return CMD;',null,SYSDATE,'SYSTEM',SYSDATE,'SYSTEM',1);
Insert into FD.OBJECT_ATTRIBUTE_DEF (OBJECT_ATTR_DEF_ID,OBJECT_TYPE_ID,OBJECT_ATTRIBUTE_CODE,ATTRIBUTE_DISPLAY_NAME,DESCRIPTION,IS_VISIBLE,IS_EXPRESSION,IS_ACTIVE,DATATYPE,IS_REQUIRED,IS_ENCRYPTED,MIN_VALUE,MAX_VALUE,LENGTH,LIST_DATA,DISPLAY_ROWS,DISPLAY_COLUMNS,DISPLAY_ORDER,DEFAULTS_SCRIPT,VALIDATOR_SCRIPT,CREATED_ON,CREATED_BY,UPDATED_ON,UPDATED_BY,VERSION_NUMBER) values (108,10,'CLASSPATH','Classpath','Classpath','Y','N','Y','String','Y','N',null,null,null,null,2,300,8,'FORM_CLASSPATH=''$FORMS_PATH:'' + STAGE_LOCATION + '':'' + TARGET_LOCATION + '':'' + ''$AU_TOP/resource/:'';  
FORM_CLASSPATH=FDEBS_FORMS_CLASSPATH != null ? FORM_CLASSPATH + FDEBS_FORMS_CLASSPATH : FORM_CLASSPATH;  
return FORM_CLASSPATH;',null,SYSDATE,'SYSTEM',SYSDATE,'SYSTEM',1);
Insert into FD.OBJECT_ATTRIBUTE_DEF (OBJECT_ATTR_DEF_ID,OBJECT_TYPE_ID,OBJECT_ATTRIBUTE_CODE,ATTRIBUTE_DISPLAY_NAME,DESCRIPTION,IS_VISIBLE,IS_EXPRESSION,IS_ACTIVE,DATATYPE,IS_REQUIRED,IS_ENCRYPTED,MIN_VALUE,MAX_VALUE,LENGTH,LIST_DATA,DISPLAY_ROWS,DISPLAY_COLUMNS,DISPLAY_ORDER,DEFAULTS_SCRIPT,VALIDATOR_SCRIPT,CREATED_ON,CREATED_BY,UPDATED_ON,UPDATED_BY,VERSION_NUMBER) values (111,11,'SOURCE','Source','Object Source','Y','N','Y','String','Y','N',null,null,null,'SCM',1,60,1,'return FDC.OBJECT_ATTRIBUTE_SOURCE_SCM;',null,SYSDATE,'SYSTEM',SYSDATE,'SYSTEM',1);
Insert into FD.OBJECT_ATTRIBUTE_DEF (OBJECT_ATTR_DEF_ID,OBJECT_TYPE_ID,OBJECT_ATTRIBUTE_CODE,ATTRIBUTE_DISPLAY_NAME,DESCRIPTION,IS_VISIBLE,IS_EXPRESSION,IS_ACTIVE,DATATYPE,IS_REQUIRED,IS_ENCRYPTED,MIN_VALUE,MAX_VALUE,LENGTH,LIST_DATA,DISPLAY_ROWS,DISPLAY_COLUMNS,DISPLAY_ORDER,DEFAULTS_SCRIPT,VALIDATOR_SCRIPT,CREATED_ON,CREATED_BY,UPDATED_ON,UPDATED_BY,VERSION_NUMBER) values (122,12,'TARGET_LOCATION','Target Location','Object Target Location','Y','N','Y','String','Y','N',null,null,null,null,1,250,2,'APP_SHORT_NAME=FDEBS_APPLICATION_SHORT_NAME ?: FILE_PATH_PREFIX.split(''/'')[1]; ;    
SOURCE_DIR=FDEBS_WORKFLOWS_ROOT_SOURCE_DIR == null || FDEBS_WORKFLOWS_ROOT_SOURCE_DIR == '''' ? EBSC.FDEBS_WORKFLOWS_ROOT_SOURCE_DIR_DEFAULT : FDEBS_WORKFLOWS_ROOT_SOURCE_DIR;    
SUB_DIR=FILE_PATH_PREFIX.indexOf(SOURCE_DIR) > 0 ? FILE_PATH_PREFIX.substring(FILE_PATH_PREFIX.indexOf(SOURCE_DIR) + SOURCE_DIR.length()) : FILE_PATH_PREFIX;    
TARGET_LOC=''$'' + APP_SHORT_NAME + ''_TOP/patch/115/import'';     
TARGET_LOC=TARGET_LOC + ''/'' + SUB_DIR + ''/'';    
return TARGET_LOC.replace(''//'',''/'');',null,SYSDATE,'SYSTEM',SYSDATE,'SYSTEM',1);
END;
/

begin
Insert into FD.OBJECT_ATTRIBUTE_DEF (OBJECT_ATTR_DEF_ID,OBJECT_TYPE_ID,OBJECT_ATTRIBUTE_CODE,ATTRIBUTE_DISPLAY_NAME,DESCRIPTION,IS_VISIBLE,IS_EXPRESSION,IS_ACTIVE,DATATYPE,IS_REQUIRED,IS_ENCRYPTED,MIN_VALUE,MAX_VALUE,LENGTH,LIST_DATA,DISPLAY_ROWS,DISPLAY_COLUMNS,DISPLAY_ORDER,DEFAULTS_SCRIPT,VALIDATOR_SCRIPT,CREATED_ON,CREATED_BY,UPDATED_ON,UPDATED_BY,VERSION_NUMBER) values (94,9,'TYPE','Type','AOL Type','Y','N','Y','String','Y','N',null,null,null,'PROGRAM,FND_LOOKUP_TYPE,REQUEST_GROUP,REQ_SET,REQ_SET_LINKS,DESC_FLEX,KEY_FLEX,MENU,PRINTER,PRINTER_STYLE,PROFILE,FND_USER,FND_RESPONSIBILITY,FND_NEW_MESSAGES,FND_ATTACHMENT_FUNCTIONS,FND_CURRENCY,FND_LANGUAGE,FND_TERRITORY,FND_TABLE,FND_VIEW,GRANT,FND_SEQUENCE,FND_DOC_SEQUENCE_CATEGORIES,VALUE_SET,VALUE_SET_VALUE,VALUE_SECURITY_RULE,VALUE_ROLLUP_GROUP,SCHEDULE,FND_FORM_CUSTOM_RULES,FORM,FUNCTION,ALR_ALERTS,WF_ROLE,XDO_DS_DEFINITIONS,JTF_GRID_DATASOURCES,AME_CONDITIONS,AME_APPROVAL_GROUPS,AME_APPROVAL_GROUP_CONFIG,AME_RULES,AME_ACTION_USAGES,AME_CALLING_APPS,AME_ATTRIBUTES,AME_ATTRIBUTE_USAGES,OTHER',1,100,2,'if (''SCM''.equals(SOURCE)  &&  FILE_CONTENT != '''' ) {    
	AOL_TYPES=FILE_CONTENT.findAll {it.startsWith(''DEFINE '')};if  (AOL_TYPES[0] != null) {AOL_TYPE = AOL_TYPES[0].split();return AOL_TYPE[1];};    
}
return ''PROGRAM'';    ',null,SYSDATE,'SYSTEM',SYSDATE,'SYSTEM',1);
Insert into FD.OBJECT_ATTRIBUTE_DEF (OBJECT_ATTR_DEF_ID,OBJECT_TYPE_ID,OBJECT_ATTRIBUTE_CODE,ATTRIBUTE_DISPLAY_NAME,DESCRIPTION,IS_VISIBLE,IS_EXPRESSION,IS_ACTIVE,DATATYPE,IS_REQUIRED,IS_ENCRYPTED,MIN_VALUE,MAX_VALUE,LENGTH,LIST_DATA,DISPLAY_ROWS,DISPLAY_COLUMNS,DISPLAY_ORDER,DEFAULTS_SCRIPT,VALIDATOR_SCRIPT,CREATED_ON,CREATED_BY,UPDATED_ON,UPDATED_BY,VERSION_NUMBER) values (33,3,'DEPLOY_COMMAND','Deploy Command','Deploy Command','Y','N','Y','String','Y','N',null,null,null,null,4,400,3,'CMD=''cp $SOURCE_FILE '' + TARGET_LOCATION  + '';'';    
return CMD;',null,SYSDATE,'SYSTEM',SYSDATE,'SYSTEM',1);
Insert into FD.OBJECT_ATTRIBUTE_DEF (OBJECT_ATTR_DEF_ID,OBJECT_TYPE_ID,OBJECT_ATTRIBUTE_CODE,ATTRIBUTE_DISPLAY_NAME,DESCRIPTION,IS_VISIBLE,IS_EXPRESSION,IS_ACTIVE,DATATYPE,IS_REQUIRED,IS_ENCRYPTED,MIN_VALUE,MAX_VALUE,LENGTH,LIST_DATA,DISPLAY_ROWS,DISPLAY_COLUMNS,DISPLAY_ORDER,DEFAULTS_SCRIPT,VALIDATOR_SCRIPT,CREATED_ON,CREATED_BY,UPDATED_ON,UPDATED_BY,VERSION_NUMBER) values (41,4,'SOURCE','Source','Object Source','Y','N','Y','String','Y','N',null,null,null,'SCM',1,60,1,'return FDC.OBJECT_ATTRIBUTE_SOURCE_SCM;',null,SYSDATE,'SYSTEM',SYSDATE,'SYSTEM',1);
Insert into FD.OBJECT_ATTRIBUTE_DEF (OBJECT_ATTR_DEF_ID,OBJECT_TYPE_ID,OBJECT_ATTRIBUTE_CODE,ATTRIBUTE_DISPLAY_NAME,DESCRIPTION,IS_VISIBLE,IS_EXPRESSION,IS_ACTIVE,DATATYPE,IS_REQUIRED,IS_ENCRYPTED,MIN_VALUE,MAX_VALUE,LENGTH,LIST_DATA,DISPLAY_ROWS,DISPLAY_COLUMNS,DISPLAY_ORDER,DEFAULTS_SCRIPT,VALIDATOR_SCRIPT,CREATED_ON,CREATED_BY,UPDATED_ON,UPDATED_BY,VERSION_NUMBER) values (42,4,'TARGET_LOCATION','Target Location','Object Target Location','Y','N','Y','String','Y','N',null,null,null,null,1,200,2,'SOURCE_DIR=FDEBS_LOAD_JAVA_ROOT_SOURCE_DIR == null || FDEBS_LOAD_JAVA_ROOT_SOURCE_DIR == '''' ? EBSC.FDEBS_LOAD_JAVA_ROOT_SOURCE_DIR_DEFAULT : FDEBS_LOAD_JAVA_ROOT_SOURCE_DIR;    
SOURCE_DIR=SOURCE_DIR.endsWith(''/'') ? SOURCE_DIR : SOURCE_DIR + ''/'';    
SUB_DIR=FILE_PATH_PREFIX.indexOf(SOURCE_DIR) > 0 ? FILE_PATH_PREFIX.substring(FILE_PATH_PREFIX.indexOf(SOURCE_DIR) + SOURCE_DIR.length()) : FILE_PATH_PREFIX;    
DEST_DIR=FDEBS_LOAD_JAVA_ROOT_DESTINATION_DIR ?: ''$JAVA_TOP'';    
TARGET_LOC=DEST_DIR + ''/'' + SUB_DIR+ ''/'';     
return TARGET_LOC.replace(''//'',''/'');',null,SYSDATE,'SYSTEM',SYSDATE,'SYSTEM',1);
Insert into FD.OBJECT_ATTRIBUTE_DEF (OBJECT_ATTR_DEF_ID,OBJECT_TYPE_ID,OBJECT_ATTRIBUTE_CODE,ATTRIBUTE_DISPLAY_NAME,DESCRIPTION,IS_VISIBLE,IS_EXPRESSION,IS_ACTIVE,DATATYPE,IS_REQUIRED,IS_ENCRYPTED,MIN_VALUE,MAX_VALUE,LENGTH,LIST_DATA,DISPLAY_ROWS,DISPLAY_COLUMNS,DISPLAY_ORDER,DEFAULTS_SCRIPT,VALIDATOR_SCRIPT,CREATED_ON,CREATED_BY,UPDATED_ON,UPDATED_BY,VERSION_NUMBER) values (45,4,'DEPLOY_COMMAND','Deploy Command','Deploy Command','Y','N','Y','String','Y','N',null,null,null,null,4,400,5,'CMD=''cp $SOURCE_FILE '' + TARGET_LOCATION  + '';\n'';    
CMD=''java''.equalsIgnoreCase(FILE_EXTENSION) ? CMD + '' javac -Xlint:none  -classpath '' + CLASSPATH + '' '' + TARGET_LOCATION + FILE_NAME + ''.'' + FILE_EXTENSION + '';\n'' : CMD;    
CMD=CMD + ''loadjava -u $FDEBS_DB_USER/$FDEBS_DB_PASSWORD@$AD_APPS_JDBC_URL '' + TARGET_LOCATION + FILE_NAME + ''.class'';    
CMD=FORCE ? CMD + '' -force'' : CMD;    
return CMD;',null,SYSDATE,'SYSTEM',SYSDATE,'SYSTEM',1);
Insert into FD.OBJECT_ATTRIBUTE_DEF (OBJECT_ATTR_DEF_ID,OBJECT_TYPE_ID,OBJECT_ATTRIBUTE_CODE,ATTRIBUTE_DISPLAY_NAME,DESCRIPTION,IS_VISIBLE,IS_EXPRESSION,IS_ACTIVE,DATATYPE,IS_REQUIRED,IS_ENCRYPTED,MIN_VALUE,MAX_VALUE,LENGTH,LIST_DATA,DISPLAY_ROWS,DISPLAY_COLUMNS,DISPLAY_ORDER,DEFAULTS_SCRIPT,VALIDATOR_SCRIPT,CREATED_ON,CREATED_BY,UPDATED_ON,UPDATED_BY,VERSION_NUMBER) values (43,4,'FORCE','Force','Force','Y','N','Y','Boolean','Y','N',null,null,null,null,1,40,3,'return Boolean.TRUE;',null,SYSDATE,'SYSTEM',SYSDATE,'SYSTEM',1);
Insert into FD.OBJECT_ATTRIBUTE_DEF (OBJECT_ATTR_DEF_ID,OBJECT_TYPE_ID,OBJECT_ATTRIBUTE_CODE,ATTRIBUTE_DISPLAY_NAME,DESCRIPTION,IS_VISIBLE,IS_EXPRESSION,IS_ACTIVE,DATATYPE,IS_REQUIRED,IS_ENCRYPTED,MIN_VALUE,MAX_VALUE,LENGTH,LIST_DATA,DISPLAY_ROWS,DISPLAY_COLUMNS,DISPLAY_ORDER,DEFAULTS_SCRIPT,VALIDATOR_SCRIPT,CREATED_ON,CREATED_BY,UPDATED_ON,UPDATED_BY,VERSION_NUMBER) values (44,4,'CLASSPATH','Java Classpath','Java Classpath','Y','N','Y','String','Y','N',null,null,null,null,2,300,4,'CLASSPATH_VALUE=FDEBS_JAVA_CLASSPATH != null ? '':'' + FDEBS_JAVA_CLASSPATH : '''';     
CLASSPATH_VALUE=''$CLASSPATH'' + CLASSPATH_VALUE;  
return CLASSPATH_VALUE;',null,SYSDATE,'SYSTEM',SYSDATE,'SYSTEM',1);
Insert into FD.OBJECT_ATTRIBUTE_DEF (OBJECT_ATTR_DEF_ID,OBJECT_TYPE_ID,OBJECT_ATTRIBUTE_CODE,ATTRIBUTE_DISPLAY_NAME,DESCRIPTION,IS_VISIBLE,IS_EXPRESSION,IS_ACTIVE,DATATYPE,IS_REQUIRED,IS_ENCRYPTED,MIN_VALUE,MAX_VALUE,LENGTH,LIST_DATA,DISPLAY_ROWS,DISPLAY_COLUMNS,DISPLAY_ORDER,DEFAULTS_SCRIPT,VALIDATOR_SCRIPT,CREATED_ON,CREATED_BY,UPDATED_ON,UPDATED_BY,VERSION_NUMBER) values (51,5,'SOURCE','Source','Object Source','Y','N','Y','String','Y','N',null,null,null,'SCM',1,60,1,'return FDC.OBJECT_ATTRIBUTE_SOURCE_SCM;',null,SYSDATE,'SYSTEM',SYSDATE,'SYSTEM',1);
END;
/

begin
Insert into FD.OBJECT_ATTRIBUTE_DEF (OBJECT_ATTR_DEF_ID,OBJECT_TYPE_ID,OBJECT_ATTRIBUTE_CODE,ATTRIBUTE_DISPLAY_NAME,DESCRIPTION,IS_VISIBLE,IS_EXPRESSION,IS_ACTIVE,DATATYPE,IS_REQUIRED,IS_ENCRYPTED,MIN_VALUE,MAX_VALUE,LENGTH,LIST_DATA,DISPLAY_ROWS,DISPLAY_COLUMNS,DISPLAY_ORDER,DEFAULTS_SCRIPT,VALIDATOR_SCRIPT,CREATED_ON,CREATED_BY,UPDATED_ON,UPDATED_BY,VERSION_NUMBER) values (52,5,'TARGET_LOCATION','Target Location','Object Target Location','Y','N','Y','String','Y','N',null,null,null,null,1,250,2,'APP_SHORT_NAME=FDEBS_APPLICATION_SHORT_NAME ?:  FILE_PATH_PREFIX.split(''/'')[1];     
SOURCE_DIR=FDEBS_SQL_ROOT_SOURCE_DIR == null || FDEBS_SQL_ROOT_SOURCE_DIR == '''' ? EBSC.FDEBS_SQL_ROOT_SOURCE_DIR_DEFAULT : FDEBS_SQL_ROOT_SOURCE_DIR;    
SUB_DIR=FILE_PATH_PREFIX.indexOf(SOURCE_DIR) > 0 ? FILE_PATH_PREFIX.substring(FILE_PATH_PREFIX.indexOf(SOURCE_DIR) + SOURCE_DIR.length()) : FILE_PATH_PREFIX;    
TARGET_LOC=FDEBS_SQL_ROOT_DESTINATION_DIR == null || FDEBS_SQL_ROOT_DESTINATION_DIR == '''' ? ''$'' + APP_SHORT_NAME + ''_TOP/patch/115/sql'' : FDEBS_SQL_ROOT_DESTINATION_DIR;     
TARGET_LOC=TARGET_LOC + ''/'' + SUB_DIR + ''/'';    
return TARGET_LOC.replace(''//'',''/'');',null,SYSDATE,'SYSTEM',SYSDATE,'SYSTEM',1);
Insert into FD.OBJECT_ATTRIBUTE_DEF (OBJECT_ATTR_DEF_ID,OBJECT_TYPE_ID,OBJECT_ATTRIBUTE_CODE,ATTRIBUTE_DISPLAY_NAME,DESCRIPTION,IS_VISIBLE,IS_EXPRESSION,IS_ACTIVE,DATATYPE,IS_REQUIRED,IS_ENCRYPTED,MIN_VALUE,MAX_VALUE,LENGTH,LIST_DATA,DISPLAY_ROWS,DISPLAY_COLUMNS,DISPLAY_ORDER,DEFAULTS_SCRIPT,VALIDATOR_SCRIPT,CREATED_ON,CREATED_BY,UPDATED_ON,UPDATED_BY,VERSION_NUMBER) values (53,5,'TYPE','Type','SQL File Type','Y','N','Y','String','Y','N',null,null,null,null,1,100,3,'switch (FILE_EXTENSION.toUpperCase()) {    
	case ''SEQ'':    
		result = ''Sequences'';    
		break;    
	case ''TBL'':    
		result = ''Table Definitons'';    
		break;    
	case ''IDX'':    
		result = ''Indexes'';    
		break;	    
	case ''TYP'':    
		result = ''Type'';    
		break;    
	case ''TPS'':    
		result = ''Type Spec'';    
		break;    
	case ''TPB'':    
		result = ''Type body'';    
		break;    
	case ''PKH'':    
		result = ''Package'';    
		break;    
	case ''PLB'':    
		result = ''PL/SQL binary'';    
		break;    
	case ''PKS'':    
		result = ''Package Spec'';    
		break;    
	case ''PKB'':    
		result = ''Package body'';    
		break;    
	case ''PLS'':    
		result = ''PL/SQL Source'';    
		break;    
	case ''PCK'':    
		result = ''Package'';    
		break;    
	case ''FNC'':    
		result = ''Function'';    
		break;    
	case ''TRG'':    
		result = ''Trigger'';    
		break;    
	case ''SPC'':    
		result = ''Package Spec'';    
		break;    
	case ''BDY'':    
		result = ''Package body'';    
		break;    
	case ''PRC'':    
		result = ''Procedure'';    
		break;    
	default:    
		result = ''Generic SQL'';    
		break;    
}       
return result;',null,SYSDATE,'SYSTEM',SYSDATE,'SYSTEM',1);
END;
/

begin
Insert into FD.OBJECT_ATTRIBUTE_DEF (OBJECT_ATTR_DEF_ID,OBJECT_TYPE_ID,OBJECT_ATTRIBUTE_CODE,ATTRIBUTE_DISPLAY_NAME,DESCRIPTION,IS_VISIBLE,IS_EXPRESSION,IS_ACTIVE,DATATYPE,IS_REQUIRED,IS_ENCRYPTED,MIN_VALUE,MAX_VALUE,LENGTH,LIST_DATA,DISPLAY_ROWS,DISPLAY_COLUMNS,DISPLAY_ORDER,DEFAULTS_SCRIPT,VALIDATOR_SCRIPT,CREATED_ON,CREATED_BY,UPDATED_ON,UPDATED_BY,VERSION_NUMBER) values (54,5,'DB_USER','DB User Property','Property Name for Database User Name','Y','N','Y','String','Y','N',null,null,null,null,1,120,4,'return ''FDEBS_DB_USER'';',null,SYSDATE,'SYSTEM',SYSDATE,'SYSTEM',1);
Insert into FD.OBJECT_ATTRIBUTE_DEF (OBJECT_ATTR_DEF_ID,OBJECT_TYPE_ID,OBJECT_ATTRIBUTE_CODE,ATTRIBUTE_DISPLAY_NAME,DESCRIPTION,IS_VISIBLE,IS_EXPRESSION,IS_ACTIVE,DATATYPE,IS_REQUIRED,IS_ENCRYPTED,MIN_VALUE,MAX_VALUE,LENGTH,LIST_DATA,DISPLAY_ROWS,DISPLAY_COLUMNS,DISPLAY_ORDER,DEFAULTS_SCRIPT,VALIDATOR_SCRIPT,CREATED_ON,CREATED_BY,UPDATED_ON,UPDATED_BY,VERSION_NUMBER) values (55,5,'DEPLOY_COMMAND','Deploy Command','Deploy Command','Y','N','Y','String','Y','N',null,null,null,null,4,400,6,'CMD=''cp $SOURCE_FILE '' + TARGET_LOCATION  + '';\n'';    
CMD=CMD + ''sqlplus $'' + DB_USER + ''/$'' + DB_PASSWORD + '' <<EOF\n''; 
CMD=CMD +  ''set define off\n'';
CMD=CMD +  '' @'' + TARGET_LOCATION + FILE_NAME + ''.'' + FILE_EXTENSION + ''\n'';
CMD=CMD + ''SHOW ERRORS\n'';    
CMD=CMD + ''exit sql.sqlcode\n'';    
CMD=CMD + ''EOF'';    
return CMD;',null,SYSDATE,'SYSTEM',SYSDATE,'SYSTEM',1);
Insert into FD.OBJECT_ATTRIBUTE_DEF (OBJECT_ATTR_DEF_ID,OBJECT_TYPE_ID,OBJECT_ATTRIBUTE_CODE,ATTRIBUTE_DISPLAY_NAME,DESCRIPTION,IS_VISIBLE,IS_EXPRESSION,IS_ACTIVE,DATATYPE,IS_REQUIRED,IS_ENCRYPTED,MIN_VALUE,MAX_VALUE,LENGTH,LIST_DATA,DISPLAY_ROWS,DISPLAY_COLUMNS,DISPLAY_ORDER,DEFAULTS_SCRIPT,VALIDATOR_SCRIPT,CREATED_ON,CREATED_BY,UPDATED_ON,UPDATED_BY,VERSION_NUMBER) values (61,6,'SOURCE','Source','Object Source','Y','N','Y','String','Y','N',null,null,null,'SCM',1,60,1,'return FDC.OBJECT_ATTRIBUTE_SOURCE_SCM;',null,SYSDATE,'SYSTEM',SYSDATE,'SYSTEM',1);
Insert into FD.OBJECT_ATTRIBUTE_DEF (OBJECT_ATTR_DEF_ID,OBJECT_TYPE_ID,OBJECT_ATTRIBUTE_CODE,ATTRIBUTE_DISPLAY_NAME,DESCRIPTION,IS_VISIBLE,IS_EXPRESSION,IS_ACTIVE,DATATYPE,IS_REQUIRED,IS_ENCRYPTED,MIN_VALUE,MAX_VALUE,LENGTH,LIST_DATA,DISPLAY_ROWS,DISPLAY_COLUMNS,DISPLAY_ORDER,DEFAULTS_SCRIPT,VALIDATOR_SCRIPT,CREATED_ON,CREATED_BY,UPDATED_ON,UPDATED_BY,VERSION_NUMBER) values (62,6,'TARGET_LOCATION','Target Location','Object Target Location','Y','N','Y','String','Y','N',null,null,null,null,1,190,2,'APP_SHORT_NAME=FDEBS_APPLICATION_SHORT_NAME ?: FILE_PATH_PREFIX.split(''/'')[1];     
SOURCE_DIR=''xdf'';    
SUB_DIR=FILE_PATH_PREFIX.indexOf(SOURCE_DIR) > 0 ? FILE_PATH_PREFIX.substring(FILE_PATH_PREFIX.indexOf(SOURCE_DIR) + SOURCE_DIR.length()) : FILE_PATH_PREFIX;    
TARGET_LOC=''$'' + APP_SHORT_NAME + ''_TOP/patch/115/xdf'';     
TARGET_LOC=TARGET_LOC + ''/'' + SUB_DIR + ''/'';    
return TARGET_LOC.replace(''//'',''/'');',null,SYSDATE,'SYSTEM',SYSDATE,'SYSTEM',1);
Insert into FD.OBJECT_ATTRIBUTE_DEF (OBJECT_ATTR_DEF_ID,OBJECT_TYPE_ID,OBJECT_ATTRIBUTE_CODE,ATTRIBUTE_DISPLAY_NAME,DESCRIPTION,IS_VISIBLE,IS_EXPRESSION,IS_ACTIVE,DATATYPE,IS_REQUIRED,IS_ENCRYPTED,MIN_VALUE,MAX_VALUE,LENGTH,LIST_DATA,DISPLAY_ROWS,DISPLAY_COLUMNS,DISPLAY_ORDER,DEFAULTS_SCRIPT,VALIDATOR_SCRIPT,CREATED_ON,CREATED_BY,UPDATED_ON,UPDATED_BY,VERSION_NUMBER) values (63,6,'PRIMARY_OBJECT_SCHEMA','Primary Object Schema Property','Property for Primary Object Schema','Y','N','Y','String','Y','N',null,null,null,null,1,120,3,'schema_name=''APPS'';
def index = FILE_CONTENT.findIndexOf {it.contains(''Primary Object Schema Name :'')};
if (index >= 0) {
	schema_name=FILE_CONTENT[index+1].trim();
}
if(schema_name == '''' || schema_name==''APPS'')
{
	return ''FDEBS_DB_USER'';
}
else
{
	return ''FDEBS_SCHEMA'' + schema_name + ''_DB_USER'';
}',null,SYSDATE,'SYSTEM',SYSDATE,'SYSTEM',1);
Insert into FD.OBJECT_ATTRIBUTE_DEF (OBJECT_ATTR_DEF_ID,OBJECT_TYPE_ID,OBJECT_ATTRIBUTE_CODE,ATTRIBUTE_DISPLAY_NAME,DESCRIPTION,IS_VISIBLE,IS_EXPRESSION,IS_ACTIVE,DATATYPE,IS_REQUIRED,IS_ENCRYPTED,MIN_VALUE,MAX_VALUE,LENGTH,LIST_DATA,DISPLAY_ROWS,DISPLAY_COLUMNS,DISPLAY_ORDER,DEFAULTS_SCRIPT,VALIDATOR_SCRIPT,CREATED_ON,CREATED_BY,UPDATED_ON,UPDATED_BY,VERSION_NUMBER) values (64,6,'PRIMARY_OBJECT_PASSWORD','Primary Object Password Property','Property for Primary Object Password','Y','N','Y','String','Y','N',null,null,null,null,1,120,4,'return PRIMARY_OBJECT_SCHEMA.replace(''_DB_USER'', ''_DB_PASSWORD'');',null,SYSDATE,'SYSTEM',SYSDATE,'SYSTEM',1);
Insert into FD.OBJECT_ATTRIBUTE_DEF (OBJECT_ATTR_DEF_ID,OBJECT_TYPE_ID,OBJECT_ATTRIBUTE_CODE,ATTRIBUTE_DISPLAY_NAME,DESCRIPTION,IS_VISIBLE,IS_EXPRESSION,IS_ACTIVE,DATATYPE,IS_REQUIRED,IS_ENCRYPTED,MIN_VALUE,MAX_VALUE,LENGTH,LIST_DATA,DISPLAY_ROWS,DISPLAY_COLUMNS,DISPLAY_ORDER,DEFAULTS_SCRIPT,VALIDATOR_SCRIPT,CREATED_ON,CREATED_BY,UPDATED_ON,UPDATED_BY,VERSION_NUMBER) values (144,14,'COMPILE_ALL','Compile All','Compile All','Y','N','Y','String','Y','N',null,null,null,'NO,YES,special ',1,90,4,'return ''special'';',null,SYSDATE,'SYSTEM',SYSDATE,'SYSTEM',1);
Insert into FD.OBJECT_ATTRIBUTE_DEF (OBJECT_ATTR_DEF_ID,OBJECT_TYPE_ID,OBJECT_ATTRIBUTE_CODE,ATTRIBUTE_DISPLAY_NAME,DESCRIPTION,IS_VISIBLE,IS_EXPRESSION,IS_ACTIVE,DATATYPE,IS_REQUIRED,IS_ENCRYPTED,MIN_VALUE,MAX_VALUE,LENGTH,LIST_DATA,DISPLAY_ROWS,DISPLAY_COLUMNS,DISPLAY_ORDER,DEFAULTS_SCRIPT,VALIDATOR_SCRIPT,CREATED_ON,CREATED_BY,UPDATED_ON,UPDATED_BY,VERSION_NUMBER) values (145,14,'DEPLOY_COMMAND','Deploy Command','Deploy Command','Y','N','Y','String','Y','N',null,null,null,null,4,400,5,'CMD=''cp $SOURCE_FILE '' + TARGET_LOCATION  + '';\n'';    
CMD=CMD + ''frmcmp_batch module='' + TARGET_LOCATION + FILE_NAME + ''.'' + FILE_EXTENSION +'' userid=$FDEBS_DB_USER/$FDEBS_DB_PASSWORD module_type='' + MODULE_TYPE + '' compile_all='' + COMPILE_ALL;    
return CMD;',null,SYSDATE,'SYSTEM',SYSDATE,'SYSTEM',1);
Insert into FD.OBJECT_ATTRIBUTE_DEF (OBJECT_ATTR_DEF_ID,OBJECT_TYPE_ID,OBJECT_ATTRIBUTE_CODE,ATTRIBUTE_DISPLAY_NAME,DESCRIPTION,IS_VISIBLE,IS_EXPRESSION,IS_ACTIVE,DATATYPE,IS_REQUIRED,IS_ENCRYPTED,MIN_VALUE,MAX_VALUE,LENGTH,LIST_DATA,DISPLAY_ROWS,DISPLAY_COLUMNS,DISPLAY_ORDER,DEFAULTS_SCRIPT,VALIDATOR_SCRIPT,CREATED_ON,CREATED_BY,UPDATED_ON,UPDATED_BY,VERSION_NUMBER) values (142,14,'TARGET_LOCATION','Target Location','Object Target Location','Y','N','Y','String','Y','N',null,null,null,null,1,250,2,'APP_SHORT_NAME=FDEBS_APPLICATION_SHORT_NAME ?:  FILE_PATH_PREFIX.split(''/'')[1]; 
SOURCE_DIR=FDEBS_FORMS_ROOT_SOURCE_DIR == null  || FDEBS_FORMS_ROOT_SOURCE_DIR == '''' ? EBSC.FDEBS_FORMS_ROOT_SOURCE_DIR_DEFAULT : FDEBS_FORMS_ROOT_SOURCE_DIR;     
SUB_DIR=FILE_PATH_PREFIX.indexOf(SOURCE_DIR) > 0 ? FILE_PATH_PREFIX.substring(FILE_PATH_PREFIX.indexOf(SOURCE_DIR) + SOURCE_DIR.length()) : FILE_PATH_PREFIX;    
TARGET_LOC=FDEBS_FORMS_ROOT_DESTINATION_DIR ?: ''$AU_TOP/forms'';     
TARGET_LOC=TARGET_LOC + ''/'' + SUB_DIR + ''/'';    
return TARGET_LOC.replace(''//'',''/'');',null,SYSDATE,'SYSTEM',SYSDATE,'SYSTEM',1);
END;
/

begin
Insert into FD.OBJECT_ATTRIBUTE_DEF (OBJECT_ATTR_DEF_ID,OBJECT_TYPE_ID,OBJECT_ATTRIBUTE_CODE,ATTRIBUTE_DISPLAY_NAME,DESCRIPTION,IS_VISIBLE,IS_EXPRESSION,IS_ACTIVE,DATATYPE,IS_REQUIRED,IS_ENCRYPTED,MIN_VALUE,MAX_VALUE,LENGTH,LIST_DATA,DISPLAY_ROWS,DISPLAY_COLUMNS,DISPLAY_ORDER,DEFAULTS_SCRIPT,VALIDATOR_SCRIPT,CREATED_ON,CREATED_BY,UPDATED_ON,UPDATED_BY,VERSION_NUMBER) values (112,11,'TARGET_LOCATION','Target Location','Object Target Location','Y','N','Y','String','Y','N',null,null,null,null,1,250,2,'APP_SHORT_NAME=FDEBS_APPLICATION_SHORT_NAME ?: FILE_PATH_PREFIX.split(''/'')[1];  
SOURCE_DIR=FDEBS_REPORTS_ROOT_SOURCE_DIR == null || FDEBS_REPORTS_ROOT_SOURCE_DIR == '''' ? EBSC.FDEBS_REPORTS_ROOT_SOURCE_DIR_DEFAULT : FDEBS_REPORTS_ROOT_SOURCE_DIR;    
SUB_DIR=FILE_PATH_PREFIX.indexOf(SOURCE_DIR) > 0 ? FILE_PATH_PREFIX.substring(FILE_PATH_PREFIX.indexOf(SOURCE_DIR) + SOURCE_DIR.length()) : FILE_PATH_PREFIX;    
TARGET_LOC=FDEBS_REPORTS_ROOT_DESTINATION_DIR ?: ''$'' + APP_SHORT_NAME + ''_TOP/reports'';     
TARGET_LOC=TARGET_LOC + ''/'' + SUB_DIR + ''/'';    
return TARGET_LOC.replace(''//'',''/'');',null,SYSDATE,'SYSTEM',SYSDATE,'SYSTEM',1);
Insert into FD.OBJECT_ATTRIBUTE_DEF (OBJECT_ATTR_DEF_ID,OBJECT_TYPE_ID,OBJECT_ATTRIBUTE_CODE,ATTRIBUTE_DISPLAY_NAME,DESCRIPTION,IS_VISIBLE,IS_EXPRESSION,IS_ACTIVE,DATATYPE,IS_REQUIRED,IS_ENCRYPTED,MIN_VALUE,MAX_VALUE,LENGTH,LIST_DATA,DISPLAY_ROWS,DISPLAY_COLUMNS,DISPLAY_ORDER,DEFAULTS_SCRIPT,VALIDATOR_SCRIPT,CREATED_ON,CREATED_BY,UPDATED_ON,UPDATED_BY,VERSION_NUMBER) values (113,11,'COUNTRY','Country','Country','Y','N','Y','String','N','N',null,null,null,null,1,75,3,'SOURCE_DIR=FDEBS_REPORTS_ROOT_SOURCE_DIR == null || FDEBS_REPORTS_ROOT_SOURCE_DIR == '''' ?  EBSC.FDEBS_REPORTS_ROOT_SOURCE_DIR_DEFAULT : FDEBS_REPORTS_ROOT_SOURCE_DIR;    
SUB_DIR=FILE_PATH_PREFIX.indexOf(SOURCE_DIR) > 0 ? FILE_PATH_PREFIX.substring(FILE_PATH_PREFIX.indexOf(SOURCE_DIR) + SOURCE_DIR.length()) : FILE_PATH_PREFIX;    
COUNTRY_VAL=SUB_DIR != null    &&    SUB_DIR.length() >= 2 ? SUB_DIR.substring(1,3) : '''';    
return COUNTRY_VAL;',null,SYSDATE,'SYSTEM',SYSDATE,'SYSTEM',1);
Insert into FD.OBJECT_ATTRIBUTE_DEF (OBJECT_ATTR_DEF_ID,OBJECT_TYPE_ID,OBJECT_ATTRIBUTE_CODE,ATTRIBUTE_DISPLAY_NAME,DESCRIPTION,IS_VISIBLE,IS_EXPRESSION,IS_ACTIVE,DATATYPE,IS_REQUIRED,IS_ENCRYPTED,MIN_VALUE,MAX_VALUE,LENGTH,LIST_DATA,DISPLAY_ROWS,DISPLAY_COLUMNS,DISPLAY_ORDER,DEFAULTS_SCRIPT,VALIDATOR_SCRIPT,CREATED_ON,CREATED_BY,UPDATED_ON,UPDATED_BY,VERSION_NUMBER) values (114,11,'DEPLOY_COMMAND','Deploy Command','Deploy Command','Y','N','Y','String','Y','N',null,null,null,null,4,400,4,'CMD=''cp $SOURCE_FILE '' + TARGET_LOCATION  + '';\n'';    
return CMD;',null,SYSDATE,'SYSTEM',SYSDATE,'SYSTEM',1);
Insert into FD.OBJECT_ATTRIBUTE_DEF (OBJECT_ATTR_DEF_ID,OBJECT_TYPE_ID,OBJECT_ATTRIBUTE_CODE,ATTRIBUTE_DISPLAY_NAME,DESCRIPTION,IS_VISIBLE,IS_EXPRESSION,IS_ACTIVE,DATATYPE,IS_REQUIRED,IS_ENCRYPTED,MIN_VALUE,MAX_VALUE,LENGTH,LIST_DATA,DISPLAY_ROWS,DISPLAY_COLUMNS,DISPLAY_ORDER,DEFAULTS_SCRIPT,VALIDATOR_SCRIPT,CREATED_ON,CREATED_BY,UPDATED_ON,UPDATED_BY,VERSION_NUMBER) values (121,12,'SOURCE','Source','Object Source','Y','N','Y','String','Y','N',null,null,null,'SCM',1,60,1,'return FDC.OBJECT_ATTRIBUTE_SOURCE_SCM;',null,SYSDATE,'SYSTEM',SYSDATE,'SYSTEM',1);

Insert into FD.OBJECT_ATTRIBUTE_DEF (OBJECT_ATTR_DEF_ID,OBJECT_TYPE_ID,OBJECT_ATTRIBUTE_CODE,ATTRIBUTE_DISPLAY_NAME,DESCRIPTION,IS_VISIBLE,IS_EXPRESSION,IS_ACTIVE,DATATYPE,IS_REQUIRED,IS_ENCRYPTED,MIN_VALUE,MAX_VALUE,LENGTH,LIST_DATA,DISPLAY_ROWS,DISPLAY_COLUMNS,DISPLAY_ORDER,DEFAULTS_SCRIPT,VALIDATOR_SCRIPT,CREATED_ON,CREATED_BY,UPDATED_ON,UPDATED_BY,VERSION_NUMBER) values (163,16,'DEPLOY_COMMAND','Deploy Command','Deploy Command','Y','N','Y','String','Y','N',null,null,null,null,4,400,3,'CMD=''cp $SOURCE_FILE '' + TARGET_LOCATION  + '';\n'';    
CMD=CMD + '' ln -sf $FND_TOP/bin/fndcpesr '' + TARGET_LOCATION + FILE_NAME + ''.'' + FILE_EXTENSION;    
return CMD;',null,SYSDATE,'SYSTEM',SYSDATE,'SYSTEM',1);
Insert into FD.OBJECT_ATTRIBUTE_DEF (OBJECT_ATTR_DEF_ID,OBJECT_TYPE_ID,OBJECT_ATTRIBUTE_CODE,ATTRIBUTE_DISPLAY_NAME,DESCRIPTION,IS_VISIBLE,IS_EXPRESSION,IS_ACTIVE,DATATYPE,IS_REQUIRED,IS_ENCRYPTED,MIN_VALUE,MAX_VALUE,LENGTH,LIST_DATA,DISPLAY_ROWS,DISPLAY_COLUMNS,DISPLAY_ORDER,DEFAULTS_SCRIPT,VALIDATOR_SCRIPT,CREATED_ON,CREATED_BY,UPDATED_ON,UPDATED_BY,VERSION_NUMBER) values (56,5,'DB_PASSWORD','DB Password Property','Property Name for  Database Password','Y','N','Y','String','Y','N',null,null,null,null,1,130,5,'return ''FDEBS_DB_PASSWORD'';',null,SYSDATE,'SYSTEM',SYSDATE,'SYSTEM',1);
end;
/

begin
Insert into FD.OBJECT_ATTRIBUTE_DEF (OBJECT_ATTR_DEF_ID,OBJECT_TYPE_ID,OBJECT_ATTRIBUTE_CODE,ATTRIBUTE_DISPLAY_NAME,DESCRIPTION,IS_VISIBLE,IS_EXPRESSION,IS_ACTIVE,DATATYPE,IS_REQUIRED,IS_ENCRYPTED,MIN_VALUE,MAX_VALUE,LENGTH,LIST_DATA,DISPLAY_ROWS,DISPLAY_COLUMNS,DISPLAY_ORDER,DEFAULTS_SCRIPT,VALIDATOR_SCRIPT,CREATED_ON,CREATED_BY,UPDATED_ON,UPDATED_BY,VERSION_NUMBER) values (100,9,'BUILD_COMMAND','Build Command','Build Command','Y','N','Y','String','N','N',null,null,null,null,4,400,9,'if (FILE_PATH == null || FILE_PATH.length() < 2 || FILE_PATH.contains('' '') || FILE_PATH.contains(''//'') || FILE_PATH.find(/[*@#$%^&+=,><=!`()''":;\[\]\?]/) || FILE_PATH.endsWith(''/'')){
	throw new Exception(''Invalid File Name and Path: '' + FILE_PATH + ''. Please enter valid File Name with path'');
}
APP_SHORT_NAME= FDEBS_APPLICATION_SHORT_NAME ?: FILE_PATH_PREFIX.split(''/'')[1];     
NAME_KEY='''';    
switch (TYPE) {    
	case ''PROGRAM'':    
		NAME_KEY = ''CONCURRENT_PROGRAM_NAME'';    
		break;    
	case ''FND_LOOKUP_TYPE'':    
		NAME_KEY = ''LOOKUP_TYPE'';    
		break;    
	case [''REQUEST_GROUP'',''MENU'',''PROFILE'',''FUNCTION'',''PRINTER_STYLE'',''PRINTER'',''FORM'']:    
		NAME_KEY = TYPE + ''_NAME'';    
		break;	    
	case ''DESC_FLEX'':    
		NAME_KEY = ''DESCRIPTIVE_FLEXFIELD_NAME'';    
		break;    
	case ''FND_NEW_MESSAGES'':    
		NAME_KEY = ''MESSAGE_NAME'';    
		break;    
	case ''VALUE_SET'':    
		NAME_KEY = ''FLEX_VALUE_SET_NAME'';    
		break;    
	case [''REQ_SET'',''REQ_SET_LINKS'']:    
		NAME_KEY = ''REQUEST_SET_NAME'';    
		break;    
	case ''FND_RESPONSIBILITY'':    
		NAME_KEY = ''RESP_KEY'';    
		break;    
	case ''FND_FORM_CUSTOM_RULES'':    
		NAME_KEY = ''FORM_NAME'';    
		break;    
	case ''ALR_ALERTS'':    
		NAME_KEY = ''ALERT_NAME'';    
		break;
	case ''KEY_FLEX'':    
		NAME_KEY = ''ID_FLEX_CODE'';    
		break;
	case ''VALUE_SECURITY_RULE'':    
		NAME_KEY = ''FLEX_VALUE_SET_NAME'';    
		break;	
	case [''VALUE_ROLLUP_GROUP'',''VALUE_ROLLUP_GROUP'',''VALUE_SET_VALUE'']:    
		NAME_KEY = ''FLEX_VALUE_SET_NAME'';    
		break;
	case ''FND_USER'':    
		NAME_KEY = ''USER_NAME'';    
		break;		
	case ''FND_ATTACHMENT_FUNCTIONS'':    
		NAME_KEY = ''FUNCTION_NAME'';    
		break;
	case ''FND_CURRENCY'':    
		NAME_KEY = ''CURR_CODE'';    
		break;
	case ''FND_LANGUAGE'':    
		NAME_KEY = ''LANG_CODE'';    
		break;
	case ''FND_TERRITORY'':    
		NAME_KEY = ''TERR_CODE'';    
		break;
	case ''FND_TABLE'':    
		NAME_KEY = ''TABLE_NAME'';    
		break;
	case ''FND_VIEW'':    
		NAME_KEY = ''VIEW_NAME'';    
		break;
	case ''FND_SEQUENCE'':    
		NAME_KEY = ''SEQUENCE_NAME'';    
		break;
	case ''SCHEDULE'':    
		NAME_KEY = ''RELEASE_CLASS_NAME'';    
		break;
	case ''GRANT'':    
		NAME_KEY = ''GNT_MENU_NAME'';    
		break;
	case ''WF_ROLE'':    
		NAME_KEY = ''WF_ROLE'';    
		break;		
	case ''FND_DOC_SEQUENCE_CATEGORIES'':    
		NAME_KEY = ''NAME'';    
		break;		
	case ''XDO_DS_DEFINITIONS'':    
		NAME_KEY = ''DATA_SOURCE_CODE'';    
		break;
	case ''JTF_GRID_DATASOURCES'':    
		NAME_KEY = ''GRID_DATASOURCE_NAME'';    
		break;
	case ''AME_CONDITIONS'':    
		NAME_KEY = ''CONDITION_KEY'';    
		break;
	case [''AME_APPROVAL_GROUP_CONFIG'',''AME_APPROVAL_GROUPS'']:    
		NAME_KEY = ''APPROVAL_GROUP_NAME'';    
		break; 	
	case [''AME_RULES'',''AME_ACTION_USAGES'']:
		NAME_KEY = ''RULE_KEY'';    
		break; 
	case ''AME_CALLING_APPS'':    
		NAME_KEY = ''TRANSACTION_TYPE_ID'';    
		break; 
	case [''AME_ATTRIBUTE_USAGES'',''AME_ATTRIBUTES'']:  
		NAME_KEY = ''ATTRIBUTE_NAME'';    
		break; 	
	default:    
		NAME_KEY = '''';    
		break;    
}
if (NAME_KEY == '''')
{
return '''';
} else {
CMD=''FNDLOAD $FDEBS_DB_USER/$FDEBS_DB_PASSWORD 0 Y DOWNLOAD '' + CONTROL_FILE + '' $SOURCE_FILE '' + TYPE + '' APPLICATION_SHORT_NAME='' + APP_SHORT_NAME + '' '' + NAME_KEY + ''='' + NAME + '' '' + ADDITIONAL_PARAMS;    
return CMD;
}',null,SYSDATE,'SYSTEM',SYSDATE,'SYSTEM',1);
END;
/
-- update Read only flag for ebs object attributes
update FD.OBJECT_ATTRIBUTE_DEF set IS_READONLY='Y' where object_attribute_code like '%COMMAND';

-- Start JMeter Plugin
INSERT INTO FD.WORKFLOW
  (
    WORKFLOW_ID,
    WORKFLOW_NAME,
    WORKFLOW_TYPE,
    WORKFLOW_GROUP,
    WORKFLOW_SUBGROUP,
    DESCRIPTION,
    IS_ACTIVE,
    READ_ONLY,
    INTERNAL,
    ACTIVE_WORKFLOW_VERSION_ID,
    CREATED_ON,
    CREATED_BY,
    UPDATED_ON,
    UPDATED_BY,
    VERSION_NUMBER
  )
  VALUES
  (
    11,
    'JMeter-runTest',
    'TEST_DEFINITION',
    'FlexDeploy(read only)',
    'Testing',
    'JMeter execute test workflow',
    'Y',
    'Y',
    'N',
    null,
    sysdate,
    user,
    sysdate,
    user,
    1
  );
  
INSERT INTO FD.WORKFLOW_VERSION
  (
    WORKFLOW_VERSION_ID,
    WORKFLOW_ID,
    WORKFLOW_VERSION,
    ACTIVE_COPY,
    CREATED_ON,
    CREATED_BY,
    UPDATED_ON,
    UPDATED_BY,
    VERSION_NUMBER
  )
  VALUES
  (
    11,
    11,
    '1.0',
    'Y',
    sysdate,
    user,
    sysdate,
    user,
    1
  );  
  
INSERT INTO FD.WORKFLOW_VERSION_DATA
  (
    WORKFLOW_VERSION_DATA_ID,
    WORKFLOW_VERSION_ID,
    SEQUENCE_NUMBER,
    WORKFLOW_VERSION_DATA,
    CREATED_ON,
    CREATED_BY,
    UPDATED_ON,
    UPDATED_BY,
    VERSION_NUMBER
  )
  VALUES
  (
    11,
    11,
    0,
    '<?xml version="1.0" encoding="UTF-8"?>
<WorkFlow xmlns="http://flexagon.com/flexdeploy/workflow" xmlns:ns0="http://flexagon.com/flexdeploy/workflow/common">
   <ns0:Name>JMeter-runTest</ns0:Name>
   <ns0:Description></ns0:Description>
   <Inputs>
      <Variable>
         <ns0:Name>JMETER_TEST_PLAN_FILE</ns0:Name>
         <ns0:Description>Path to the JMeter Test Plan (.jmx) file. Relative paths will be assumed to be in the FD_ARTIFACTS_DIR.</ns0:Description>
         <ns0:Type>String</ns0:Type>
         <returnAsOutput>false</returnAsOutput>
         <ns0:isConstant>false</ns0:isConstant>
      </Variable>
      <Variable>
         <ns0:Name>JMETER_PROPERTIES</ns0:Name>
         <ns0:Description>Properties for Test Plan</ns0:Description>
         <ns0:Type>String</ns0:Type>
         <returnAsOutput>false</returnAsOutput>
         <ns0:isConstant>false</ns0:isConstant>
      </Variable>
      <Variable>
         <ns0:Name>JMETER_USER_PROPERTIES_FILE</ns0:Name>
         <ns0:Description>User Properties File for Test Plan</ns0:Description>
         <ns0:Type>String</ns0:Type>
         <returnAsOutput>false</returnAsOutput>
         <ns0:isConstant>false</ns0:isConstant>
      </Variable>	  
   </Inputs>
   <Steps>
      <Step>
         <ns0:Name>Execute JMeter Test</ns0:Name>
         <ns0:StepId>1</ns0:StepId>
         <InvokePlugin>
            <PluginName>FlexagonJMeterPlugin</PluginName>
            <PluginOperation>runTest</PluginOperation>
            <consumesArtifacts>false</consumesArtifacts>
            <producesArtifacts>false</producesArtifacts>
            <EndpointSelection>
               <EndpointSelectionChoice>All</EndpointSelectionChoice>
            </EndpointSelection>
            <EndpointExecutionChoice>Any</EndpointExecutionChoice>
            <PluginInputs>
               <PluginInput>
                  <Name>FDJM_TEST_PLAN_FILE</Name>
                  <ValueType>Expression</ValueType>
                  <ns0:Type>String</ns0:Type>
                  <Value>
                     <Expression>JMETER_TEST_PLAN_FILE</Expression>
                  </Value>
               </PluginInput>
               <PluginInput>
                  <Name>FDJM_PROPERTIES</Name>
                  <ValueType>Expression</ValueType>
                  <ns0:Type>String</ns0:Type>
				  <Value>
                     <Expression>JMETER_PROPERTIES</Expression>
                  </Value>
               </PluginInput>
               <PluginInput>
                  <Name>FDJM_USER_PROPERTIES_FILE</Name>
                  <ValueType>Expression</ValueType>
                  <ns0:Type>String</ns0:Type>
				  <Value>
                     <Expression>JMETER_USER_PROPERTIES_FILE</Expression>
                  </Value>
               </PluginInput>			   
            </PluginInputs>
            <UserInputs/>
            <PluginOutputs/>
            <UserOutputs/>
         </InvokePlugin>
      </Step>
   </Steps>
</WorkFlow>
',
    sysdate,
    user,
    sysdate,
    user,
    1
  );


  

update fd.workflow set ACTIVE_WORKFLOW_VERSION_ID=11 where WORKFLOW_ID=11; 

INSERT INTO FD.TESTING_TOOL (TESTING_TOOL_ID, TESTING_TOOL_NAME) VALUES (6, 'Apache JMeter');

/* Now install the Property Set and info for the Testing Tool Property */

INSERT
INTO FD.PROPERTY_SET
  (
    PROPERTY_SET_ID,
    PROPERTY_SET_NAME,
    OWNER_TYPE,
    OWNER_ID,
    IS_ACTIVE,
    CREATED_ON,
    CREATED_BY,
    UPDATED_ON,
    UPDATED_BY,
    VERSION_NUMBER
  )
  VALUES
  (
    1031,
    'JMETER_TESTING_PS',
    'TESTING_TOOL',
    6,
    'Y',
    sysdate,
    USER,
    sysdate,
    USER,
    1
  );
INSERT
INTO FD.PROPERTY_KEY_DEFINITION
  (
    PROPERTY_DEFINITION_ID,
    PROPERTY_KEY_NAME,
    PROPERTY_SCOPE,
    DESCRIPTION,
    PROPERTY_KEY_DATATYPE,
    PROPERTY_KEY_SUB_DATATYPE,
    IS_REQUIRED,
    IS_ENCRYPTED,
    IS_ACTIVE,
	IS_CUSTOM,
    CREATED_ON,
    CREATED_BY,
    UPDATED_ON,
    UPDATED_BY,
    VERSION_NUMBER
  )
  VALUES
  (
    1031,
    'FDJM_JMETER_HOME_DIR',
    'INST',
    'Apache JMeter Home directory. Make sure you have bin directory under this.',
    'String',
    NULL,
    'Y',
    'N',
    'Y',
	'N',
    sysdate,
    USER,
    sysdate,
    USER,
    1
  );
INSERT
INTO FD.PROPERTY_SET_KEY_DEF
  (
    PROPERTY_SET_ID,
    PROPERTY_DEFINITION_ID,
    CREATED_ON,
    CREATED_BY,
    UPDATED_ON,
    UPDATED_BY,
    VERSION_NUMBER
  )
  VALUES
  (
    1031,
    1031,
    sysdate,
    USER,
    sysdate,
    USER,
    1
  );
INSERT
INTO FD.PROPERTY_KEY_DEFINITION
  (
    PROPERTY_DEFINITION_ID,
    PROPERTY_KEY_NAME,
    PROPERTY_SCOPE,
    DESCRIPTION,
    PROPERTY_KEY_DATATYPE,
    PROPERTY_KEY_SUB_DATATYPE,
    IS_REQUIRED,
    IS_ENCRYPTED,
    IS_ACTIVE,
	IS_CUSTOM,
    CREATED_ON,
    CREATED_BY,
    UPDATED_ON,
    UPDATED_BY,
    VERSION_NUMBER
  )
  VALUES
  (
    1032,
    'FDJM_JMETER_PROPERTIES_FILE',
    'INST',
    'Apache JMeter Properties file.',
    'String',
    NULL,
    'Y',
    'N',
    'Y',
	'N',
    sysdate,
    USER,
    sysdate,
    USER,
    1
  );
INSERT
INTO FD.PROPERTY_SET_KEY_DEF
  (
    PROPERTY_SET_ID,
    PROPERTY_DEFINITION_ID,
    CREATED_ON,
    CREATED_BY,
    UPDATED_ON,
    UPDATED_BY,
    VERSION_NUMBER
  )
  VALUES
  (
    1031,
    1032,
    sysdate,
    USER,
    sysdate,
    USER,
    1
  );  


-- END JMeter Plugin

INSERT INTO FD.WORKFLOW
  (
    WORKFLOW_ID,
    WORKFLOW_NAME,
    WORKFLOW_TYPE,
    WORKFLOW_GROUP,
    WORKFLOW_SUBGROUP,
    DESCRIPTION,
    IS_ACTIVE,
    READ_ONLY,
    INTERNAL,
    ACTIVE_WORKFLOW_VERSION_ID,
    CREATED_ON,
    CREATED_BY,
    UPDATED_ON,
    UPDATED_BY,
    VERSION_NUMBER
  )
  VALUES
  (
    100,
    'SCM-ExportSource',
    'OTHER',
    'FlexDeploy(read only)',
    'SCM',
    'SCM Export Project Sources',
    'Y',
    'Y',
    'N',
    null,
    sysdate,
    user,
    sysdate,
    user,
    1
  );
  
INSERT INTO FD.WORKFLOW_VERSION
  (
    WORKFLOW_VERSION_ID,
    WORKFLOW_ID,
    WORKFLOW_VERSION,
    ACTIVE_COPY,
    CREATED_ON,
    CREATED_BY,
    UPDATED_ON,
    UPDATED_BY,
    VERSION_NUMBER
  )
  VALUES
  (
    100,
    100,
    '1.0',
    'Y',
    sysdate,
    user,
    sysdate,
    user,
    1
  );  
  
INSERT INTO FD.WORKFLOW_VERSION_DATA
  (
    WORKFLOW_VERSION_DATA_ID,
    WORKFLOW_VERSION_ID,
    SEQUENCE_NUMBER,
    WORKFLOW_VERSION_DATA,
    CREATED_ON,
    CREATED_BY,
    UPDATED_ON,
    UPDATED_BY,
    VERSION_NUMBER
  )
  VALUES
  (
    100,
    100,
    0,
    '<?xml version="1.0" encoding="UTF-8"?>
<WorkFlow xmlns="http://flexagon.com/flexdeploy/workflow" xmlns:ns0="http://flexagon.com/flexdeploy/workflow/common">
   <ns0:Name>SCM-ExportSource</ns0:Name>
   <ns0:Description>Export Project Sources from SCM</ns0:Description>
   <Steps>
      <Step>
         <ns0:Name>Check SCM Type</ns0:Name>
         <ns0:StepId>1</ns0:StepId>
         <If>
            <Condition>
               <Expression>FDBLD_SCM_TYPE == ''SVN''</Expression>
            </Condition>
            <Steps>
               <Step>
                  <ns0:Name>SVN</ns0:Name>
                  <ns0:StepId>1.1</ns0:StepId>
                  <InvokePlugin>
                     <PluginName>FlexagonSVNPlugin</PluginName>
                     <PluginOperation>exportProjectSources</PluginOperation>
                     <consumesArtifacts>false</consumesArtifacts>
                     <producesArtifacts>false</producesArtifacts>
                     <PluginInputs/>
                     <UserInputs/>
                     <PluginOutputs/>
                     <UserOutputs/>
                  </InvokePlugin>
               </Step>
            </Steps>
            <ElseIf>
               <Condition>
                  <Expression>FDBLD_SCM_TYPE == ''GIT''</Expression>
               </Condition>
               <Steps>
                  <Step>
                     <ns0:Name>GIT</ns0:Name>
                     <ns0:StepId>1.2</ns0:StepId>
                     <InvokePlugin>
                        <PluginName>FlexagonGITPlugin</PluginName>
                        <PluginOperation>cloneProjectSources</PluginOperation>
                        <consumesArtifacts>false</consumesArtifacts>
                        <producesArtifacts>false</producesArtifacts>
                        <PluginInputs/>
                        <UserInputs/>
                        <PluginOutputs/>
                        <UserOutputs/>
                     </InvokePlugin>
                  </Step>
               </Steps>
            </ElseIf>
            <ElseIf>
               <Condition>
                  <Expression>FDBLD_SCM_TYPE == ''TFVC''</Expression>
               </Condition>
               <Steps>
                  <Step>
                     <ns0:Name>TFVC</ns0:Name>
                     <ns0:StepId>1.3</ns0:StepId>
                     <InvokePlugin>
                        <PluginName>FlexagonTFVCPlugin</PluginName>
                        <PluginOperation>getProjectSources</PluginOperation>
                        <consumesArtifacts>false</consumesArtifacts>
                        <producesArtifacts>false</producesArtifacts>
                        <PluginInputs/>
                        <UserInputs/>
                        <PluginOutputs/>
                        <UserOutputs/>
                     </InvokePlugin>
                  </Step>
               </Steps>
            </ElseIf>
            <ElseIf>
               <Condition>
                  <Expression>FDBLD_SCM_TYPE == ''CVS''</Expression>
               </Condition>
               <Steps>
                  <Step>
                     <ns0:Name>CVS</ns0:Name>
                     <ns0:StepId>1.4</ns0:StepId>
                     <InvokePlugin>
                        <PluginName>FlexagonCVSPlugin</PluginName>
                        <PluginOperation>exportProjectSources</PluginOperation>
                        <consumesArtifacts>false</consumesArtifacts>
                        <producesArtifacts>false</producesArtifacts>
                        <PluginInputs/>
                        <UserInputs/>
                        <PluginOutputs/>
                        <UserOutputs/>
                     </InvokePlugin>
                  </Step>
               </Steps>
            </ElseIf>
         </If>
      </Step>
   </Steps>
</WorkFlow>',
    sysdate,
    user,
    sysdate,
    user,
    1
  );
  
update fd.workflow set ACTIVE_WORKFLOW_VERSION_ID=100 where WORKFLOW_ID=100;
  
--EBS Build

INSERT INTO FD.WORKFLOW
  (
    WORKFLOW_ID,
    WORKFLOW_NAME,
    WORKFLOW_TYPE,
    WORKFLOW_GROUP,
    WORKFLOW_SUBGROUP,
    DESCRIPTION,
    IS_ACTIVE,
    READ_ONLY,
    INTERNAL,
    ACTIVE_WORKFLOW_VERSION_ID,
    CREATED_ON,
    CREATED_BY,
    UPDATED_ON,
    UPDATED_BY,
    VERSION_NUMBER
  )
  VALUES
  (
    101,
    'EBS-Build',
    'BUILD',
    'FlexDeploy(read only)',
    'EBS',
    'EBS Build Workflow',
    'Y',
    'Y',
    'N',
    null,
    sysdate,
    user,
    sysdate,
    user,
    1
  );
  
INSERT INTO FD.WORKFLOW_VERSION
  (
    WORKFLOW_VERSION_ID,
    WORKFLOW_ID,
    WORKFLOW_VERSION,
    ACTIVE_COPY,
    CREATED_ON,
    CREATED_BY,
    UPDATED_ON,
    UPDATED_BY,
    VERSION_NUMBER
  )
  VALUES
  (
    101,
    101,
    '1.0',
    'Y',
    sysdate,
    user,
    sysdate,
    user,
    1
  );  
  
INSERT INTO FD.WORKFLOW_VERSION_DATA
  (
    WORKFLOW_VERSION_DATA_ID,
    WORKFLOW_VERSION_ID,
    SEQUENCE_NUMBER,
    WORKFLOW_VERSION_DATA,
    CREATED_ON,
    CREATED_BY,
    UPDATED_ON,
    UPDATED_BY,
    VERSION_NUMBER
  )
  VALUES
  (
    101,
    101,
    0,
    '<?xml version="1.0" encoding="UTF-8"?>
<WorkFlow xmlns="http://flexagon.com/flexdeploy/workflow" xmlns:ns0="http://flexagon.com/flexdeploy/workflow/common">
   <ns0:Name>EBS-Build</ns0:Name>
   <ns0:Description>Build EBS Objects</ns0:Description>
   <Inputs/>
   <Steps>
      <Step>
         <ns0:Name>Get Project Source</ns0:Name>
         <ns0:StepId>1</ns0:StepId>
         <InvokeWorkflow>
            <WorkflowName>SCM-ExportSource</WorkflowName>
            <InputValues/>
            <OutputValues/>
         </InvokeWorkflow>
      </Step>
      <Step>
         <ns0:Name>Build EBS Objects</ns0:Name>
         <ns0:StepId>2</ns0:StepId>
         <InvokePlugin>
            <PluginName>FlexagonEBSPlugin</PluginName>
            <PluginOperation>build</PluginOperation>
            <consumesArtifacts>false</consumesArtifacts>
            <producesArtifacts>false</producesArtifacts>
            <PluginInputs>
               <PluginInput>
                  <Name>FDEBS_INP_INCLUDE_FILES</Name>
                  <ValueType>Expression</ValueType>
                  <ns0:Type>String</ns0:Type>
                  <Value>
                     <Expression></Expression>
                  </Value>
               </PluginInput>
            </PluginInputs>
            <UserInputs/>
            <PluginOutputs/>
            <UserOutputs/>
         </InvokePlugin>
      </Step>
   </Steps>
</WorkFlow>',
    sysdate,
    user,
    sysdate,
    user,
    1
  );
update fd.workflow set ACTIVE_WORKFLOW_VERSION_ID=101 where WORKFLOW_ID=101; 

--EBS Deploy

INSERT INTO FD.WORKFLOW
  (
    WORKFLOW_ID,
    WORKFLOW_NAME,
    WORKFLOW_TYPE,
    WORKFLOW_GROUP,
    WORKFLOW_SUBGROUP,
    DESCRIPTION,
    IS_ACTIVE,
    READ_ONLY,
    INTERNAL,
    ACTIVE_WORKFLOW_VERSION_ID,
    CREATED_ON,
    CREATED_BY,
    UPDATED_ON,
    UPDATED_BY,
    VERSION_NUMBER
  )
  VALUES
  (
    102,
    'EBS-Deploy',
    'DEPLOY',
    'FlexDeploy(read only)',
    'EBS',
    'EBS Deploy Workflow',
    'Y',
    'Y',
    'N',
    null,
    sysdate,
    user,
    sysdate,
    user,
    1
  );
  
INSERT INTO FD.WORKFLOW_VERSION
  (
    WORKFLOW_VERSION_ID,
    WORKFLOW_ID,
    WORKFLOW_VERSION,
    ACTIVE_COPY,
    CREATED_ON,
    CREATED_BY,
    UPDATED_ON,
    UPDATED_BY,
    VERSION_NUMBER
  )
  VALUES
  (
    102,
    102,
    '1.0',
    'Y',
    sysdate,
    user,
    sysdate,
    user,
    1
  );  
  
INSERT INTO FD.WORKFLOW_VERSION_DATA
  (
    WORKFLOW_VERSION_DATA_ID,
    WORKFLOW_VERSION_ID,
    SEQUENCE_NUMBER,
    WORKFLOW_VERSION_DATA,
    CREATED_ON,
    CREATED_BY,
    UPDATED_ON,
    UPDATED_BY,
    VERSION_NUMBER
  )
  VALUES
  (
    102,
    102,
    0,
    '<?xml version="1.0" encoding="UTF-8"?>
<WorkFlow xmlns="http://flexagon.com/flexdeploy/workflow" xmlns:ns0="http://flexagon.com/flexdeploy/workflow/common">
   <ns0:Name>EBS-Deploy</ns0:Name>
   <ns0:Description></ns0:Description>
   <Inputs/>
   <Variables>
      <Variable>
         <ns0:Name>DeployedObjects</ns0:Name>
         <ns0:Type>String</ns0:Type>
         <returnAsOutput>true</returnAsOutput>
         <ns0:isConstant>false</ns0:isConstant>
      </Variable>
      <Variable>
         <ns0:Name>SkippedObjects</ns0:Name>
         <ns0:Type>String</ns0:Type>
         <returnAsOutput>true</returnAsOutput>
         <ns0:isConstant>false</ns0:isConstant>
      </Variable>
   </Variables>
   <Steps>
      <Step>
         <ns0:Name>Deploy EBS</ns0:Name>
         <ns0:StepId>1</ns0:StepId>
         <InvokePlugin>
            <PluginName>FlexagonEBSPlugin</PluginName>
            <PluginOperation>deploy</PluginOperation>
            <consumesArtifacts>false</consumesArtifacts>
            <producesArtifacts>false</producesArtifacts>
            <PluginInputs>
               <PluginInput>
                  <Name>FDEBS_INP_FORCE_FILES</Name>
                  <ValueType>Text</ValueType>
                  <ns0:Type>String</ns0:Type>
                  <Text></Text>
               </PluginInput>
            </PluginInputs>
            <UserInputs/>
            <PluginOutputs>
               <OutputValue>
                  <NameInCallee>FDEBS_OUT_DEPLOYED_FILES_LIST</NameInCallee>
                  <NameInCaller>DeployedObjects</NameInCaller>
               </OutputValue>
               <OutputValue>
                  <NameInCallee>FDEBS_OUT_SKIPPED_FILES_LIST</NameInCallee>
                  <NameInCaller>SkippedObjects</NameInCaller>
               </OutputValue>
            </PluginOutputs>
            <UserOutputs/>
         </InvokePlugin>
      </Step>
      <Step>
         <ns0:Name>InvokeTest</ns0:Name>
         <ns0:StepId>4</ns0:StepId>
         <InvokeTest>
            <TestType/>
            <TestSet/>
            <TestDefinition/>
         </InvokeTest>
      </Step>
   </Steps>
</WorkFlow>',
    sysdate,
    user,
    sysdate,
    user,
    1
  );
update fd.workflow set ACTIVE_WORKFLOW_VERSION_ID=102 where WORKFLOW_ID=102; 

--EBS Deploy ADOP

INSERT INTO FD.WORKFLOW
  (
    WORKFLOW_ID,
    WORKFLOW_NAME,
    WORKFLOW_TYPE,
    WORKFLOW_GROUP,
    WORKFLOW_SUBGROUP,
    DESCRIPTION,
    IS_ACTIVE,
    READ_ONLY,
    INTERNAL,
    ACTIVE_WORKFLOW_VERSION_ID,
    CREATED_ON,
    CREATED_BY,
    UPDATED_ON,
    UPDATED_BY,
    VERSION_NUMBER
  )
  VALUES
  (
    103,
    'EBS-Deploy-ADOP',
    'DEPLOY',
    'FlexDeploy(read only)',
    'EBS',
    'EBS Deploy Workflow Using AD Online Patching Phases',
    'Y',
    'Y',
    'N',
    null,
    sysdate,
    user,
    sysdate,
    user,
    1
  );
  
INSERT INTO FD.WORKFLOW_VERSION
  (
    WORKFLOW_VERSION_ID,
    WORKFLOW_ID,
    WORKFLOW_VERSION,
    ACTIVE_COPY,
    CREATED_ON,
    CREATED_BY,
    UPDATED_ON,
    UPDATED_BY,
    VERSION_NUMBER
  )
  VALUES
  (
    103,
    103,
    '1.0',
    'Y',
    sysdate,
    user,
    sysdate,
    user,
    1
  );  
  
INSERT INTO FD.WORKFLOW_VERSION_DATA
  (
    WORKFLOW_VERSION_DATA_ID,
    WORKFLOW_VERSION_ID,
    SEQUENCE_NUMBER,
    WORKFLOW_VERSION_DATA,
    CREATED_ON,
    CREATED_BY,
    UPDATED_ON,
    UPDATED_BY,
    VERSION_NUMBER
  )
  VALUES
  (
    103,
    103,
    0,
    '<?xml version="1.0" encoding="UTF-8"?>
<WorkFlow xmlns="http://flexagon.com/flexdeploy/workflow" xmlns:ns0="http://flexagon.com/flexdeploy/workflow/common">
   <ns0:Name>EBS-Deploy-ADOP</ns0:Name>
   <ns0:Description>EBS Deploy Workflow Using AD Online Patching Phases</ns0:Description>
   <Steps>
      <Step>
         <ns0:Name>Prepare</ns0:Name>
         <ns0:StepId>1</ns0:StepId>
         <InvokePlugin>
            <PluginName>FlexagonEBSPlugin</PluginName>
            <PluginOperation>adopPrepare</PluginOperation>
            <consumesArtifacts>false</consumesArtifacts>
            <producesArtifacts>false</producesArtifacts>
            <PluginInputs/>
            <UserInputs/>
            <PluginOutputs/>
            <UserOutputs/>
         </InvokePlugin>
      </Step>
      <Step>
         <ns0:Name>Deploy</ns0:Name>
         <ns0:StepId>2</ns0:StepId>
         <InvokePlugin>
            <PluginName>FlexagonEBSPlugin</PluginName>
            <PluginOperation>deploy</PluginOperation>
            <consumesArtifacts>false</consumesArtifacts>
            <producesArtifacts>false</producesArtifacts>
            <PluginInputs/>
            <UserInputs/>
            <PluginOutputs>
               <OutputValue>
                  <NameInCallee>FDEBS_OUT_DEPLOYED_FILES_LIST</NameInCallee>
               </OutputValue>
               <OutputValue>
                  <NameInCallee>FDEBS_OUT_SKIPPED_FILES_LIST</NameInCallee>
               </OutputValue>
            </PluginOutputs>
            <UserOutputs/>
         </InvokePlugin>
      </Step>
      <Step>
         <ns0:Name>Finalize</ns0:Name>
         <ns0:StepId>3</ns0:StepId>
         <InvokePlugin>
            <PluginName>FlexagonEBSPlugin</PluginName>
            <PluginOperation>adopFinalize</PluginOperation>
            <consumesArtifacts>false</consumesArtifacts>
            <producesArtifacts>false</producesArtifacts>
            <PluginInputs/>
            <UserInputs/>
            <PluginOutputs/>
            <UserOutputs/>
         </InvokePlugin>
      </Step>
      <Step>
         <ns0:Name>Cutover</ns0:Name>
         <ns0:StepId>4</ns0:StepId>
         <InvokePlugin>
            <PluginName>FlexagonEBSPlugin</PluginName>
            <PluginOperation>adopCutover</PluginOperation>
            <consumesArtifacts>false</consumesArtifacts>
            <producesArtifacts>false</producesArtifacts>
            <PluginInputs/>
            <UserInputs/>
            <PluginOutputs/>
            <UserOutputs/>
         </InvokePlugin>
      </Step>
      <Step>
         <ns0:Name>Cleanup</ns0:Name>
         <ns0:StepId>5</ns0:StepId>
         <InvokePlugin>
            <PluginName>FlexagonEBSPlugin</PluginName>
            <PluginOperation>adopCleanup</PluginOperation>
            <consumesArtifacts>false</consumesArtifacts>
            <producesArtifacts>false</producesArtifacts>
            <PluginInputs>
               <PluginInput>
                  <Name>FDEBS_INP_CLEANUP_OPTION</Name>
                  <ValueType>Text</ValueType>
                  <ns0:Type>String</ns0:Type>
               </PluginInput>
            </PluginInputs>
            <UserInputs/>
            <PluginOutputs/>
            <UserOutputs/>
         </InvokePlugin>
      </Step>
   </Steps>
</WorkFlow>',
    sysdate,
    user,
    sysdate,
    user,
    1
  );
update fd.workflow set ACTIVE_WORKFLOW_VERSION_ID=103 where WORKFLOW_ID=103; 

UPDATE FD.WORKFLOW_VERSION_DATA SET WORKFLOW_VERSION_DATA=
     '<?xml version="1.0" encoding="UTF-8"?>
<WorkFlow xmlns="http://flexagon.com/flexdeploy/workflow" xmlns:ns0="http://flexagon.com/flexdeploy/workflow/common">
   <ns0:Name>EBS-Build</ns0:Name>
   <ns0:Description>Build EBS Objects</ns0:Description>
   <Inputs/>
   <Steps>
       <Step>
         <ns0:Name>Partial Deploy Check</ns0:Name>
         <ns0:StepId>1</ns0:StepId>
         <If>
            <Condition>
               <Expression>FD_IS_PARTIAL_DEPLOY == false</Expression>
            </Condition>
            <Steps>   
              <Step>
                 <ns0:Name>Get Project Source</ns0:Name>
                 <ns0:StepId>1</ns0:StepId>
                 <InvokeWorkflow>
                    <WorkflowName>SCM-ExportSource</WorkflowName>
                    <InputValues/>
                    <OutputValues/>
                 </InvokeWorkflow>
              </Step>
            </Steps>
         </If>
      </Step>              
      <Step>
         <ns0:Name>Build EBS Objects</ns0:Name>
         <ns0:StepId>2</ns0:StepId>
         <InvokePlugin>
            <PluginName>FlexagonEBSPlugin</PluginName>
            <PluginOperation>build</PluginOperation>
            <consumesArtifacts>false</consumesArtifacts>
            <producesArtifacts>false</producesArtifacts>
            <PluginInputs>
               <PluginInput>
                  <Name>FDEBS_INP_INCLUDE_FILES</Name>
                  <ValueType>Expression</ValueType>
                  <ns0:Type>String</ns0:Type>
                  <Value>
                     <Expression></Expression>
                  </Value>
               </PluginInput>
            </PluginInputs>
            <UserInputs/>
            <PluginOutputs/>
            <UserOutputs/>
         </InvokePlugin>
      </Step>
   </Steps>
</WorkFlow>', UPDATED_ON = SYSDATE
WHERE WORKFLOW_VERSION_DATA_ID = 101 AND WORKFLOW_VERSION_ID = 101 AND SEQUENCE_NUMBER = 0;

begin
UPDATE FD.OBJECT_ATTRIBUTE_DEF SET DEFAULTS_SCRIPT=
  'APP_SHORT_NAME=FDEBS_APPLICATION_SHORT_NAME ?: FILE_PATH_PREFIX.split(''/'')[1];   
SOURCE_DIR=FDEBS_WORKFLOWS_ROOT_SOURCE_DIR == null || FDEBS_WORKFLOWS_ROOT_SOURCE_DIR == '''' ? EBSC.FDEBS_WORKFLOWS_ROOT_SOURCE_DIR_DEFAULT : FDEBS_WORKFLOWS_ROOT_SOURCE_DIR;    
SUB_DIR=FILE_PATH_PREFIX.indexOf(SOURCE_DIR) > 0 ? FILE_PATH_PREFIX.substring(FILE_PATH_PREFIX.indexOf(SOURCE_DIR) + SOURCE_DIR.length()) : FILE_PATH_PREFIX;    
TARGET_LOC=FDEBS_WORKFLOWS_ROOT_DESTINATION_DIR ?: ''$'' + APP_SHORT_NAME + ''_TOP/patch/115/xml'';     
TARGET_LOC=TARGET_LOC + ''/'' + SUB_DIR + ''/'';    
return TARGET_LOC.replace(''//'',''/'');', UPDATED_ON = SYSDATE
WHERE OBJECT_ATTR_DEF_ID = 132;

UPDATE FD.OBJECT_ATTRIBUTE_DEF SET DEFAULTS_SCRIPT=
  'APP_SHORT_NAME=FDEBS_APPLICATION_SHORT_NAME ?: FILE_PATH_PREFIX.split(''/'')[1]; ;    
SOURCE_DIR=FDEBS_WORKFLOWS_ROOT_SOURCE_DIR == null || FDEBS_WORKFLOWS_ROOT_SOURCE_DIR == '''' ? EBSC.FDEBS_WORKFLOWS_ROOT_SOURCE_DIR_DEFAULT : FDEBS_WORKFLOWS_ROOT_SOURCE_DIR;    
SUB_DIR=FILE_PATH_PREFIX.indexOf(SOURCE_DIR) > 0 ? FILE_PATH_PREFIX.substring(FILE_PATH_PREFIX.indexOf(SOURCE_DIR) + SOURCE_DIR.length()) : FILE_PATH_PREFIX;    
TARGET_LOC=FDEBS_WORKFLOWS_ROOT_DESTINATION_DIR ?: ''$'' + APP_SHORT_NAME + ''_TOP/patch/115/import'';     
TARGET_LOC=TARGET_LOC + ''/'' + SUB_DIR + ''/'';    
return TARGET_LOC.replace(''//'',''/'');', UPDATED_ON = SYSDATE
WHERE OBJECT_ATTR_DEF_ID = 122;
 
UPDATE FD.OBJECT_ATTRIBUTE_DEF SET DEFAULTS_SCRIPT=
'CLASSPATH_VALUE=FDEBS_WORKFLOW_CLASSPATH != null ?  FDEBS_WORKFLOW_CLASSPATH : '''';
return CLASSPATH_VALUE;', UPDATED_ON = SYSDATE
WHERE OBJECT_ATTR_DEF_ID = 136;

end;
/

begin
update FD.OBJECT_ATTRIBUTE_DEF set DEFAULTS_SCRIPT='if (''SCM''.equals(SOURCE)  &&  FILE_CONTENT != '''' ) {    
	AOL_TYPES=FILE_CONTENT.findAll {it.startsWith(''DEFINE '')};
	if  (AOL_TYPES[0] != null) {
		AOL_TYPE = AOL_TYPES[0].split();
		FD_AOL_TYPES=Arrays.asList(FDC.FD_AOL_TYPES.split()); 
		if(FD_AOL_TYPES.contains(AOL_TYPE[1]))
		{
			return AOL_TYPE[1];
		}
		else
		{
			return ''OTHER'';
		}
	}
}
return ''PROGRAM'';' where OBJECT_ATTR_DEF_ID = 94;
update FD.OBJECT_ATTRIBUTE_DEF set DEFAULTS_SCRIPT='CTL_FILE_LOC=''$FND_TOP/patch/115/import/'';switch (TYPE) {case ''PROGRAM'': CTL_FILE=''afcpprog.lct'';break; case ''FND_LOOKUP_TYPE'': CTL_FILE=''aflvmlu.lct'';break;case ''REQUEST_GROUP'': CTL_FILE=''afcpreqg.lct'';break;case ''FND_ATTACHMENT_FUNCTIONS'': CTL_FILE=''afattach.lct'';break;case ''MENU'': CTL_FILE=''affrmcus.lct'';break;case ''FND_USER'': CTL_FILE=''afscursp.lct'';break;case ''FND_NEW_MESSAGES'': CTL_FILE=''afmdmsg.lct'';break;case [''VALUE_SET'',''KEY_FLEX'',''VALUE_SECURITY_RULE'',''VALUE_ROLLUP_GROUP'',''VALUE_SET_VALUE'',''DESC_FLEX'']: CTL_FILE=''afffload.lct'';break;case ''PROFILE'': CTL_FILE=''afscprof.lct'';break;case [''REQ_SET'',''REQ_SET_LINKS'']: CTL_FILE=''afcprset.lct'';break;case ''FND_RESPONSIBILITY'': CTL_FILE=''afscursp.lct'';break;case ''FND_FORM_CUSTOM_RULES'': CTL_FILE=''affrmcus.lct'';break;case ''FUNCTION'': CTL_FILE=''affrmcus.lct'';break;case ''ALR_ALERTS'': CTL_FILE=''alr.lct'';break;case ''PRINTER'': CTL_FILE=''afcpprnt.lct'';case ''PRINTER_STYLE'': CTL_FILE=''afcppstl.lct'';break;case [''FND_CURRENCY'',''FND_LANGUAGE'',''FND_TERRITORY'',''FND_TABLE'',''FND_VIEW'']: CTL_FILE=''afnls.lct'';break;case ''FND_DOC_SEQUENCE_CATEGORIES'': CTL_FILE=''afsncat.lct'';break;case ''FND_SEQUENCE'': CTL_FILE=''afdict.lct'';break;case ''SCHEDULE'': CTL_FILE=''afcpsch.lct'';break;case [''GRANT'',''FORM'']: CTL_FILE=''afsload.lct'';break;case ''WF_ROLE'': CTL_FILE=''afrole.lct'';break;case ''XDO_DS_DEFINITIONS'': CTL_FILE=''xdotmpl.lct'';CTL_FILE_LOC=''$XDO_TOP/patch/115/import/'';break;case ''JTF_GRID_DATASOURCES'': CTL_FILE=''jtfgrid.lct'';CTL_FILE_LOC=''$JTF_TOP/patch/115/import/'';break;case ''AME_CONDITIONS'':CTL_FILE=''amesconk.lct'';break;case ''AME_APPROVAL_GROUPS'':CTL_FILE=''amesappg.lct'';break;case ''AME_APPROVAL_GROUPS'':CTL_FILE=''amesappg.lct'';break;case ''AME_APPROVAL_GROUP_CONFIG'':CTL_FILE=''amesaagc.lct'';break;case ''AME_RULES'':CTL_FILE=''amesrulk.lct'';break;case ''AME_ACTION_USAGES'':CTL_FILE=''amesactu.lct'';break;case ''AME_CALLING_APPS'':CTL_FILE=''amescvar.lct'';break;case ''AME_ATTRIBUTES'':CTL_FILE=''amesmatt.lct'';break;case ''AME_ATTRIBUTE_USAGES'':CTL_FILE=''amesmatr.lct'';break;default: CTL_FILE='''';};
if(TYPE != null && TYPE.startsWith(''AME_''))
{
	CTL_FILE_LOC=''$PER_TOP/patch/115/import/'';
}
if (FILE_CONTENT != null) {    
	AOL_CTL=FILE_CONTENT.findAll {it.startsWith(''#'') && it.contains(''dbdrv:'')};
	if (AOL_CTL[0] != null) {
		AOL_CTL=AOL_CTL[0].split();
		AOL_CTL=AOL_CTL.findAll{it.endsWith(''.lct'')};
		CTL_FILE=AOL_CTL[0] != '''' ? AOL_CTL[0] : '''';
		if(CTL_FILE != '''')
		{
			CTL_FILE_LOC='''';
		}
	}
}
return CTL_FILE_LOC + CTL_FILE;' where OBJECT_ATTR_DEF_ID = 95;

end;
/

begin
update FD.OBJECT_ATTRIBUTE_DEF set DEFAULTS_SCRIPT='APP_SHORT_NAME=FDEBS_APPLICATION_SHORT_NAME ?:  FILE_PATH_PREFIX.split(''/'')[1];
SOURCE_DIR=FDEBS_SQL_ROOT_SOURCE_DIR == null || FDEBS_SQL_ROOT_SOURCE_DIR == '''' ? EBSC.FDEBS_SQL_ROOT_SOURCE_DIR_DEFAULT + ''/'': FDEBS_SQL_ROOT_SOURCE_DIR;
SUB_DIR=FILE_PATH_PREFIX.indexOf(SOURCE_DIR) > 0 ? FILE_PATH_PREFIX.substring(FILE_PATH_PREFIX.indexOf(SOURCE_DIR) + SOURCE_DIR.length()) : FILE_PATH_PREFIX;
TARGET_LOC=FDEBS_SQL_ROOT_DESTINATION_DIR == null || FDEBS_SQL_ROOT_DESTINATION_DIR == '''' ? ''$'' + APP_SHORT_NAME + ''_TOP/patch/115/sql'' : FDEBS_SQL_ROOT_DESTINATION_DIR;
TARGET_LOC=TARGET_LOC + ''/'' + SUB_DIR + ''/'';
return TARGET_LOC.replace(''//'',''/'');' where OBJECT_ATTR_DEF_ID = 52;

end;
/

begin
update FD.OBJECT_ATTRIBUTE_DEF set DEFAULTS_SCRIPT='APP_SHORT_NAME=FDEBS_APPLICATION_SHORT_NAME ?: FILE_PATH_PREFIX.split(''/'')[1];  
if (''jpx''.equalsIgnoreCase(FILE_EXTENSION)) 
{ 
	SOURCE_DIR=''mds''; 
	TARGET_LOC=''$'' + APP_SHORT_NAME + ''_TOP/mds'';
} 
else 
{ 
	SOURCE_DIR=FDEBS_JAVA_ROOT_SOURCE_DIR == null || FDEBS_JAVA_ROOT_SOURCE_DIR == '''' ? EBSC.FDEBS_JAVA_ROOT_SOURCE_DIR_DEFAULT + ''/'': FDEBS_JAVA_ROOT_SOURCE_DIR; 
	TARGET_LOC=FDEBS_MDS_ROOT_DESTINATION_DIR == null || FDEBS_MDS_ROOT_DESTINATION_DIR == '''' ? ''$'' + APP_SHORT_NAME + ''_TOP/mds/'' : FDEBS_MDS_ROOT_DESTINATION_DIR;
} 
SUB_DIR=FILE_PATH_PREFIX.indexOf(SOURCE_DIR) > 0 ? FILE_PATH_PREFIX.substring(FILE_PATH_PREFIX.indexOf(SOURCE_DIR) + SOURCE_DIR.length()) : FILE_PATH_PREFIX;    
TARGET_LOC=TARGET_LOC + ''/'' + SUB_DIR + ''/'';
return TARGET_LOC.replace(''//'',''/'');' where OBJECT_ATTR_DEF_ID = 22;


update FD.OBJECT_ATTRIBUTE_DEF set DEFAULTS_SCRIPT='APP_SHORT_NAME=FDEBS_APPLICATION_SHORT_NAME ?: FILE_PATH_PREFIX.split(''/'')[1];  
if (''jpx''.equalsIgnoreCase(FILE_EXTENSION)) 
{ 
	SOURCE_DIR=''mds''; 
	ROOT_DIR=''$'' + APP_SHORT_NAME + ''_TOP/mds'';
} 
else 
{ 
	SOURCE_DIR=FDEBS_JAVA_ROOT_SOURCE_DIR == null || FDEBS_JAVA_ROOT_SOURCE_DIR == '''' ? EBSC.FDEBS_JAVA_ROOT_SOURCE_DIR_DEFAULT + ''/'': FDEBS_JAVA_ROOT_SOURCE_DIR; 
	ROOT_DIR=FDEBS_MDS_ROOT_DESTINATION_DIR == null || FDEBS_MDS_ROOT_DESTINATION_DIR == '''' ? ''$'' + APP_SHORT_NAME + ''_TOP/mds/'' : FDEBS_MDS_ROOT_DESTINATION_DIR;
} 
return ROOT_DIR.replace(''//'',''/'');' where OBJECT_ATTR_DEF_ID = 23;

end;
/

begin
Insert into fd.OBJECT_ATTRIBUTE_DEF (OBJECT_ATTR_DEF_ID,OBJECT_TYPE_ID,OBJECT_ATTRIBUTE_CODE,DISPLAY_ORDER,DISPLAY_ROWS,DISPLAY_COLUMNS,ATTRIBUTE_DISPLAY_NAME,DESCRIPTION,IS_EXPRESSION,DEFAULTS_SCRIPT,IS_ACTIVE,DATATYPE,IS_REQUIRED,IS_ENCRYPTED,MIN_VALUE,MAX_VALUE,LENGTH,LIST_DATA,VALIDATOR_SCRIPT,CREATED_ON,CREATED_BY,UPDATED_ON,UPDATED_BY,VERSION_NUMBER,IS_VISIBLE,IS_READONLY) values (146,14,'STAGE_LOCATION',2,1,200,'Stage Location','Object Stage Location','N','APP_SHORT_NAME=FDEBS_APPLICATION_SHORT_NAME ?: FILE_PATH_PREFIX.split(''/'')[1];    
SOURCE_DIR=FDEBS_FORMS_ROOT_SOURCE_DIR == null || FDEBS_FORMS_ROOT_SOURCE_DIR == '''' ? EBSC.FDEBS_FORMS_ROOT_SOURCE_DIR_DEFAULT : FDEBS_FORMS_ROOT_SOURCE_DIR;    
SUB_DIR=FILE_PATH_PREFIX.indexOf(SOURCE_DIR) > 0 ? FILE_PATH_PREFIX.substring(FILE_PATH_PREFIX.indexOf(SOURCE_DIR) + SOURCE_DIR.length()) : FILE_PATH_PREFIX;    
SOURCE_DIR=SOURCE_DIR.endsWith(''/'') ? SOURCE_DIR : SOURCE_DIR + ''/'';    
TARGET_LOC=FDEBS_FORMS_ROOT_STAGE_DIR ?: ''$AU_TOP/forms'';     
TARGET_LOC=TARGET_LOC + ''/'' + SUB_DIR + ''/'';    
return TARGET_LOC.replace(''//'',''/'');','Y','String','N','N',null,null,null,null,null,sysdate,'SYSTEM',sysdate,'SYSTEM',1,'Y',null);


update FD.OBJECT_ATTRIBUTE_DEF set DEFAULTS_SCRIPT='OUT_FILE_EXTENSION= ''LIBRARY''.equals(MODULE_TYPE) ? ''plx'' : ''fmx'';  
STAGE_LOCATION=STAGE_LOCATION == null || STAGE_LOCATION == '''' ? TARGET_LOCATION : STAGE_LOCATION;  
FILE_EXTENSION=FILE_EXTENSION == null || FILE_EXTENSION == '' ? ''pll'' : FILE_EXTENSION;
CMD=''cp $SOURCE_FILE '' + STAGE_LOCATION  + '';\n'';    
CMD=CMD + ''frmcmp_batch module='' + STAGE_LOCATION + FILE_NAME + ''.'' + FILE_EXTENSION +'' output_file='' + TARGET_LOCATION + FILE_NAME + ''.'' + OUT_FILE_EXTENSION + ''  userid=$FDEBS_DB_USER/$FDEBS_DB_PASSWORD module_type='' + MODULE_TYPE + '' compile_all='' + COMPILE_ALL;    
return CMD;' where OBJECT_ATTR_DEF_ID = 145;

end;
/

commit;